2019-06-25 15:59:46,329.6,136.54 M
2019-06-25 15:59:52,399.6,178.09 M
2019-06-25 15:59:58,397.6,220.95 M
2019-06-25 16:00:04,396.6,249.82 M
2019-06-25 16:00:10,396.6,290.83 M
2019-06-25 16:00:16,397.5,319.52 M
2019-06-25 16:00:22,395.70000000000005,360.77 M
2019-06-25 16:00:28,397.6,381.39 M
2019-06-25 16:00:34,398.6,422.59 M
2019-06-25 16:00:40,394.70000000000005,443.21 M
2019-06-25 16:00:47,387.8,468.63 M
2019-06-25 16:00:53,380.6,479.01 M
2019-06-25 16:00:59,374.6,480.95 M
2019-06-25 16:01:05,379.6,489.01 M
2019-06-25 16:01:11,376.6,497.70 M
2019-06-25 16:01:17,374.70000000000005,504.82 M
2019-06-25 16:01:23,371.70000000000005,514.82 M
2019-06-25 16:01:29,360.0,521.95 M
2019-06-25 16:01:35,321.6,641.98 M
2019-06-25 16:01:41,310.6,806.37 M
2019-06-25 16:01:47,321.70000000000005,853.95 M
2019-06-25 16:01:53,338.6,877.38 M
2019-06-25 16:01:59,313.70000000000005,892.09 M
2019-06-25 16:02:05,326.70000000000005,901.18 M
2019-06-25 16:02:11,314.8,907.11 M
2019-06-25 16:02:17,327.70000000000005,912.04 M
2019-06-25 16:02:23,319.6,915.82 M
2019-06-25 16:02:29,331.70000000000005,919.65 M
2019-06-25 16:02:35,324.6,923.05 M
2019-06-25 16:02:41,316.6,927.08 M
2019-06-25 16:02:47,331.70000000000005,930.80 M
2019-06-25 16:02:53,315.8,934.32 M
2019-06-25 16:02:59,307.70000000000005,938.61 M
2019-06-25 16:03:05,316.70000000000005,942.08 M
2019-06-25 16:03:11,314.6,945.95 M
2019-06-25 16:03:17,322.6,880.89 M
2019-06-25 16:03:23,316.70000000000005,880.65 M
2019-06-25 16:03:29,308.8,880.65 M
2019-06-25 16:03:35,316.40000000000003,880.65 M
2019-06-25 16:03:41,320.6,880.65 M
2019-06-25 16:03:47,326.70000000000005,880.65 M
2019-06-25 16:03:53,320.6,883.03 M
2019-06-25 16:03:59,314.6,885.59 M
2019-06-25 16:04:05,323.70000000000005,890.85 M
2019-06-25 16:04:11,332.70000000000005,894.25 M
2019-06-25 16:04:17,328.6,899.23 M
2019-06-25 16:04:23,329.6,902.91 M
2019-06-25 16:04:30,314.70000000000005,906.66 M
2019-06-25 16:04:36,320.70000000000005,910.91 M
2019-06-25 16:04:42,321.6,913.70 M
2019-06-25 16:04:48,343.70000000000005,918.74 M
2019-06-25 16:04:54,312.6,922.44 M
2019-06-25 16:05:00,312.6,925.50 M
2019-06-25 16:05:06,311.70000000000005,929.75 M
2019-06-25 16:05:12,322.70000000000005,933.32 M
2019-06-25 16:05:18,318.6,937.94 M
2019-06-25 16:05:24,327.6,941.82 M
2019-06-25 16:05:30,326.70000000000005,945.61 M
2019-06-25 16:05:36,320.70000000000005,950.36 M
2019-06-25 16:05:42,325.70000000000005,953.97 M
2019-06-25 16:05:48,310.8,883.78 M
2019-06-25 16:05:54,315.70000000000005,883.59 M
2019-06-25 16:06:00,322.8,883.59 M
2019-06-25 16:06:06,322.70000000000005,883.59 M
2019-06-25 16:06:12,333.8,883.59 M
2019-06-25 16:06:18,326.6,883.59 M
2019-06-25 16:06:24,329.70000000000005,885.66 M
2019-06-25 16:06:30,337.70000000000005,888.91 M
2019-06-25 16:06:36,321.6,893.42 M
2019-06-25 16:06:42,313.70000000000005,898.46 M
2019-06-25 16:06:48,319.6,901.61 M
2019-06-25 16:06:54,324.8,904.96 M
2019-06-25 16:07:00,329.8,907.96 M
2019-06-25 16:07:06,319.6,911.46 M
2019-06-25 16:07:12,317.70000000000005,916.46 M
2019-06-25 16:07:18,318.8,919.72 M
2019-06-25 16:07:24,317.70000000000005,925.02 M
2019-06-25 16:07:30,318.70000000000005,927.27 M
2019-06-25 16:07:36,330.6,931.27 M
2019-06-25 16:07:42,322.6,935.77 M
2019-06-25 16:07:48,320.6,939.27 M
2019-06-25 16:07:54,319.70000000000005,943.84 M
2019-06-25 16:08:00,323.70000000000005,946.85 M
2019-06-25 16:08:06,312.6,950.34 M
2019-06-25 16:08:12,316.6,884.07 M
2019-06-25 16:08:18,329.6,884.07 M
2019-06-25 16:08:25,321.6,884.07 M
2019-06-25 16:08:31,320.6,884.07 M
2019-06-25 16:08:37,323.90000000000003,884.07 M
2019-06-25 16:08:43,310.6,884.07 M
2019-06-25 16:08:49,331.6,884.07 M
2019-06-25 16:08:55,332.70000000000005,886.90 M
2019-06-25 16:09:01,334.70000000000005,890.39 M
2019-06-25 16:09:07,317.6,893.51 M
2019-06-25 16:09:13,317.70000000000005,898.88 M
2019-06-25 16:09:19,318.70000000000005,902.12 M
2019-06-25 16:09:25,328.70000000000005,904.00 M
2019-06-25 16:09:31,313.6,908.38 M
2019-06-25 16:09:37,320.1,911.87 M
2019-06-25 16:09:43,326.6,915.66 M
2019-06-25 16:09:49,335.70000000000005,919.12 M
2019-06-25 16:09:55,331.70000000000005,922.87 M
2019-06-25 16:10:01,328.70000000000005,927.12 M
2019-06-25 16:10:07,324.6,930.12 M
2019-06-25 16:10:13,313.6,934.81 M
2019-06-25 16:10:19,322.8,938.63 M
2019-06-25 16:10:25,321.8,942.15 M
2019-06-25 16:10:31,313.6,946.88 M
2019-06-25 16:10:37,331.6,950.62 M
2019-06-25 16:10:43,316.6,881.62 M
2019-06-25 16:10:49,321.6,881.62 M
2019-06-25 16:10:55,317.6,881.62 M
2019-06-25 16:11:01,323.70000000000005,881.62 M
2019-06-25 16:11:07,324.6,881.62 M
2019-06-25 16:11:13,325.6,881.62 M
2019-06-25 16:11:19,321.9,884.12 M
2019-06-25 16:11:25,331.70000000000005,887.26 M
2019-06-25 16:11:31,308.70000000000005,891.75 M
2019-06-25 16:11:37,323.6,895.62 M
2019-06-25 16:11:43,328.8,899.12 M
2019-06-25 16:11:49,326.8,903.38 M
2019-06-25 16:11:55,321.70000000000005,906.62 M
2019-06-25 16:12:01,328.6,911.11 M
2019-06-25 16:12:07,312.6,914.87 M
2019-06-25 16:12:14,295.6,917.62 M
2019-06-25 16:12:20,319.70000000000005,922.37 M
2019-06-25 16:12:26,302.70000000000005,925.73 M
2019-06-25 16:12:32,326.70000000000005,930.43 M
2019-06-25 16:12:38,315.70000000000005,934.38 M
2019-06-25 16:12:44,325.8,937.37 M
2019-06-25 16:12:50,328.9,941.62 M
2019-06-25 16:12:56,320.70000000000005,945.12 M
2019-06-25 16:13:02,333.70000000000005,949.55 M
2019-06-25 16:13:08,316.70000000000005,953.62 M
2019-06-25 16:13:14,308.70000000000005,881.62 M
2019-06-25 16:13:20,301.6,881.62 M
2019-06-25 16:13:26,329.6,881.62 M
2019-06-25 16:13:32,326.6,881.62 M
2019-06-25 16:13:38,329.70000000000005,881.62 M
2019-06-25 16:13:44,369.70000000000005,881.62 M
2019-06-25 16:13:50,378.6,882.88 M
2019-06-25 16:13:56,373.70000000000005,886.18 M
2019-06-25 16:14:02,388.6,889.12 M
2019-06-25 16:14:08,378.70000000000005,892.86 M
2019-06-25 16:14:14,378.70000000000005,896.32 M
2019-06-25 16:14:20,370.6,899.88 M
2019-06-25 16:14:26,370.70000000000005,901.88 M
2019-06-25 16:14:32,380.6,904.19 M
2019-06-25 16:14:38,379.6,907.81 M
2019-06-25 16:14:44,380.70000000000005,910.73 M
2019-06-25 16:14:50,378.7,913.31 M
2019-06-25 16:14:56,370.70000000000005,916.69 M
2019-06-25 16:15:02,370.6,919.59 M
2019-06-25 16:15:08,379.6,922.57 M
2019-06-25 16:15:14,370.6,925.55 M
2019-06-25 16:15:20,367.79999999999995,927.39 M
2019-06-25 16:15:26,376.6,930.06 M
2019-06-25 16:15:33,383.6,932.55 M
2019-06-25 16:15:39,366.6,935.38 M
2019-06-25 16:15:45,376.70000000000005,937.38 M
2019-06-25 16:15:51,378.6,941.38 M
2019-06-25 16:15:57,371.6,880.19 M
2019-06-25 16:16:03,358.8,880.19 M
2019-06-25 16:16:09,372.6,880.19 M
2019-06-25 16:16:15,383.6,880.19 M
2019-06-25 16:16:21,353.70000000000005,880.19 M
2019-06-25 16:16:27,379.70000000000005,880.19 M
2019-06-25 16:16:33,377.70000000000005,880.69 M
2019-06-25 16:16:39,380.6,882.50 M
2019-06-25 16:16:45,367.70000000000005,884.60 M
2019-06-25 16:16:51,397.70000000000005,886.81 M
2019-06-25 16:16:57,396.6,887.06 M
2019-06-25 16:17:03,397.6,887.06 M
2019-06-25 16:17:09,398.6,887.06 M
2019-06-25 16:17:15,398.6,887.06 M
2019-06-25 16:17:21,396.70000000000005,887.06 M
2019-06-25 16:17:27,397.6,887.06 M
2019-06-25 16:17:33,396.70000000000005,887.06 M
2019-06-25 16:17:39,399.6,887.06 M
2019-06-25 16:17:45,398.6,887.06 M
2019-06-25 16:17:51,399.70000000000005,887.06 M
2019-06-25 16:17:57,399.70000000000005,887.06 M
2019-06-25 16:18:03,398.6,887.06 M
2019-06-25 16:18:09,400.6,887.06 M
2019-06-25 16:18:15,398.70000000000005,887.06 M
2019-06-25 16:18:21,396.70000000000005,887.06 M
2019-06-25 16:18:27,392.6,887.06 M
2019-06-25 16:18:34,387.6,895.20 M
2019-06-25 16:18:40,394.70000000000005,908.80 M
2019-06-25 16:18:46,393.70000000000005,920.80 M
2019-06-25 16:18:52,392.9,932.88 M
2019-06-25 16:18:58,393.79999999999995,895.68 M
2019-06-25 16:19:04,390.8,899.74 M
2019-06-25 16:19:10,397.8,902.90 M
2019-06-25 16:19:16,398.70000000000005,902.90 M
2019-06-25 16:19:22,402.3,902.90 M
2019-06-25 16:19:28,398.70000000000005,902.90 M
2019-06-25 16:19:34,398.6,902.90 M
2019-06-25 16:19:40,397.6,902.90 M
2019-06-25 16:19:46,399.6,902.90 M
2019-06-25 16:19:52,399.70000000000005,902.90 M
2019-06-25 16:19:58,398.70000000000005,902.90 M
2019-06-25 16:20:04,399.70000000000005,902.90 M
2019-06-25 16:20:10,398.6,902.99 M
2019-06-25 16:20:16,400.6,902.99 M
2019-06-25 16:20:22,398.70000000000005,902.99 M
2019-06-25 16:20:28,398.6,902.99 M
2019-06-25 16:20:34,398.6,902.99 M
2019-06-25 16:20:40,399.6,902.99 M
2019-06-25 16:20:46,397.6,902.99 M
2019-06-25 16:20:52,397.70000000000005,902.99 M
2019-06-25 16:20:58,399.6,902.99 M
2019-06-25 16:21:04,399.6,902.99 M
2019-06-25 16:21:10,399.6,902.99 M
2019-06-25 16:21:16,399.6,902.99 M
2019-06-25 16:21:22,398.6,902.99 M
2019-06-25 16:21:28,397.6,902.99 M
2019-06-25 16:21:34,397.6,902.99 M
2019-06-25 16:21:40,398.6,902.99 M
2019-06-25 16:21:46,398.6,902.99 M
2019-06-25 16:21:53,399.6,902.99 M
2019-06-25 16:21:59,399.70000000000005,902.99 M
2019-06-25 16:22:05,398.6,902.99 M
2019-06-25 16:22:11,399.6,902.99 M
2019-06-25 16:22:17,398.6,902.99 M
2019-06-25 16:22:23,398.70000000000005,902.99 M
2019-06-25 16:22:29,398.6,902.99 M
2019-06-25 16:22:35,399.6,902.99 M
2019-06-25 16:22:41,396.6,902.99 M
2019-06-25 16:22:47,399.6,902.99 M
2019-06-25 16:22:53,399.6,902.99 M
2019-06-25 16:22:59,398.6,902.99 M
2019-06-25 16:23:05,400.6,902.99 M
2019-06-25 16:23:11,397.70000000000005,902.99 M
2019-06-25 16:23:17,398.6,902.99 M
2019-06-25 16:23:23,398.70000000000005,902.99 M
2019-06-25 16:23:29,398.6,902.99 M
2019-06-25 16:23:35,399.6,902.99 M
2019-06-25 16:23:41,396.70000000000005,902.99 M
2019-06-25 16:23:47,399.6,902.99 M
2019-06-25 16:23:53,399.6,902.99 M
2019-06-25 16:23:59,397.6,902.99 M
2019-06-25 16:24:05,387.8,904.10 M
2019-06-25 16:24:11,392.6,911.64 M
2019-06-25 16:24:17,385.6,921.09 M
2019-06-25 16:24:23,389.6,931.25 M
2019-06-25 16:24:29,384.9,900.03 M
2019-06-25 16:24:35,391.8,900.03 M
2019-06-25 16:24:41,352.9,903.63 M
2019-06-25 16:24:47,286.8,916.07 M
2019-06-25 16:24:53,309.6,920.39 M
2019-06-25 16:24:59,306.9,922.67 M
2019-06-25 16:25:05,298.8,925.70 M
2019-06-25 16:25:11,292.70000000000005,928.73 M
2019-06-25 16:25:17,350.6,931.10 M
2019-06-25 16:25:23,368.70000000000005,934.16 M
2019-06-25 16:25:30,375.6,934.64 M
2019-06-25 16:25:36,370.6,934.64 M
2019-06-25 16:25:42,373.6,934.64 M
2019-06-25 16:25:48,372.6,934.64 M
2019-06-25 16:25:54,377.70000000000005,934.64 M
2019-06-25 16:26:00,367.70000000000005,934.64 M
2019-06-25 16:26:06,368.70000000000005,934.64 M
2019-06-25 16:26:12,373.6,934.64 M
2019-06-25 16:26:18,370.70000000000005,934.64 M
2019-06-25 16:26:24,367.6,934.64 M
2019-06-25 16:26:30,353.6,934.64 M
2019-06-25 16:26:36,361.6,934.64 M
2019-06-25 16:26:42,373.70000000000005,934.64 M
2019-06-25 16:26:48,375.70000000000005,904.64 M
2019-06-25 16:26:54,376.6,904.39 M
2019-06-25 16:27:00,375.6,904.39 M
2019-06-25 16:27:06,369.6,904.39 M
2019-06-25 16:27:12,390.6,904.39 M
2019-06-25 16:27:18,393.6,904.20 M
2019-06-25 16:27:24,398.6,904.20 M
2019-06-25 16:27:30,398.6,904.20 M
2019-06-25 16:27:36,399.5,904.20 M
2019-06-25 16:27:42,394.6,904.20 M
2019-06-25 16:27:48,397.70000000000005,904.20 M
2019-06-25 16:27:54,398.6,904.20 M
2019-06-25 16:28:00,400.70000000000005,904.20 M
2019-06-25 16:28:06,398.6,904.20 M
2019-06-25 16:28:12,397.70000000000005,904.20 M
2019-06-25 16:28:18,400.6,904.20 M
2019-06-25 16:28:24,399.6,904.20 M
2019-06-25 16:28:30,398.6,904.20 M
2019-06-25 16:28:36,399.6,904.20 M
2019-06-25 16:28:42,398.6,904.20 M
2019-06-25 16:28:48,398.6,904.20 M
2019-06-25 16:28:55,400.6,904.20 M
2019-06-25 16:29:01,398.6,904.20 M
2019-06-25 16:29:07,399.70000000000005,904.20 M
2019-06-25 16:29:13,397.6,904.20 M
2019-06-25 16:29:19,399.6,904.20 M
2019-06-25 16:29:25,398.6,904.20 M
2019-06-25 16:29:31,398.6,904.20 M
2019-06-25 16:29:37,398.6,904.20 M
2019-06-25 16:29:43,398.6,904.20 M
2019-06-25 16:29:49,398.6,904.20 M
2019-06-25 16:29:55,397.6,904.20 M
2019-06-25 16:30:01,398.6,904.20 M
2019-06-25 16:30:07,398.70000000000005,904.20 M
2019-06-25 16:30:13,398.6,904.20 M
2019-06-25 16:30:19,400.6,904.20 M
2019-06-25 16:30:25,399.70000000000005,904.20 M
2019-06-25 16:30:31,399.6,904.20 M
2019-06-25 16:30:37,399.6,904.20 M
2019-06-25 16:30:43,395.70000000000005,904.20 M
2019-06-25 16:30:49,399.6,904.20 M
2019-06-25 16:30:55,397.6,904.20 M
2019-06-25 16:31:01,400.70000000000005,904.20 M
2019-06-25 16:31:07,400.6,904.20 M
2019-06-25 16:31:13,398.6,904.20 M
2019-06-25 16:31:19,397.6,904.20 M
2019-06-25 16:31:25,398.6,904.20 M
2019-06-25 16:31:31,397.6,904.20 M
2019-06-25 16:31:37,399.6,904.20 M
2019-06-25 16:31:43,399.6,904.20 M
2019-06-25 16:31:49,399.70000000000005,904.20 M
2019-06-25 16:31:55,398.6,904.20 M
2019-06-25 16:32:01,398.6,904.20 M
2019-06-25 16:32:07,398.6,904.20 M
2019-06-25 16:32:13,400.6,904.20 M
2019-06-25 16:32:20,399.70000000000005,904.20 M
2019-06-25 16:32:26,398.6,904.20 M
2019-06-25 16:32:32,398.6,904.20 M
2019-06-25 16:32:38,399.6,904.20 M
2019-06-25 16:32:44,397.6,904.20 M
2019-06-25 16:32:50,400.6,904.20 M
2019-06-25 16:32:56,387.6,904.20 M
2019-06-25 16:33:02,364.6,904.20 M
2019-06-25 16:33:08,332.70000000000005,904.20 M
2019-06-25 16:33:14,311.6,904.20 M
2019-06-25 16:33:20,334.6,904.20 M
2019-06-25 16:33:26,327.6,904.20 M
2019-06-25 16:33:32,327.6,907.70 M
2019-06-25 16:33:38,333.6,910.71 M
2019-06-25 16:33:44,325.6,914.96 M
2019-06-25 16:33:50,331.70000000000005,918.45 M
2019-06-25 16:33:56,319.6,922.20 M
2019-06-25 16:34:02,323.70000000000005,925.72 M
2019-06-25 16:34:08,323.70000000000005,928.80 M
2019-06-25 16:34:14,315.6,934.16 M
2019-06-25 16:34:20,328.6,937.20 M
2019-06-25 16:34:26,322.6,941.45 M
2019-06-25 16:34:32,329.6,944.96 M
2019-06-25 16:34:38,316.6,948.47 M
2019-06-25 16:34:44,323.70000000000005,953.47 M
2019-06-25 16:34:50,324.70000000000005,956.95 M
2019-06-25 16:34:56,323.8,961.96 M
2019-06-25 16:35:02,308.6,965.21 M
2019-06-25 16:35:08,322.8,967.84 M
2019-06-25 16:35:14,326.6,972.96 M
2019-06-25 16:35:20,328.70000000000005,912.53 M
2019-06-25 16:35:26,334.6,912.45 M
2019-06-25 16:35:32,326.8,912.45 M
2019-06-25 16:35:38,327.6,912.45 M
2019-06-25 16:35:44,324.6,912.45 M
2019-06-25 16:35:50,324.70000000000005,913.20 M
2019-06-25 16:35:56,314.6,916.36 M
2019-06-25 16:36:02,317.6,921.70 M
2019-06-25 16:36:08,329.70000000000005,925.08 M
2019-06-25 16:36:14,311.6,929.81 M
2019-06-25 16:36:21,312.70000000000005,932.95 M
2019-06-25 16:36:27,319.6,935.95 M
2019-06-25 16:36:33,318.70000000000005,940.95 M
2019-06-25 16:36:39,327.40000000000003,944.47 M
2019-06-25 16:36:45,329.70000000000005,949.38 M
2019-06-25 16:36:51,322.8,952.46 M
2019-06-25 16:36:57,313.6,955.26 M
2019-06-25 16:37:03,323.8,960.45 M
2019-06-25 16:37:09,337.8,963.97 M
2019-06-25 16:37:15,321.70000000000005,968.49 M
2019-06-25 16:37:21,327.6,971.70 M
2019-06-25 16:37:27,321.6,974.70 M
2019-06-25 16:37:33,330.70000000000005,979.70 M
2019-06-25 16:37:39,344.6,983.21 M
2019-06-25 16:37:45,318.6,909.23 M
2019-06-25 16:37:51,318.70000000000005,908.98 M
2019-06-25 16:37:57,319.70000000000005,908.98 M
2019-06-25 16:38:03,350.79999999999995,908.98 M
2019-06-25 16:38:09,369.6,908.98 M
2019-06-25 16:38:15,381.70000000000005,910.71 M
2019-06-25 16:38:21,380.70000000000005,914.96 M
2019-06-25 16:38:27,382.79999999999995,919.59 M
2019-06-25 16:38:33,379.6,923.46 M
2019-06-25 16:38:39,381.6,928.14 M
2019-06-25 16:38:45,383.6,931.64 M
2019-06-25 16:38:51,387.70000000000005,937.03 M
2019-06-25 16:38:57,382.6,941.21 M
2019-06-25 16:39:03,388.6,944.74 M
2019-06-25 16:39:09,384.70000000000005,950.07 M
2019-06-25 16:39:15,380.6,954.59 M
2019-06-25 16:39:21,378.6,960.10 M
2019-06-25 16:39:27,385.8,964.16 M
2019-06-25 16:39:33,380.6,968.97 M
2019-06-25 16:39:39,379.6,973.50 M
2019-06-25 16:39:45,388.6,977.54 M
2019-06-25 16:39:51,378.5,907.29 M
2019-06-25 16:39:57,383.6,907.29 M
2019-06-25 16:40:03,374.6,907.29 M
2019-06-25 16:40:10,371.6,907.29 M
2019-06-25 16:40:16,355.70000000000005,908.10 M
2019-06-25 16:40:22,345.6,910.94 M
2019-06-25 16:40:28,317.6,915.11 M
2019-06-25 16:40:34,319.70000000000005,919.97 M
2019-06-25 16:40:40,322.6,923.62 M
2019-06-25 16:40:46,323.8,926.35 M
2019-06-25 16:40:52,334.6,931.36 M
2019-06-25 16:40:58,329.70000000000005,935.10 M
2019-06-25 16:41:04,326.6,938.60 M
2019-06-25 16:41:10,326.70000000000005,941.61 M
2019-06-25 16:41:16,313.6,944.32 M
2019-06-25 16:41:22,319.70000000000005,948.11 M
2019-06-25 16:41:28,323.70000000000005,951.60 M
2019-06-25 16:41:34,314.70000000000005,955.10 M
2019-06-25 16:41:40,324.70000000000005,958.60 M
2019-06-25 16:41:46,331.6,960.95 M
2019-06-25 16:41:52,319.8,965.98 M
2019-06-25 16:41:58,321.70000000000005,969.61 M
2019-06-25 16:42:04,320.70000000000005,973.36 M
2019-06-25 16:42:10,322.70000000000005,978.10 M
2019-06-25 16:42:16,322.70000000000005,911.11 M
2019-06-25 16:42:22,328.6,910.61 M
2019-06-25 16:42:28,321.70000000000005,910.61 M
2019-06-25 16:42:34,327.6,910.61 M
2019-06-25 16:42:40,311.70000000000005,910.61 M
2019-06-25 16:42:46,320.1,910.61 M
2019-06-25 16:42:52,304.70000000000005,912.23 M
2019-06-25 16:42:58,320.70000000000005,917.52 M
2019-06-25 16:43:04,315.6,920.67 M
2019-06-25 16:43:10,316.70000000000005,925.85 M
2019-06-25 16:43:16,318.6,929.11 M
2019-06-25 16:43:22,314.6,932.10 M
2019-06-25 16:43:28,307.70000000000005,936.61 M
2019-06-25 16:43:34,316.6,940.11 M
2019-06-25 16:43:40,326.6,945.00 M
2019-06-25 16:43:46,323.70000000000005,948.60 M
2019-06-25 16:43:52,321.70000000000005,952.36 M
2019-06-25 16:43:58,313.70000000000005,956.11 M
2019-06-25 16:44:04,319.6,959.42 M
2019-06-25 16:44:10,320.6,964.13 M
2019-06-25 16:44:16,312.8,968.11 M
2019-06-25 16:44:23,317.70000000000005,970.61 M
2019-06-25 16:44:29,307.70000000000005,975.35 M
2019-06-25 16:44:35,313.70000000000005,978.86 M
2019-06-25 16:44:41,326.6,983.52 M
2019-06-25 16:44:47,324.6,913.68 M
2019-06-25 16:44:53,333.70000000000005,913.60 M
2019-06-25 16:44:59,321.70000000000005,913.60 M
2019-06-25 16:45:05,318.70000000000005,913.60 M
2019-06-25 16:45:11,318.6,913.60 M
2019-06-25 16:45:17,343.70000000000005,913.60 M
2019-06-25 16:45:23,375.70000000000005,914.60 M
2019-06-25 16:45:29,397.70000000000005,917.35 M
2019-06-25 16:45:35,395.79999999999995,920.86 M
2019-06-25 16:45:41,399.5,924.51 M
2019-06-25 16:45:47,399.6,929.36 M
2019-06-25 16:45:53,397.6,932.61 M
2019-06-25 16:45:59,396.70000000000005,936.74 M
2019-06-25 16:46:05,396.79999999999995,940.85 M
2019-06-25 16:46:11,396.6,944.86 M
2019-06-25 16:46:17,395.6,948.82 M
2019-06-25 16:46:23,397.6,952.97 M
2019-06-25 16:46:29,397.5,956.46 M
2019-06-25 16:46:35,398.6,960.04 M
2019-06-25 16:46:41,398.79999999999995,963.60 M
2019-06-25 16:46:47,394.70000000000005,908.35 M
2019-06-25 16:46:53,396.6,908.35 M
2019-06-25 16:46:59,397.6,908.35 M
2019-06-25 16:47:05,399.6,908.35 M
2019-06-25 16:47:11,398.8,909.85 M
2019-06-25 16:47:17,398.6,913.38 M
2019-06-25 16:47:23,393.6,918.66 M
2019-06-25 16:47:29,397.6,924.16 M
2019-06-25 16:47:35,391.6,929.73 M
2019-06-25 16:47:41,396.6,935.07 M
2019-06-25 16:47:47,395.6,940.67 M
2019-06-25 16:47:53,393.6,946.41 M
2019-06-25 16:48:00,396.6,951.08 M
2019-06-25 16:48:06,396.70000000000005,956.88 M
2019-06-25 16:48:12,388.6,907.91 M
2019-06-25 16:48:18,394.6,907.91 M
2019-06-25 16:48:24,395.6,907.91 M
2019-06-25 16:48:30,396.70000000000005,907.91 M
2019-06-25 16:48:36,396.6,912.42 M
2019-06-25 16:48:42,389.70000000000005,918.03 M
2019-06-25 16:48:48,395.70000000000005,923.91 M
2019-06-25 16:48:54,395.79999999999995,928.91 M
2019-06-25 16:49:00,398.79999999999995,934.22 M
2019-06-25 16:49:06,394.6,939.91 M
2019-06-25 16:49:12,393.6,944.60 M
2019-06-25 16:49:18,395.70000000000005,949.93 M
2019-06-25 16:49:24,395.6,955.16 M
2019-06-25 16:49:30,399.6,958.72 M
2019-06-25 16:49:36,398.6,959.66 M
2019-06-25 16:49:42,399.6,904.16 M
2019-06-25 16:49:48,399.6,904.16 M
2019-06-25 16:49:54,399.6,904.16 M
2019-06-25 16:50:00,398.6,904.16 M
2019-06-25 16:50:06,398.6,904.16 M
2019-06-25 16:50:12,397.6,904.16 M
2019-06-25 16:50:18,399.6,904.16 M
2019-06-25 16:50:24,397.6,904.16 M
2019-06-25 16:50:30,397.6,904.16 M
2019-06-25 16:50:36,400.6,904.16 M
2019-06-25 16:50:42,398.6,904.16 M
2019-06-25 16:50:48,397.6,904.16 M
2019-06-25 16:50:54,399.6,904.16 M
2019-06-25 16:51:00,399.6,904.16 M
2019-06-25 16:51:06,399.6,904.16 M
2019-06-25 16:51:12,400.6,904.16 M
2019-06-25 16:51:18,398.6,904.16 M
2019-06-25 16:51:24,398.6,904.16 M
2019-06-25 16:51:31,399.6,904.16 M
2019-06-25 16:51:37,399.6,904.16 M
2019-06-25 16:51:43,400.6,904.16 M
2019-06-25 16:51:49,399.6,904.16 M
2019-06-25 16:51:55,398.6,904.16 M
2019-06-25 16:52:01,400.6,904.16 M
2019-06-25 16:52:07,399.6,904.16 M
2019-06-25 16:52:13,399.6,904.16 M
2019-06-25 16:52:19,396.6,904.16 M
2019-06-25 16:52:25,400.6,904.16 M
2019-06-25 16:52:31,399.6,904.16 M
2019-06-25 16:52:37,399.6,904.16 M
2019-06-25 16:52:43,399.6,904.16 M
2019-06-25 16:52:49,399.6,904.16 M
2019-06-25 16:52:55,398.6,904.16 M
2019-06-25 16:53:01,399.6,903.66 M
2019-06-25 16:53:07,399.70000000000005,903.66 M
2019-06-25 16:53:13,398.6,903.66 M
2019-06-25 16:53:19,399.6,903.66 M
2019-06-25 16:53:25,399.6,903.66 M
2019-06-25 16:53:31,398.6,903.66 M
2019-06-25 16:53:37,398.6,903.66 M
2019-06-25 16:53:43,399.6,903.66 M
2019-06-25 16:53:49,399.6,903.66 M
2019-06-25 16:53:55,399.6,903.66 M
2019-06-25 16:54:01,398.6,903.66 M
2019-06-25 16:54:07,400.6,903.66 M
2019-06-25 16:54:13,399.6,903.66 M
2019-06-25 16:54:19,398.6,903.41 M
2019-06-25 16:54:25,398.6,903.41 M
2019-06-25 16:54:31,399.6,903.41 M
2019-06-25 16:54:37,398.6,903.41 M
2019-06-25 16:54:43,398.70000000000005,903.41 M
2019-06-25 16:54:49,399.6,903.41 M
2019-06-25 16:54:55,398.6,903.41 M
2019-06-25 16:55:02,398.6,903.41 M
2019-06-25 16:55:08,398.6,903.41 M
2019-06-25 16:55:14,399.6,903.41 M
2019-06-25 16:55:20,400.6,903.41 M
2019-06-25 16:55:26,399.70000000000005,903.41 M
2019-06-25 16:55:32,399.6,903.41 M
2019-06-25 16:55:38,399.6,903.41 M
2019-06-25 16:55:44,401.6,903.41 M
2019-06-25 16:55:50,399.6,903.41 M
2019-06-25 16:55:56,399.6,903.41 M
2019-06-25 16:56:02,400.6,903.41 M
2019-06-25 16:56:08,398.6,903.41 M
2019-06-25 16:56:14,399.6,903.41 M
2019-06-25 16:56:20,399.6,903.41 M
2019-06-25 16:56:26,398.6,903.41 M
2019-06-25 16:56:32,398.6,903.41 M
2019-06-25 16:56:38,400.70000000000005,903.41 M
2019-06-25 16:56:44,398.6,903.41 M
2019-06-25 16:56:50,398.6,903.41 M
2019-06-25 16:56:56,399.6,903.41 M
2019-06-25 16:57:02,398.70000000000005,903.41 M
2019-06-25 16:57:08,398.70000000000005,903.41 M
2019-06-25 16:57:14,398.6,903.41 M
2019-06-25 16:57:20,397.6,903.41 M
2019-06-25 16:57:26,397.30000000000007,903.41 M
2019-06-25 16:57:32,398.70000000000005,903.41 M
2019-06-25 16:57:38,400.6,903.41 M
2019-06-25 16:57:44,398.6,903.41 M
2019-06-25 16:57:50,397.70000000000005,903.41 M
2019-06-25 16:57:56,397.6,903.41 M
2019-06-25 16:58:02,397.6,903.41 M
2019-06-25 16:58:08,398.6,903.41 M
2019-06-25 16:58:14,399.6,903.41 M
2019-06-25 16:58:20,397.6,903.41 M
2019-06-25 16:58:27,399.70000000000005,903.41 M
2019-06-25 16:58:33,399.6,903.41 M
2019-06-25 16:58:39,398.6,903.41 M
2019-06-25 16:58:45,396.6,903.41 M
2019-06-25 16:58:51,398.6,903.41 M
2019-06-25 16:58:57,396.70000000000005,903.41 M
2019-06-25 16:59:03,398.6,903.41 M
2019-06-25 16:59:09,399.70000000000005,903.41 M
2019-06-25 16:59:15,397.70000000000005,903.41 M
2019-06-25 16:59:21,397.6,903.41 M
2019-06-25 16:59:27,398.70000000000005,903.41 M
2019-06-25 16:59:33,398.6,903.41 M
2019-06-25 16:59:39,398.5,903.41 M
2019-06-25 16:59:45,397.70000000000005,903.41 M
2019-06-25 16:59:51,398.70000000000005,903.41 M
2019-06-25 16:59:57,397.70000000000005,903.41 M
2019-06-25 17:00:03,396.6,903.41 M
2019-06-25 17:00:09,401.6,903.41 M
2019-06-25 17:00:15,398.6,903.41 M
2019-06-25 17:00:21,400.5,903.41 M
2019-06-25 17:00:27,398.6,903.41 M
2019-06-25 17:00:33,398.6,903.41 M
2019-06-25 17:00:39,399.5,903.41 M
2019-06-25 17:00:45,399.6,903.41 M
2019-06-25 17:00:51,396.6,903.41 M
2019-06-25 17:00:57,397.6,903.41 M
2019-06-25 17:01:03,396.6,903.41 M
2019-06-25 17:01:09,399.6,903.41 M
2019-06-25 17:01:15,396.6,903.41 M
2019-06-25 17:01:21,399.6,903.41 M
2019-06-25 17:01:27,397.6,903.41 M
2019-06-25 17:01:34,398.70000000000005,903.41 M
2019-06-25 17:01:40,398.6,903.41 M
2019-06-25 17:01:46,398.6,903.41 M
2019-06-25 17:01:52,398.70000000000005,903.41 M
2019-06-25 17:01:58,398.6,903.41 M
2019-06-25 17:02:04,398.70000000000005,903.41 M
2019-06-25 17:02:10,398.6,903.41 M
2019-06-25 17:02:16,398.6,903.41 M
2019-06-25 17:02:22,398.70000000000005,903.41 M
2019-06-25 17:02:28,397.70000000000005,903.41 M
2019-06-25 17:02:34,399.6,903.41 M
2019-06-25 17:02:40,399.6,903.41 M
2019-06-25 17:02:46,397.6,903.41 M
2019-06-25 17:02:52,399.6,903.41 M
2019-06-25 17:02:58,397.6,903.41 M
2019-06-25 17:03:04,398.6,903.41 M
2019-06-25 17:03:10,399.70000000000005,903.41 M
2019-06-25 17:03:16,398.6,903.41 M
2019-06-25 17:03:22,398.70000000000005,903.41 M
2019-06-25 17:03:28,399.6,903.41 M
2019-06-25 17:03:34,400.6,903.41 M
2019-06-25 17:03:40,399.6,903.41 M
2019-06-25 17:03:46,387.6,903.41 M
2019-06-25 17:03:52,393.6,903.41 M
2019-06-25 17:03:58,390.70000000000005,903.41 M
2019-06-25 17:04:04,394.6,903.41 M
2019-06-25 17:04:10,392.6,903.41 M
2019-06-25 17:04:16,392.6,903.41 M
2019-06-25 17:04:22,392.6,903.41 M
2019-06-25 17:04:28,394.6,903.41 M
2019-06-25 17:04:34,390.6,903.41 M
2019-06-25 17:04:40,396.5,903.41 M
2019-06-25 17:04:47,385.70000000000005,903.41 M
2019-06-25 17:04:53,395.70000000000005,903.41 M
2019-06-25 17:04:59,394.6,903.41 M
2019-06-25 17:05:05,396.6,903.41 M
2019-06-25 17:05:11,391.6,903.41 M
2019-06-25 17:05:17,395.6,903.41 M
2019-06-25 17:05:23,394.6,903.41 M
2019-06-25 17:05:29,395.70000000000005,903.41 M
2019-06-25 17:05:35,393.70000000000005,903.41 M
2019-06-25 17:05:41,392.6,903.41 M
2019-06-25 17:05:47,396.70000000000005,903.41 M
2019-06-25 17:05:53,389.6,903.41 M
2019-06-25 17:05:59,391.6,903.41 M
2019-06-25 17:06:05,393.6,903.41 M
2019-06-25 17:06:11,393.6,903.41 M
2019-06-25 17:06:17,398.6,903.41 M
2019-06-25 17:06:23,395.6,903.41 M
2019-06-25 17:06:29,392.6,903.41 M
2019-06-25 17:06:35,392.70000000000005,903.41 M
2019-06-25 17:06:41,385.6,903.41 M
2019-06-25 17:06:47,389.70000000000005,903.41 M
2019-06-25 17:06:53,389.6,903.41 M
2019-06-25 17:06:59,397.6,903.41 M
2019-06-25 17:07:05,394.6,903.41 M
2019-06-25 17:07:11,394.6,903.41 M
2019-06-25 17:07:17,395.6,903.41 M
2019-06-25 17:07:23,396.6,903.41 M
2019-06-25 17:07:29,393.6,903.41 M
2019-06-25 17:07:35,389.6,903.41 M
2019-06-25 17:07:41,392.6,903.41 M
2019-06-25 17:07:47,391.6,903.41 M
2019-06-25 17:07:53,395.6,903.41 M
2019-06-25 17:07:59,397.6,903.41 M
2019-06-25 17:08:05,395.6,903.41 M
2019-06-25 17:08:12,395.70000000000005,903.41 M
2019-06-25 17:08:18,394.70000000000005,903.41 M
2019-06-25 17:08:24,392.6,903.41 M
2019-06-25 17:08:30,396.70000000000005,903.41 M
2019-06-25 17:08:36,389.6,903.41 M
2019-06-25 17:08:42,391.6,903.41 M
2019-06-25 17:08:48,397.6,903.41 M
2019-06-25 17:08:54,392.50000000000006,903.41 M
2019-06-25 17:09:00,397.6,903.41 M
2019-06-25 17:09:06,397.6,903.41 M
2019-06-25 17:09:12,392.6,903.41 M
2019-06-25 17:09:18,396.6,903.41 M
2019-06-25 17:09:24,397.6,903.41 M
2019-06-25 17:09:30,400.6,905.22 M
2019-06-25 17:09:36,391.6,908.54 M
2019-06-25 17:09:42,349.6,910.70 M
2019-06-25 17:09:48,242.8,915.32 M
2019-06-25 17:09:54,270.7,920.90 M
2019-06-25 17:10:00,276.6,927.53 M
2019-06-25 17:10:06,178.9,933.51 M
2019-06-25 17:10:12,249.60000000000002,938.57 M
2019-06-25 17:10:18,256.9,910.95 M
2019-06-25 17:10:24,208.0,910.95 M
2019-06-25 17:10:30,206.7,910.95 M
2019-06-25 17:10:36,276.70000000000005,912.23 M
2019-06-25 17:10:42,279.70000000000005,919.05 M
2019-06-25 17:10:48,277.6,925.21 M
2019-06-25 17:10:54,267.6,931.87 M
2019-06-25 17:11:00,285.8,938.06 M
2019-06-25 17:11:06,280.70000000000005,944.58 M
2019-06-25 17:11:12,278.8,908.95 M
2019-06-25 17:11:18,298.70000000000005,908.95 M
2019-06-25 17:11:24,350.6,908.95 M
2019-06-25 17:11:30,379.5,916.63 M
2019-06-25 17:11:36,378.6,927.14 M
2019-06-25 17:11:42,359.70000000000005,936.93 M
2019-06-25 17:11:49,341.6,946.82 M
2019-06-25 17:11:55,369.6,909.88 M
2019-06-25 17:12:01,365.8,909.88 M
2019-06-25 17:12:07,371.6,918.20 M
2019-06-25 17:12:13,351.6,926.92 M
2019-06-25 17:12:19,361.6,932.50 M
2019-06-25 17:12:25,390.70000000000005,935.86 M
2019-06-25 17:12:31,388.6,938.92 M
2019-06-25 17:12:37,394.70000000000005,942.92 M
2019-06-25 17:12:43,396.70000000000005,945.45 M
2019-06-25 17:12:49,385.70000000000005,948.42 M
2019-06-25 17:12:55,385.6,952.42 M
2019-06-25 17:13:01,396.20000000000005,908.92 M
2019-06-25 17:13:07,395.70000000000005,908.67 M
2019-06-25 17:13:13,313.70000000000005,908.67 M
2019-06-25 17:13:19,298.9,910.34 M
2019-06-25 17:13:25,365.8,918.47 M
2019-06-25 17:13:31,371.70000000000005,928.43 M
2019-06-25 17:13:37,383.70000000000005,938.31 M
2019-06-25 17:13:43,348.6,947.07 M
2019-06-25 17:13:49,375.6,908.77 M
2019-06-25 17:13:55,397.6,908.77 M
2019-06-25 17:14:01,395.6,908.77 M
2019-06-25 17:14:07,396.6,908.77 M
2019-06-25 17:14:13,397.70000000000005,908.77 M
2019-06-25 17:14:19,398.6,908.77 M
2019-06-25 17:14:25,397.6,908.77 M
2019-06-25 17:14:31,399.6,908.77 M
2019-06-25 17:14:37,398.6,908.77 M
2019-06-25 17:14:43,397.6,908.77 M
2019-06-25 17:14:49,400.6,908.77 M
2019-06-25 17:14:55,397.5,908.77 M
2019-06-25 17:15:01,400.6,908.77 M
2019-06-25 17:15:07,400.6,908.77 M
2019-06-25 17:15:13,398.6,908.77 M
2019-06-25 17:15:20,399.6,908.77 M
2019-06-25 17:15:26,398.6,908.77 M
2019-06-25 17:15:32,399.6,908.77 M
2019-06-25 17:15:38,399.70000000000005,908.77 M
2019-06-25 17:15:44,397.70000000000005,908.77 M
2019-06-25 17:15:50,399.6,908.77 M
2019-06-25 17:15:56,398.70000000000005,908.77 M
2019-06-25 17:16:02,398.6,908.77 M
2019-06-25 17:16:08,399.6,908.77 M
2019-06-25 17:16:14,398.6,908.77 M
2019-06-25 17:16:20,398.70000000000005,908.77 M
2019-06-25 17:16:26,393.6,908.77 M
2019-06-25 17:16:32,390.6,908.77 M
2019-06-25 17:16:38,390.6,908.77 M
2019-06-25 17:16:44,391.70000000000005,908.77 M
2019-06-25 17:16:50,379.6,908.77 M
2019-06-25 17:16:56,384.70000000000005,908.77 M
2019-06-25 17:17:02,373.6,909.92 M
2019-06-25 17:17:08,359.6,913.67 M
2019-06-25 17:17:14,380.6,915.79 M
2019-06-25 17:17:20,374.70000000000005,920.30 M
2019-06-25 17:17:26,378.70000000000005,922.92 M
2019-06-25 17:17:32,359.6,925.92 M
2019-06-25 17:17:38,375.6,929.17 M
2019-06-25 17:17:44,380.70000000000005,931.94 M
2019-06-25 17:17:50,385.6,934.88 M
2019-06-25 17:17:56,380.70000000000005,938.82 M
2019-06-25 17:18:02,379.6,941.43 M
2019-06-25 17:18:08,382.70000000000005,944.43 M
2019-06-25 17:18:14,377.70000000000005,947.63 M
2019-06-25 17:18:20,377.6,950.67 M
2019-06-25 17:18:26,381.6,952.47 M
2019-06-25 17:18:32,382.70000000000005,955.32 M
2019-06-25 17:18:38,379.70000000000005,957.67 M
2019-06-25 17:18:44,379.5,960.16 M
2019-06-25 17:18:51,376.70000000000005,962.92 M
2019-06-25 17:18:57,382.79999999999995,964.91 M
2019-06-25 17:19:03,378.70000000000005,968.17 M
2019-06-25 17:19:09,383.6,910.67 M
2019-06-25 17:19:15,385.70000000000005,910.67 M
2019-06-25 17:19:21,381.6,910.67 M
2019-06-25 17:19:27,375.6,910.67 M
2019-06-25 17:19:33,373.70000000000005,910.67 M
2019-06-25 17:19:39,373.6,910.67 M
2019-06-25 17:19:45,381.6,910.67 M
2019-06-25 17:19:51,377.79999999999995,912.95 M
2019-06-25 17:19:57,377.70000000000005,917.42 M
2019-06-25 17:20:03,378.70000000000005,920.20 M
2019-06-25 17:20:09,370.70000000000005,925.30 M
2019-06-25 17:20:15,368.70000000000005,929.02 M
2019-06-25 17:20:21,378.6,932.53 M
2019-06-25 17:20:27,378.70000000000005,937.27 M
2019-06-25 17:20:33,373.6,940.96 M
2019-06-25 17:20:39,370.6,944.50 M
2019-06-25 17:20:45,380.70000000000005,949.44 M
2019-06-25 17:20:51,379.6,952.64 M
2019-06-25 17:20:57,378.6,956.14 M
2019-06-25 17:21:03,368.6,960.84 M
2019-06-25 17:21:09,384.70000000000005,964.51 M
2019-06-25 17:21:15,397.5,967.43 M
2019-06-25 17:21:21,399.70000000000005,967.75 M
2019-06-25 17:21:27,396.6,968.68 M
2019-06-25 17:21:33,395.6,969.89 M
2019-06-25 17:21:39,398.6,971.92 M
2019-06-25 17:21:45,397.6,971.92 M
2019-06-25 17:21:51,398.6,971.92 M
2019-06-25 17:21:57,399.70000000000005,971.92 M
2019-06-25 17:22:04,400.70000000000005,970.50 M
2019-06-25 17:22:10,398.70000000000005,970.50 M
2019-06-25 17:22:16,398.6,970.50 M
2019-06-25 17:22:22,398.6,970.50 M
2019-06-25 17:22:28,397.6,970.50 M
2019-06-25 17:22:34,397.70000000000005,970.50 M
2019-06-25 17:22:40,398.70000000000005,970.50 M
2019-06-25 17:22:46,397.6,970.50 M
2019-06-25 17:22:52,397.6,970.50 M
2019-06-25 17:22:58,398.6,970.50 M
2019-06-25 17:23:04,399.70000000000005,970.50 M
2019-06-25 17:23:10,398.6,970.50 M
2019-06-25 17:23:16,399.70000000000005,970.50 M
2019-06-25 17:23:22,398.6,970.50 M
2019-06-25 17:23:28,397.4,970.50 M
2019-06-25 17:23:34,400.70000000000005,970.50 M
2019-06-25 17:23:40,400.70000000000005,970.50 M
2019-06-25 17:23:46,396.6,970.50 M
2019-06-25 17:23:52,397.6,970.50 M
2019-06-25 17:23:58,398.6,970.50 M
2019-06-25 17:24:04,399.70000000000005,970.50 M
2019-06-25 17:24:10,400.70000000000005,970.50 M
2019-06-25 17:24:16,400.8,970.50 M
2019-06-25 17:24:22,397.6,970.50 M
2019-06-25 17:24:28,398.6,970.50 M
2019-06-25 17:24:34,398.6,970.50 M
2019-06-25 17:24:40,398.70000000000005,970.50 M
2019-06-25 17:24:46,398.6,970.50 M
2019-06-25 17:24:52,399.70000000000005,970.50 M
2019-06-25 17:24:58,396.70000000000005,970.50 M
2019-06-25 17:25:04,399.6,970.50 M
2019-06-25 17:25:11,397.6,970.50 M
2019-06-25 17:25:17,398.6,970.50 M
2019-06-25 17:25:23,399.70000000000005,970.50 M
2019-06-25 17:25:29,398.6,970.50 M
2019-06-25 17:25:35,399.6,970.50 M
2019-06-25 17:25:41,397.6,970.50 M
2019-06-25 17:25:47,397.70000000000005,970.50 M
2019-06-25 17:25:53,389.70000000000005,970.50 M
2019-06-25 17:25:59,385.6,970.98 M
2019-06-25 17:26:05,371.70000000000005,971.77 M
2019-06-25 17:26:11,369.6,973.65 M
2019-06-25 17:26:17,374.70000000000005,978.23 M
2019-06-25 17:26:23,366.70000000000005,909.48 M
2019-06-25 17:26:29,371.5,909.48 M
2019-06-25 17:26:35,372.6,909.48 M
2019-06-25 17:26:41,361.79999999999995,909.48 M
2019-06-25 17:26:47,362.70000000000005,909.48 M
2019-06-25 17:26:53,370.6,910.52 M
2019-06-25 17:26:59,370.6,912.09 M
2019-06-25 17:27:05,375.6,915.49 M
2019-06-25 17:27:11,344.70000000000005,918.13 M
2019-06-25 17:27:17,364.70000000000005,920.68 M
2019-06-25 17:27:23,356.6,923.84 M
2019-06-25 17:27:29,353.70000000000005,928.09 M
2019-06-25 17:27:35,319.70000000000005,931.59 M
2019-06-25 17:27:41,291.70000000000005,935.62 M
2019-06-25 17:27:47,282.70000000000005,941.70 M
2019-06-25 17:27:53,300.6,947.45 M
2019-06-25 17:27:59,293.70000000000005,953.96 M
2019-06-25 17:28:05,298.6,960.09 M
2019-06-25 17:28:11,302.6,966.18 M
2019-06-25 17:28:17,288.70000000000005,912.11 M
2019-06-25 17:28:23,279.8,912.11 M
2019-06-25 17:28:30,296.9,912.11 M
2019-06-25 17:28:36,295.70000000000005,916.34 M
2019-06-25 17:28:42,299.5,922.97 M
2019-06-25 17:28:48,296.70000000000005,929.19 M
2019-06-25 17:28:54,293.6,936.11 M
2019-06-25 17:29:00,282.70000000000005,942.41 M
2019-06-25 17:29:06,300.8,947.24 M
2019-06-25 17:29:12,313.70000000000005,908.18 M
2019-06-25 17:29:18,332.8,908.18 M
2019-06-25 17:29:24,292.70000000000005,908.18 M
2019-06-25 17:29:30,310.6,908.18 M
2019-06-25 17:29:36,308.6,910.77 M
2019-06-25 17:29:42,322.70000000000005,913.19 M
2019-06-25 17:29:48,325.6,915.68 M
2019-06-25 17:29:54,297.8,920.68 M
2019-06-25 17:30:00,336.70000000000005,922.96 M
2019-06-25 17:30:06,314.70000000000005,925.30 M
2019-06-25 17:30:12,303.6,927.94 M
2019-06-25 17:30:18,332.70000000000005,930.43 M
2019-06-25 17:30:24,284.6,932.68 M
2019-06-25 17:30:30,312.70000000000005,935.18 M
2019-06-25 17:30:36,323.70000000000005,938.94 M
2019-06-25 17:30:42,298.70000000000005,941.94 M
2019-06-25 17:30:48,327.70000000000005,944.45 M
2019-06-25 17:30:54,362.70000000000005,947.09 M
2019-06-25 17:31:00,339.79999999999995,950.18 M
2019-06-25 17:31:06,340.70000000000005,952.26 M
2019-06-25 17:31:12,368.70000000000005,955.89 M
2019-06-25 17:31:18,355.8,959.02 M
2019-06-25 17:31:24,343.70000000000005,961.18 M
2019-06-25 17:31:30,364.6,963.95 M
2019-06-25 17:31:36,345.70000000000005,967.75 M
2019-06-25 17:31:42,367.6,970.59 M
2019-06-25 17:31:48,369.6,972.93 M
2019-06-25 17:31:54,372.6,976.18 M
2019-06-25 17:32:00,367.6,977.87 M
2019-06-25 17:32:06,369.70000000000005,983.18 M
2019-06-25 17:32:12,344.70000000000005,985.68 M
2019-06-25 17:32:19,363.6,987.82 M
2019-06-25 17:32:25,371.50000000000006,990.95 M
2019-06-25 17:32:31,364.6,992.69 M
2019-06-25 17:32:37,374.70000000000005,909.79 M
2019-06-25 17:32:43,353.6,909.54 M
2019-06-25 17:32:49,365.70000000000005,909.54 M
2019-06-25 17:32:55,373.6,909.54 M
2019-06-25 17:33:01,368.70000000000005,909.54 M
2019-06-25 17:33:07,363.70000000000005,909.54 M
2019-06-25 17:33:13,351.6,909.85 M
2019-06-25 17:33:19,337.8,913.10 M
2019-06-25 17:33:25,334.70000000000005,917.25 M
2019-06-25 17:33:31,297.6,922.95 M
2019-06-25 17:33:37,293.70000000000005,929.43 M
2019-06-25 17:33:43,300.6,935.88 M
2019-06-25 17:33:49,293.70000000000005,942.47 M
2019-06-25 17:33:55,300.70000000000005,948.64 M
2019-06-25 17:34:01,301.6,954.92 M
2019-06-25 17:34:07,294.6,911.35 M
2019-06-25 17:34:13,287.70000000000005,911.35 M
2019-06-25 17:34:19,300.8,912.38 M
2019-06-25 17:34:25,294.8,918.74 M
2019-06-25 17:34:31,285.8,925.35 M
2019-06-25 17:34:37,296.8,931.39 M
2019-06-25 17:34:43,283.6,938.36 M
2019-06-25 17:34:49,361.70000000000005,945.37 M
2019-06-25 17:34:55,386.70000000000005,910.20 M
2019-06-25 17:35:01,392.70000000000005,910.20 M
2019-06-25 17:35:07,394.6,910.20 M
2019-06-25 17:35:13,395.6,910.95 M
2019-06-25 17:35:19,396.6,916.63 M
2019-06-25 17:35:25,393.6,921.60 M
2019-06-25 17:35:31,397.70000000000005,927.10 M
2019-06-25 17:35:37,394.6,932.23 M
2019-06-25 17:35:44,395.6,937.88 M
2019-06-25 17:35:50,395.79999999999995,943.36 M
2019-06-25 17:35:56,393.6,948.26 M
2019-06-25 17:36:02,393.6,954.07 M
2019-06-25 17:36:08,396.6,959.43 M
2019-06-25 17:36:14,395.6,909.39 M
2019-06-25 17:36:20,398.70000000000005,909.39 M
2019-06-25 17:36:26,397.6,909.39 M
2019-06-25 17:36:32,397.70000000000005,910.87 M
2019-06-25 17:36:38,393.6,916.38 M
2019-06-25 17:36:44,396.6,921.07 M
2019-06-25 17:36:50,394.6,925.09 M
2019-06-25 17:36:56,394.70000000000005,929.82 M
2019-06-25 17:37:02,395.6,932.76 M
2019-06-25 17:37:08,393.6,937.11 M
2019-06-25 17:37:14,395.6,939.58 M
2019-06-25 17:37:20,399.6,943.10 M
2019-06-25 17:37:26,394.70000000000005,945.32 M
2019-06-25 17:37:32,391.6,947.85 M
2019-06-25 17:37:38,396.70000000000005,950.77 M
2019-06-25 17:37:44,396.6,952.97 M
2019-06-25 17:37:50,397.6,953.44 M
2019-06-25 17:37:56,397.6,954.68 M
2019-06-25 17:38:02,398.6,954.68 M
2019-06-25 17:38:08,396.6,955.57 M
2019-06-25 17:38:14,397.6,955.57 M
2019-06-25 17:38:20,400.6,956.84 M
2019-06-25 17:38:26,398.6,956.84 M
2019-06-25 17:38:32,399.70000000000005,956.84 M
2019-06-25 17:38:38,398.6,956.84 M
2019-06-25 17:38:44,399.6,956.84 M
2019-06-25 17:38:50,398.6,956.97 M
2019-06-25 17:38:56,398.6,957.22 M
2019-06-25 17:39:02,398.6,959.41 M
2019-06-25 17:39:09,396.6,961.79 M
2019-06-25 17:39:15,398.6,911.22 M
2019-06-25 17:39:21,396.70000000000005,910.97 M
2019-06-25 17:39:27,396.6,910.97 M
2019-06-25 17:39:33,391.70000000000005,910.97 M
2019-06-25 17:39:39,395.70000000000005,910.97 M
2019-06-25 17:39:45,396.6,910.72 M
2019-06-25 17:39:51,396.70000000000005,912.54 M
2019-06-25 17:39:57,392.70000000000005,915.98 M
2019-06-25 17:40:03,392.70000000000005,920.95 M
2019-06-25 17:40:09,305.70000000000005,927.23 M
2019-06-25 17:40:15,303.0,935.27 M
2019-06-25 17:40:21,384.0,943.12 M
2019-06-25 17:40:27,358.70000000000005,952.27 M
2019-06-25 17:40:33,375.70000000000005,956.22 M
2019-06-25 17:40:39,372.70000000000005,911.53 M
2019-06-25 17:40:45,381.70000000000005,911.53 M
2019-06-25 17:40:51,378.8,911.53 M
2019-06-25 17:40:57,377.6,911.53 M
2019-06-25 17:41:03,382.6,911.53 M
2019-06-25 17:41:09,381.70000000000005,911.53 M
2019-06-25 17:41:15,376.6,914.22 M
2019-06-25 17:41:21,380.6,917.23 M
2019-06-25 17:41:27,380.6,919.48 M
2019-06-25 17:41:33,373.6,921.62 M
2019-06-25 17:41:39,376.6,925.51 M
2019-06-25 17:41:45,375.6,928.22 M
2019-06-25 17:41:51,381.8,929.72 M
2019-06-25 17:41:57,377.6,933.47 M
2019-06-25 17:42:03,385.70000000000005,936.23 M
2019-06-25 17:42:09,385.70000000000005,938.73 M
2019-06-25 17:42:15,379.70000000000005,941.86 M
2019-06-25 17:42:21,384.6,944.55 M
2019-06-25 17:42:27,379.70000000000005,946.19 M
2019-06-25 17:42:34,380.70000000000005,949.51 M
2019-06-25 17:42:40,375.6,951.42 M
2019-06-25 17:42:46,376.6,954.89 M
2019-06-25 17:42:52,382.70000000000005,958.23 M
2019-06-25 17:42:58,379.70000000000005,959.64 M
2019-06-25 17:43:04,383.6,962.72 M
2019-06-25 17:43:10,383.6,964.69 M
2019-06-25 17:43:16,380.6,967.99 M
2019-06-25 17:43:22,391.8,912.72 M
2019-06-25 17:43:28,392.6,912.72 M
2019-06-25 17:43:34,391.70000000000005,912.72 M
2019-06-25 17:43:40,392.6,912.72 M
2019-06-25 17:43:46,395.70000000000005,912.72 M
2019-06-25 17:43:52,397.70000000000005,912.98 M
2019-06-25 17:43:58,397.70000000000005,916.24 M
2019-06-25 17:44:04,400.70000000000005,920.47 M
2019-06-25 17:44:10,397.70000000000005,924.98 M
2019-06-25 17:44:16,397.6,929.13 M
2019-06-25 17:44:22,395.6,933.97 M
2019-06-25 17:44:28,396.6,936.97 M
2019-06-25 17:44:34,397.70000000000005,941.75 M
2019-06-25 17:44:40,397.6,944.97 M
2019-06-25 17:44:46,396.6,948.90 M
2019-06-25 17:44:52,396.6,952.16 M
2019-06-25 17:44:58,398.6,956.22 M
2019-06-25 17:45:04,398.5,959.81 M
2019-06-25 17:45:10,397.70000000000005,963.22 M
2019-06-25 17:45:16,396.6,909.47 M
2019-06-25 17:45:22,385.6,909.47 M
2019-06-25 17:45:28,376.70000000000005,909.47 M
2019-06-25 17:45:34,370.6,909.47 M
2019-06-25 17:45:40,366.70000000000005,909.47 M
2019-06-25 17:45:46,378.6,909.47 M
2019-06-25 17:45:52,384.6,909.47 M
2019-06-25 17:45:58,380.6,909.47 M
2019-06-25 17:46:05,377.4,909.47 M
2019-06-25 17:46:11,373.70000000000005,909.47 M
2019-06-25 17:46:17,371.70000000000005,909.47 M
2019-06-25 17:46:23,367.6,909.47 M
2019-06-25 17:46:29,374.6,909.47 M
2019-06-25 17:46:35,376.6,909.47 M
2019-06-25 17:46:41,367.6,909.47 M
2019-06-25 17:46:47,370.6,909.47 M
2019-06-25 17:46:53,373.6,909.47 M
2019-06-25 17:46:59,378.6,909.47 M
2019-06-25 17:47:05,378.6,909.47 M
2019-06-25 17:47:11,378.6,909.47 M
2019-06-25 17:47:17,375.70000000000005,909.47 M
2019-06-25 17:47:23,379.6,911.63 M
2019-06-25 17:47:29,378.6,915.36 M
2019-06-25 17:47:35,388.6,920.75 M
2019-06-25 17:47:41,392.79999999999995,931.14 M
2019-06-25 17:47:47,367.70000000000005,910.18 M
2019-06-25 17:47:53,370.70000000000005,909.97 M
2019-06-25 17:47:59,364.6,909.97 M
2019-06-25 17:48:05,371.30000000000007,909.97 M
2019-06-25 17:48:11,361.70000000000005,910.47 M
2019-06-25 17:48:17,369.6,913.40 M
2019-06-25 17:48:23,365.6,917.47 M
2019-06-25 17:48:29,366.70000000000005,922.47 M
2019-06-25 17:48:35,363.6,923.55 M
2019-06-25 17:48:41,364.6,927.97 M
2019-06-25 17:48:47,360.70000000000005,929.26 M
2019-06-25 17:48:53,373.6,932.73 M
2019-06-25 17:48:59,346.70000000000005,934.09 M
2019-06-25 17:49:05,321.6,937.71 M
2019-06-25 17:49:11,342.70000000000005,942.27 M
2019-06-25 17:49:17,330.70000000000005,946.51 M
2019-06-25 17:49:23,331.6,951.36 M
2019-06-25 17:49:29,303.8,956.61 M
2019-06-25 17:49:36,293.8,963.10 M
2019-06-25 17:49:42,288.9,911.54 M
2019-06-25 17:49:48,292.8,911.54 M
2019-06-25 17:49:54,296.6,911.54 M
2019-06-25 17:50:00,301.70000000000005,913.09 M
2019-06-25 17:50:06,257.7,919.61 M
2019-06-25 17:50:12,273.7,925.73 M
2019-06-25 17:50:18,278.6,931.91 M
2019-06-25 17:50:24,238.60000000000002,938.09 M
2019-06-25 17:50:30,284.6,943.52 M
2019-06-25 17:50:36,300.6,910.84 M
2019-06-25 17:50:42,314.70000000000005,910.84 M
2019-06-25 17:50:48,373.6,910.59 M
2019-06-25 17:50:54,361.79999999999995,913.61 M
2019-06-25 17:51:00,367.70000000000005,917.96 M
2019-06-25 17:51:06,372.8,922.58 M
2019-06-25 17:51:12,379.70000000000005,926.04 M
2019-06-25 17:51:18,377.6,930.21 M
2019-06-25 17:51:24,386.6,934.73 M
2019-06-25 17:51:30,346.6,938.85 M
2019-06-25 17:51:36,282.70000000000005,942.59 M
2019-06-25 17:51:42,0.0,944.84 M
2019-06-25 17:51:48,0.0,944.84 M
2019-06-25 17:51:54,0.0,944.84 M
2019-06-25 17:52:00,0.0,944.84 M
2019-06-25 17:52:06,0.0,944.84 M
2019-06-25 17:52:12,0.0,944.84 M
2019-06-25 17:52:18,0.0,944.84 M
2019-06-25 17:52:24,0.0,944.84 M
2019-06-25 17:52:30,0.0,944.84 M
2019-06-25 17:52:36,0.0,944.84 M
2019-06-25 17:52:42,0.0,944.84 M
2019-06-25 17:52:48,0.0,944.84 M
2019-06-25 17:52:54,0.0,944.84 M
2019-06-25 17:53:00,0.0,944.84 M
2019-06-25 17:53:06,0.0,944.84 M
2019-06-25 17:53:12,0.0,944.84 M
2019-06-25 17:53:18,0.0,944.84 M
2019-06-25 17:53:24,0.0,944.84 M
2019-06-25 17:53:30,0.0,944.84 M
2019-06-25 17:53:37,0.0,944.84 M
2019-06-25 17:53:43,0.0,944.84 M
2019-06-25 17:53:49,0.0,944.84 M
2019-06-25 17:53:55,0.0,944.84 M
2019-06-25 17:54:01,0.0,944.84 M
2019-06-25 17:54:07,0.0,944.84 M
2019-06-25 17:54:13,0.0,944.84 M
2019-06-25 17:54:19,0.0,944.84 M
2019-06-25 17:54:25,1.0,944.84 M
2019-06-25 17:54:31,0.0,944.84 M
2019-06-25 17:54:37,0.0,944.84 M
2019-06-25 17:54:43,0.0,944.84 M
2019-06-25 17:54:49,0.0,944.84 M
2019-06-25 17:54:55,0.0,944.84 M
2019-06-25 17:55:01,0.0,944.84 M
2019-06-25 17:55:07,0.0,944.84 M
2019-06-25 17:55:13,0.0,944.84 M
2019-06-25 17:55:19,0.0,944.84 M
2019-06-25 17:55:25,0.0,944.84 M
2019-06-25 17:55:31,0.0,944.84 M
2019-06-25 17:55:37,0.0,944.84 M
2019-06-25 17:55:43,1.0,944.84 M
2019-06-25 17:55:49,0.0,944.84 M
2019-06-25 17:55:55,0.0,944.84 M
2019-06-25 17:56:01,0.0,944.84 M
2019-06-25 17:56:07,0.0,944.84 M
2019-06-25 17:56:13,0.0,944.84 M
2019-06-25 17:56:19,0.0,944.84 M
2019-06-25 17:56:25,0.0,944.84 M
2019-06-25 17:56:31,0.0,944.84 M
2019-06-25 17:56:37,0.0,944.84 M
2019-06-25 17:56:44,0.0,944.84 M
