2019-06-04 01:19:28,1.73 G,10.07 G,0.00 B,1.11 K
2019-06-04 01:19:30,1.73 G,10.07 G,16.78 K,708.36 K
2019-06-04 01:19:32,1.73 G,10.07 G,32.10 K,2.42 M
2019-06-04 01:19:34,1.73 G,10.07 G,0.00 B,1.17 K
2019-06-04 01:19:36,1.73 G,10.07 G,0.00 B,903.00 B
2019-06-04 01:19:38,1.73 G,10.07 G,26.76 K,1.38 M
2019-06-04 01:19:40,1.73 G,10.08 G,39.08 K,2.36 M
2019-06-04 01:19:42,1.73 G,10.08 G,0.00 B,396.00 B
2019-06-04 01:19:44,1.73 G,10.08 G,0.00 B,708.00 B
2019-06-04 01:19:46,1.73 G,10.08 G,43.06 K,1.91 M
2019-06-04 01:19:48,1.73 G,10.09 G,47.96 K,2.39 M
2019-06-04 01:19:50,1.73 G,10.09 G,34.42 K,2.42 M
2019-06-04 01:19:52,1.73 G,10.10 G,31.58 K,2.41 M
2019-06-04 01:19:54,1.73 G,10.10 G,30.87 K,2.41 M
2019-06-04 01:19:56,1.73 G,10.11 G,19.08 K,1.69 M
2019-06-04 01:19:58,1.73 G,10.11 G,0.00 B,1.01 K
2019-06-04 01:20:00,1.73 G,10.11 G,0.00 B,1.07 K
2019-06-04 01:20:02,1.73 G,10.11 G,0.00 B,396.00 B
2019-06-04 01:20:04,1.73 G,10.11 G,0.00 B,756.00 B
2019-06-04 01:20:06,1.73 G,10.11 G,0.00 B,600.00 B
2019-06-04 01:20:08,1.73 G,10.11 G,0.00 B,351.00 B
2019-06-04 01:20:10,1.73 G,10.11 G,15.37 K,627.73 K
2019-06-04 01:20:12,1.73 G,10.11 G,0.00 B,120.00 B
2019-06-04 01:20:14,1.73 G,10.11 G,7.88 K,392.55 K
2019-06-04 01:20:16,1.73 G,10.11 G,41.51 K,2.41 M
2019-06-04 01:20:18,1.73 G,10.12 G,0.00 B,756.00 B
2019-06-04 01:20:20,1.73 G,10.12 G,84.00 B,1.57 K
2019-06-04 01:20:22,1.73 G,10.12 G,0.00 B,276.00 B
2019-06-04 01:20:24,1.73 G,10.12 G,22.24 K,1.14 M
2019-06-04 01:20:26,1.73 G,10.12 G,35.64 K,2.42 M
2019-06-04 01:20:28,1.73 G,10.13 G,44.86 K,2.43 M
2019-06-04 01:20:30,1.73 G,10.13 G,46.60 K,2.42 M
2019-06-04 01:20:32,1.73 G,10.13 G,0.00 B,1.01 K
2019-06-04 01:20:34,1.73 G,10.13 G,0.00 B,384.00 B
2019-06-04 01:20:36,1.73 G,10.13 G,29.26 K,2.40 M
2019-06-04 01:20:38,1.73 G,10.14 G,29.74 K,2.39 M
2019-06-04 01:20:40,1.73 G,10.14 G,11.02 K,841.81 K
2019-06-04 01:20:42,1.73 G,10.14 G,0.00 B,768.00 B
2019-06-04 01:20:44,1.73 G,10.14 G,20.16 K,735.45 K
2019-06-04 01:20:46,1.73 G,10.15 G,30.30 K,2.35 M
2019-06-04 01:20:48,1.73 G,10.15 G,32.94 K,2.40 M
2019-06-04 01:20:50,1.73 G,10.16 G,56.58 K,1.12 M
2019-06-04 01:20:52,1.73 G,10.16 G,71.63 K,1.44 M
2019-06-04 01:20:54,1.73 G,10.16 G,47.77 K,983.07 K
2019-06-04 01:20:56,1.73 G,10.16 G,69.00 K,1.40 M
2019-06-04 01:20:58,1.73 G,10.17 G,81.17 K,1.63 M
2019-06-04 01:21:00,1.73 G,10.17 G,68.08 K,1.33 M
2019-06-04 01:21:02,1.73 G,10.17 G,53.80 K,1.09 M
2019-06-04 01:21:04,1.73 G,10.17 G,76.00 K,1.55 M
2019-06-04 01:21:06,1.73 G,10.18 G,81.59 K,1.66 M
2019-06-04 01:21:08,1.73 G,10.18 G,82.35 K,1.67 M
2019-06-04 01:21:10,1.73 G,10.18 G,76.60 K,1.58 M
2019-06-04 01:21:12,1.73 G,10.19 G,69.25 K,1.42 M
2019-06-04 01:21:14,1.73 G,10.19 G,72.67 K,1.47 M
2019-06-04 01:21:16,1.73 G,10.19 G,66.39 K,1.29 M
2019-06-04 01:21:18,1.73 G,10.19 G,82.97 K,1.65 M
2019-06-04 01:21:20,1.73 G,10.20 G,65.82 K,1.29 M
2019-06-04 01:21:22,1.73 G,10.20 G,83.67 K,1.70 M
2019-06-04 01:21:24,1.73 G,10.20 G,85.21 K,1.72 M
2019-06-04 01:21:26,1.73 G,10.21 G,70.43 K,1.43 M
2019-06-04 01:21:28,1.73 G,10.21 G,50.02 K,1.00 M
2019-06-04 01:21:30,1.73 G,10.21 G,70.44 K,1.45 M
2019-06-04 01:21:32,1.73 G,10.21 G,68.57 K,1.38 M
2019-06-04 01:21:35,1.73 G,10.22 G,52.07 K,1.05 M
2019-06-04 01:21:37,1.73 G,10.22 G,87.10 K,1.78 M
2019-06-04 01:21:39,1.73 G,10.22 G,75.98 K,1.57 M
2019-06-04 01:21:41,1.73 G,10.22 G,76.07 K,1.53 M
2019-06-04 01:21:43,1.73 G,10.23 G,68.76 K,1.41 M
2019-06-04 01:21:45,1.73 G,10.23 G,81.44 K,1.62 M
2019-06-04 01:21:47,1.73 G,10.23 G,79.15 K,1.56 M
2019-06-04 01:21:49,1.73 G,10.24 G,77.15 K,1.60 M
2019-06-04 01:21:51,1.73 G,10.24 G,79.45 K,1.63 M
2019-06-04 01:21:53,1.73 G,10.24 G,52.92 K,1.07 M
2019-06-04 01:21:55,1.73 G,10.24 G,29.75 K,573.86 K
2019-06-04 01:21:57,1.73 G,10.25 G,81.42 K,1.70 M
2019-06-04 01:21:59,1.73 G,10.25 G,81.30 K,1.67 M
2019-06-04 01:22:01,1.73 G,10.25 G,84.80 K,1.76 M
2019-06-04 01:22:03,1.73 G,10.26 G,97.89 K,1.88 M
2019-06-04 01:22:05,1.73 G,10.26 G,83.27 K,1.74 M
2019-06-04 01:22:07,1.73 G,10.26 G,87.55 K,1.74 M
2019-06-04 01:22:09,1.73 G,10.27 G,77.60 K,1.56 M
2019-06-04 01:22:11,1.73 G,10.27 G,75.13 K,1.56 M
2019-06-04 01:22:13,1.73 G,10.27 G,82.13 K,1.66 M
2019-06-04 01:22:15,1.73 G,10.28 G,65.88 K,1.31 M
2019-06-04 01:22:17,1.73 G,10.28 G,84.15 K,1.71 M
2019-06-04 01:22:19,1.73 G,10.28 G,63.63 K,1.28 M
2019-06-04 01:22:21,1.74 G,10.29 G,81.26 K,1.65 M
2019-06-04 01:22:23,1.74 G,10.29 G,73.75 K,1.51 M
2019-06-04 01:22:25,1.74 G,10.29 G,75.66 K,1.54 M
2019-06-04 01:22:27,1.74 G,10.29 G,66.33 K,1.33 M
2019-06-04 01:22:29,1.74 G,10.30 G,15.32 K,308.35 K
2019-06-04 01:22:31,1.74 G,10.30 G,77.62 K,1.57 M
2019-06-04 01:22:33,1.74 G,10.30 G,80.61 K,1.67 M
2019-06-04 01:22:35,1.74 G,10.30 G,70.27 K,1.44 M
2019-06-04 01:22:37,1.74 G,10.31 G,57.69 K,1.20 M
2019-06-04 01:22:39,1.74 G,10.31 G,0.00 B,384.00 B
2019-06-04 01:22:41,1.74 G,10.31 G,0.00 B,324.00 B
2019-06-04 01:22:43,1.74 G,10.31 G,0.00 B,660.00 B
2019-06-04 01:22:45,1.74 G,10.31 G,0.00 B,984.00 B
2019-06-04 01:22:47,1.74 G,10.31 G,8.48 K,344.45 K
2019-06-04 01:22:49,1.74 G,10.31 G,0.00 B,708.00 B
2019-06-04 01:22:51,1.74 G,10.31 G,0.00 B,1.05 K
2019-06-04 01:22:53,1.74 G,10.31 G,39.97 K,2.33 M
2019-06-04 01:22:55,1.74 G,10.32 G,39.64 K,2.42 M
2019-06-04 01:22:57,1.74 G,10.32 G,38.31 K,2.39 M
2019-06-04 01:22:59,1.74 G,10.32 G,91.20 K,1.79 M
2019-06-04 01:23:01,1.74 G,10.33 G,86.83 K,1.76 M
2019-06-04 01:23:03,1.74 G,10.33 G,85.84 K,1.74 M
2019-06-04 01:23:05,1.74 G,10.33 G,86.38 K,1.75 M
2019-06-04 01:23:07,1.74 G,10.34 G,81.97 K,1.67 M
2019-06-04 01:23:09,1.74 G,10.34 G,38.24 K,783.20 K
2019-06-04 01:23:11,1.74 G,10.34 G,85.86 K,1.74 M
2019-06-04 01:23:13,1.74 G,10.35 G,90.54 K,1.79 M
2019-06-04 01:23:15,1.74 G,10.35 G,90.88 K,1.84 M
2019-06-04 01:23:17,1.74 G,10.35 G,81.75 K,1.65 M
2019-06-04 01:23:19,1.74 G,10.36 G,78.41 K,1.59 M
2019-06-04 01:23:21,1.74 G,10.36 G,79.82 K,1.63 M
2019-06-04 01:23:23,1.74 G,10.36 G,82.05 K,1.69 M
2019-06-04 01:23:25,1.74 G,10.37 G,77.88 K,1.61 M
2019-06-04 01:23:27,1.74 G,10.37 G,86.23 K,1.72 M
2019-06-04 01:23:29,1.74 G,10.37 G,79.62 K,1.62 M
2019-06-04 01:23:31,1.74 G,10.38 G,75.44 K,1.48 M
2019-06-04 01:23:33,1.74 G,10.38 G,71.92 K,1.46 M
2019-06-04 01:23:35,1.74 G,10.38 G,81.46 K,1.68 M
2019-06-04 01:23:37,1.74 G,10.38 G,38.10 K,815.49 K
2019-06-04 01:23:39,1.74 G,10.38 G,73.00 B,1.25 K
2019-06-04 01:23:41,1.74 G,10.38 G,0.00 B,984.00 B
2019-06-04 01:23:43,1.74 G,10.38 G,0.00 B,924.00 B
2019-06-04 01:23:45,1.74 G,10.38 G,0.00 B,1.11 K
2019-06-04 01:23:47,1.74 G,10.39 G,33.55 K,1.73 M
2019-06-04 01:23:49,1.74 G,10.39 G,73.06 K,1.68 M
2019-06-04 01:23:51,1.74 G,10.39 G,0.00 B,648.00 B
2019-06-04 01:23:53,1.74 G,10.39 G,0.00 B,1.23 K
2019-06-04 01:23:55,1.74 G,10.39 G,39.94 K,2.36 M
2019-06-04 01:23:57,1.74 G,10.40 G,34.70 K,2.40 M
2019-06-04 01:23:59,1.74 G,10.40 G,43.49 K,910.37 K
2019-06-04 01:24:01,1.74 G,10.40 G,0.00 B,324.00 B
2019-06-04 01:24:03,1.74 G,10.40 G,0.00 B,732.00 B
2019-06-04 01:24:05,1.74 G,10.40 G,0.00 B,288.00 B
2019-06-04 01:24:07,1.74 G,10.40 G,3.01 K,69.15 K
2019-06-04 01:24:09,1.74 G,10.40 G,56.38 K,1.01 M
2019-06-04 01:24:11,1.74 G,10.41 G,72.87 K,1.46 M
2019-06-04 01:24:13,1.74 G,10.41 G,78.68 K,1.64 M
2019-06-04 01:24:15,1.74 G,10.41 G,69.10 K,1.33 M
2019-06-04 01:24:17,1.74 G,10.41 G,79.72 K,1.62 M
2019-06-04 01:24:19,1.74 G,10.42 G,80.04 K,1.65 M
2019-06-04 01:24:21,1.74 G,10.42 G,88.14 K,1.81 M
2019-06-04 01:24:23,1.74 G,10.42 G,75.51 K,1.55 M
2019-06-04 01:24:25,1.74 G,10.43 G,80.58 K,1.69 M
2019-06-04 01:24:27,1.74 G,10.43 G,79.51 K,1.66 M
2019-06-04 01:24:29,1.74 G,10.43 G,78.40 K,1.58 M
2019-06-04 01:24:31,1.74 G,10.44 G,73.15 K,1.49 M
2019-06-04 01:24:33,1.74 G,10.44 G,80.38 K,1.66 M
2019-06-04 01:24:35,1.74 G,10.44 G,77.34 K,1.59 M
2019-06-04 01:24:37,1.74 G,10.45 G,71.64 K,1.46 M
2019-06-04 01:24:40,1.74 G,10.45 G,68.22 K,1.41 M
2019-06-04 01:24:42,1.74 G,10.45 G,74.78 K,1.49 M
2019-06-04 01:24:44,1.74 G,10.45 G,67.00 K,1.40 M
2019-06-04 01:24:46,1.74 G,10.46 G,73.93 K,1.59 M
2019-06-04 01:24:48,1.74 G,10.46 G,75.15 K,1.57 M
2019-06-04 01:24:50,1.74 G,10.46 G,68.27 K,1.38 M
2019-06-04 01:24:52,1.74 G,10.47 G,75.06 K,1.54 M
2019-06-04 01:24:54,1.74 G,10.47 G,74.02 K,1.56 M
2019-06-04 01:24:56,1.74 G,10.47 G,76.65 K,1.57 M
2019-06-04 01:24:58,1.74 G,10.48 G,72.66 K,1.54 M
2019-06-04 01:25:00,1.74 G,10.48 G,71.70 K,1.49 M
2019-06-04 01:25:02,1.74 G,10.48 G,68.35 K,1.38 M
2019-06-04 01:25:04,1.74 G,10.48 G,1.68 K,45.98 K
2019-06-04 01:25:06,1.74 G,10.48 G,0.00 B,1.07 K
2019-06-04 01:25:08,1.74 G,10.48 G,3.50 K,82.24 K
2019-06-04 01:25:10,1.74 G,10.48 G,0.00 B,752.00 B
2019-06-04 01:25:12,1.74 G,10.48 G,0.00 B,1.22 K
2019-06-04 01:25:14,1.74 G,10.49 G,40.67 K,2.20 M
2019-06-04 01:25:16,1.74 G,10.49 G,33.39 K,2.40 M
2019-06-04 01:25:18,1.74 G,10.50 G,32.74 K,2.42 M
2019-06-04 01:25:20,1.74 G,10.50 G,37.38 K,2.43 M
2019-06-04 01:25:22,1.74 G,10.51 G,30.88 K,2.41 M
2019-06-04 01:25:24,1.74 G,10.51 G,19.51 K,1.37 M
2019-06-04 01:25:26,1.74 G,10.51 G,0.00 B,384.00 B
2019-06-04 01:25:28,1.74 G,10.51 G,0.00 B,924.00 B
2019-06-04 01:25:30,1.74 G,10.51 G,0.00 B,180.00 B
2019-06-04 01:25:32,1.74 G,10.51 G,9.83 K,259.55 K
2019-06-04 01:25:34,1.74 G,10.51 G,0.00 B,276.00 B
2019-06-04 01:25:36,1.74 G,10.51 G,0.00 B,432.00 B
2019-06-04 01:25:38,1.74 G,10.51 G,33.90 K,2.42 M
2019-06-04 01:25:40,1.74 G,10.52 G,39.40 K,2.43 M
2019-06-04 01:25:42,1.74 G,10.52 G,36.94 K,2.39 M
2019-06-04 01:25:44,1.74 G,10.52 G,0.00 B,492.00 B
2019-06-04 01:25:46,1.74 G,10.52 G,0.00 B,720.00 B
2019-06-04 01:25:48,1.74 G,10.52 G,0.00 B,1.22 K
2019-06-04 01:25:50,1.74 G,10.52 G,0.00 B,1.05 K
2019-06-04 01:25:52,1.74 G,10.53 G,55.62 K,1.96 M
2019-06-04 01:25:54,1.74 G,10.53 G,70.17 K,1.37 M
2019-06-04 01:25:56,1.74 G,10.53 G,71.10 K,1.47 M
2019-06-04 01:25:58,1.74 G,10.54 G,82.31 K,1.68 M
2019-06-04 01:26:00,1.74 G,10.54 G,80.35 K,1.64 M
2019-06-04 01:26:02,1.75 G,10.54 G,77.17 K,1.63 M
2019-06-04 01:26:04,1.75 G,10.55 G,72.35 K,1.52 M
2019-06-04 01:26:06,1.75 G,10.55 G,0.00 B,660.00 B
2019-06-04 01:26:08,1.75 G,10.55 G,0.00 B,708.00 B
2019-06-04 01:26:10,1.75 G,10.55 G,45.01 K,1.74 M
2019-06-04 01:26:12,1.75 G,10.55 G,42.17 K,2.42 M
2019-06-04 01:26:14,1.75 G,10.56 G,42.03 K,2.40 M
2019-06-04 01:26:16,1.75 G,10.56 G,7.41 K,567.16 K
2019-06-04 01:26:18,1.75 G,10.56 G,0.00 B,660.00 B
2019-06-04 01:26:20,1.75 G,10.56 G,2.70 K,5.79 K
2019-06-04 01:26:22,1.75 G,10.56 G,193.00 B,1.18 K
2019-06-04 01:26:24,1.75 G,10.56 G,19.23 K,896.28 K
2019-06-04 01:26:26,1.75 G,10.57 G,44.79 K,2.42 M
2019-06-04 01:26:28,1.75 G,10.57 G,38.17 K,2.40 M
2019-06-04 01:26:30,1.75 G,10.58 G,41.12 K,2.42 M
2019-06-04 01:26:32,1.75 G,10.58 G,46.79 K,2.44 M
2019-06-04 01:26:34,1.75 G,10.58 G,14.58 K,292.90 K
2019-06-04 01:26:36,1.75 G,10.58 G,0.00 B,492.00 B
2019-06-04 01:26:38,1.75 G,10.58 G,22.18 K,686.71 K
2019-06-04 01:26:40,1.75 G,10.59 G,47.12 K,2.41 M
2019-06-04 01:26:42,1.75 G,10.59 G,48.62 K,2.40 M
2019-06-04 01:26:44,1.75 G,10.60 G,42.60 K,2.41 M
2019-06-04 01:26:46,1.75 G,10.60 G,0.00 B,600.00 B
2019-06-04 01:26:48,1.75 G,10.60 G,0.00 B,972.00 B
2019-06-04 01:26:50,1.75 G,10.60 G,0.00 B,1.01 K
2019-06-04 01:26:52,1.75 G,10.60 G,0.00 B,0.00 B
2019-06-04 01:26:54,1.75 G,10.60 G,17.14 K,926.20 K
2019-06-04 01:26:56,1.75 G,10.60 G,0.00 B,108.00 B
2019-06-04 01:26:58,1.75 G,10.60 G,42.00 B,168.00 B
2019-06-04 01:27:00,1.75 G,10.60 G,80.69 K,1.68 M
2019-06-04 01:27:02,1.75 G,10.60 G,0.00 B,1.59 K
2019-06-04 01:27:04,1.75 G,10.60 G,0.00 B,492.00 B
2019-06-04 01:27:06,1.75 G,10.61 G,36.44 K,1.75 M
2019-06-04 01:27:08,1.75 G,10.61 G,36.93 K,2.43 M
2019-06-04 01:27:10,1.75 G,10.62 G,36.35 K,2.42 M
2019-06-04 01:27:12,1.75 G,10.62 G,19.40 K,1.25 M
2019-06-04 01:27:14,1.75 G,10.62 G,0.00 B,1.16 K
2019-06-04 01:27:16,1.75 G,10.62 G,2.09 K,57.93 K
2019-06-04 01:27:18,1.75 G,10.62 G,28.88 K,2.40 M
2019-06-04 01:27:20,1.75 G,10.63 G,31.90 K,2.41 M
2019-06-04 01:27:23,1.75 G,10.63 G,30.23 K,2.40 M
2019-06-04 01:27:25,1.75 G,10.63 G,204.00 B,414.00 B
2019-06-04 01:27:27,1.75 G,10.63 G,0.00 B,444.00 B
2019-06-04 01:27:29,1.75 G,10.64 G,44.92 K,2.42 M
2019-06-04 01:27:31,1.75 G,10.64 G,86.95 K,1.76 M
2019-06-04 01:27:33,1.75 G,10.64 G,6.47 K,138.55 K
2019-06-04 01:27:35,1.75 G,10.64 G,0.00 B,1.75 K
2019-06-04 01:27:37,1.75 G,10.64 G,17.91 K,649.34 K
2019-06-04 01:27:39,1.75 G,10.64 G,0.00 B,504.00 B
2019-06-04 01:27:41,1.75 G,10.64 G,0.00 B,1.23 K
2019-06-04 01:27:43,1.75 G,10.65 G,31.65 K,2.42 M
2019-06-04 01:27:45,1.75 G,10.65 G,28.00 K,2.42 M
2019-06-04 01:27:47,1.75 G,10.65 G,0.00 B,876.00 B
2019-06-04 01:27:49,1.75 G,10.65 G,0.00 B,492.00 B
2019-06-04 01:27:51,1.75 G,10.66 G,36.90 K,2.36 M
2019-06-04 01:27:53,1.75 G,10.66 G,35.00 K,2.41 M
2019-06-04 01:27:55,1.75 G,10.67 G,36.82 K,2.42 M
2019-06-04 01:27:57,1.75 G,10.67 G,38.80 K,2.41 M
2019-06-04 01:27:59,1.75 G,10.67 G,40.58 K,2.33 M
2019-06-04 01:28:01,1.75 G,10.68 G,0.00 B,1.54 K
2019-06-04 01:28:03,1.75 G,10.68 G,0.00 B,660.00 B
2019-06-04 01:28:05,1.75 G,10.68 G,40.15 K,2.34 M
2019-06-04 01:28:07,1.75 G,10.68 G,32.76 K,2.42 M
2019-06-04 01:28:09,1.75 G,10.69 G,26.13 K,1.79 M
2019-06-04 01:28:11,1.75 G,10.69 G,0.00 B,492.00 B
2019-06-04 01:28:13,1.75 G,10.69 G,0.00 B,648.00 B
2019-06-04 01:28:15,1.75 G,10.69 G,0.00 B,1.07 K
2019-06-04 01:28:17,1.75 G,10.69 G,132.00 B,822.00 B
2019-06-04 01:28:19,1.75 G,10.69 G,33.97 K,2.42 M
2019-06-04 01:28:21,1.75 G,10.70 G,35.71 K,2.41 M
2019-06-04 01:28:23,1.75 G,10.70 G,37.32 K,2.43 M
2019-06-04 01:28:25,1.75 G,10.71 G,28.88 K,2.42 M
2019-06-04 01:28:27,1.75 G,10.71 G,37.96 K,2.43 M
2019-06-04 01:28:29,1.75 G,10.72 G,39.06 K,2.42 M
2019-06-04 01:28:31,1.75 G,10.72 G,60.25 K,2.07 M
2019-06-04 01:28:33,1.75 G,10.72 G,79.14 K,1.66 M
2019-06-04 01:28:35,1.75 G,10.73 G,85.29 K,1.79 M
2019-06-04 01:28:37,1.75 G,10.73 G,79.95 K,1.68 M
2019-06-04 01:28:39,1.75 G,10.73 G,84.79 K,1.77 M
2019-06-04 01:28:41,1.75 G,10.74 G,80.88 K,1.70 M
2019-06-04 01:28:43,1.75 G,10.74 G,85.68 K,1.80 M
2019-06-04 01:28:45,1.75 G,10.74 G,91.22 K,1.94 M
2019-06-04 01:28:47,1.75 G,10.75 G,78.96 K,1.64 M
2019-06-04 01:28:49,1.75 G,10.75 G,54.48 K,1.10 M
2019-06-04 01:28:51,1.75 G,10.75 G,82.45 K,1.74 M
2019-06-04 01:28:53,1.75 G,10.76 G,66.31 K,1.34 M
2019-06-04 01:28:55,1.75 G,10.76 G,73.25 K,1.52 M
2019-06-04 01:28:57,1.75 G,10.76 G,82.68 K,1.72 M
2019-06-04 01:28:59,1.75 G,10.76 G,61.04 K,1.19 M
2019-06-04 01:29:01,1.75 G,10.77 G,81.32 K,1.68 M
2019-06-04 01:29:03,1.75 G,10.77 G,74.58 K,1.59 M
2019-06-04 01:29:05,1.75 G,10.77 G,57.12 K,1.13 M
2019-06-04 01:29:07,1.75 G,10.78 G,77.74 K,1.64 M
2019-06-04 01:29:09,1.75 G,10.78 G,82.56 K,1.73 M
2019-06-04 01:29:11,1.75 G,10.78 G,77.43 K,1.63 M
2019-06-04 01:29:13,1.75 G,10.79 G,79.36 K,1.64 M
2019-06-04 01:29:15,1.75 G,10.79 G,84.90 K,1.74 M
2019-06-04 01:29:17,1.75 G,10.79 G,81.11 K,1.70 M
2019-06-04 01:29:19,1.75 G,10.80 G,77.34 K,1.56 M
2019-06-04 01:29:21,1.75 G,10.80 G,79.07 K,1.66 M
2019-06-04 01:29:23,1.75 G,10.80 G,69.24 K,1.40 M
2019-06-04 01:29:25,1.75 G,10.80 G,74.59 K,1.54 M
2019-06-04 01:29:27,1.75 G,10.81 G,76.99 K,1.60 M
2019-06-04 01:29:29,1.75 G,10.81 G,76.05 K,1.58 M
2019-06-04 01:29:31,1.75 G,10.81 G,79.24 K,1.69 M
2019-06-04 01:29:33,1.75 G,10.82 G,79.43 K,1.67 M
2019-06-04 01:29:35,1.75 G,10.82 G,77.98 K,1.66 M
2019-06-04 01:29:37,1.75 G,10.82 G,83.04 K,1.73 M
2019-06-04 01:29:39,1.75 G,10.83 G,75.57 K,1.58 M
2019-06-04 01:29:41,1.75 G,10.83 G,70.25 K,1.44 M
2019-06-04 01:29:43,1.75 G,10.83 G,71.47 K,1.51 M
2019-06-04 01:29:45,1.75 G,10.84 G,82.59 K,1.70 M
2019-06-04 01:29:47,1.75 G,10.84 G,77.99 K,1.62 M
2019-06-04 01:29:49,1.75 G,10.84 G,74.75 K,1.60 M
2019-06-04 01:29:51,1.75 G,10.84 G,70.66 K,1.50 M
2019-06-04 01:29:53,1.75 G,10.85 G,17.23 K,362.53 K
2019-06-04 01:29:55,1.75 G,10.85 G,0.00 B,276.00 B
2019-06-04 01:29:57,1.75 G,10.85 G,0.00 B,1.59 K
2019-06-04 01:29:59,1.75 G,10.85 G,77.72 K,1.64 M
2019-06-04 01:30:01,1.75 G,10.85 G,76.40 K,1.59 M
2019-06-04 01:30:03,1.75 G,10.86 G,71.35 K,1.48 M
2019-06-04 01:30:05,1.75 G,10.86 G,0.00 B,1.38 K
2019-06-04 01:30:07,1.75 G,10.86 G,0.00 B,984.00 B
2019-06-04 01:30:09,1.75 G,10.86 G,31.09 K,2.06 M
2019-06-04 01:30:12,1.75 G,10.86 G,0.00 B,924.00 B
2019-06-04 01:30:14,1.75 G,10.86 G,0.00 B,864.00 B
2019-06-04 01:30:16,1.75 G,10.86 G,76.90 K,1.58 M
2019-06-04 01:30:18,1.76 G,10.86 G,83.03 K,1.67 M
2019-06-04 01:30:20,1.76 G,10.87 G,72.38 K,1.47 M
2019-06-04 01:30:22,1.76 G,10.87 G,73.04 K,1.50 M
2019-06-04 01:30:24,1.76 G,10.87 G,75.42 K,1.56 M
2019-06-04 01:30:26,1.76 G,10.88 G,68.50 K,1.43 M
2019-06-04 01:30:28,1.76 G,10.88 G,72.57 K,1.49 M
2019-06-04 01:30:30,1.76 G,10.88 G,80.92 K,1.65 M
2019-06-04 01:30:32,1.76 G,10.88 G,42.00 B,2.17 K
2019-06-04 01:30:34,1.76 G,10.88 G,0.00 B,324.00 B
2019-06-04 01:30:36,1.76 G,10.88 G,16.62 K,961.55 K
2019-06-04 01:30:38,1.76 G,10.88 G,0.00 B,1.01 K
2019-06-04 01:30:40,1.76 G,10.88 G,13.75 K,502.00 K
2019-06-04 01:30:42,1.76 G,10.89 G,39.77 K,2.43 M
2019-06-04 01:30:44,1.76 G,10.89 G,29.00 K,2.24 M
2019-06-04 01:30:46,1.76 G,10.90 G,36.82 K,2.42 M
2019-06-04 01:30:48,1.76 G,10.90 G,30.81 K,2.44 M
2019-06-04 01:30:50,1.76 G,10.91 G,29.09 K,2.41 M
2019-06-04 01:30:52,1.76 G,10.91 G,37.64 K,2.42 M
2019-06-04 01:30:54,1.76 G,10.92 G,51.72 K,1.02 M
2019-06-04 01:30:56,1.76 G,10.92 G,86.14 K,1.73 M
2019-06-04 01:30:58,1.76 G,10.92 G,81.75 K,1.67 M
2019-06-04 01:31:00,1.76 G,10.93 G,79.57 K,1.65 M
2019-06-04 01:31:02,1.76 G,10.93 G,48.88 K,956.22 K
2019-06-04 01:31:04,1.76 G,10.93 G,84.13 K,1.71 M
2019-06-04 01:31:06,1.76 G,10.93 G,85.25 K,1.71 M
2019-06-04 01:31:08,1.76 G,10.94 G,84.63 K,1.66 M
2019-06-04 01:31:10,1.76 G,10.94 G,84.83 K,1.72 M
2019-06-04 01:31:12,1.76 G,10.94 G,80.88 K,1.61 M
2019-06-04 01:31:14,1.76 G,10.95 G,74.40 K,1.54 M
2019-06-04 01:31:16,1.76 G,10.95 G,50.57 K,1.02 M
2019-06-04 01:31:18,1.76 G,10.95 G,77.57 K,1.59 M
2019-06-04 01:31:20,1.76 G,10.96 G,88.56 K,1.78 M
2019-06-04 01:31:22,1.76 G,10.96 G,82.94 K,1.63 M
2019-06-04 01:31:24,1.76 G,10.96 G,76.48 K,1.54 M
2019-06-04 01:31:26,1.76 G,10.97 G,78.35 K,1.61 M
2019-06-04 01:31:28,1.76 G,10.97 G,84.11 K,1.67 M
2019-06-04 01:31:30,1.76 G,10.97 G,0.00 B,1.56 K
2019-06-04 01:31:32,1.76 G,10.97 G,193.00 B,453.00 B
2019-06-04 01:31:34,1.76 G,10.97 G,0.00 B,552.00 B
2019-06-04 01:31:36,1.76 G,10.97 G,84.00 B,1.38 K
2019-06-04 01:31:38,1.76 G,10.97 G,0.00 B,1.38 K
2019-06-04 01:31:40,1.76 G,10.97 G,32.03 K,2.40 M
2019-06-04 01:31:42,1.76 G,10.98 G,32.87 K,2.40 M
2019-06-04 01:31:44,1.76 G,10.98 G,36.22 K,2.43 M
2019-06-04 01:31:46,1.76 G,10.99 G,40.48 K,2.43 M
2019-06-04 01:31:48,1.76 G,10.99 G,0.00 B,552.00 B
2019-06-04 01:31:50,1.76 G,10.99 G,0.00 B,288.00 B
2019-06-04 01:31:52,1.76 G,10.99 G,0.00 B,972.00 B
2019-06-04 01:31:54,1.76 G,10.99 G,33.66 K,1.60 M
2019-06-04 01:31:56,1.76 G,10.99 G,41.57 K,2.41 M
2019-06-04 01:31:58,1.76 G,11.00 G,35.00 K,2.40 M
2019-06-04 01:32:00,1.76 G,11.00 G,31.26 K,2.42 M
2019-06-04 01:32:02,1.76 G,11.01 G,33.71 K,2.43 M
2019-06-04 01:32:04,1.76 G,11.01 G,37.71 K,2.42 M
2019-06-04 01:32:06,1.76 G,11.02 G,49.82 K,2.42 M
2019-06-04 01:32:08,1.76 G,11.02 G,46.59 K,2.31 M
2019-06-04 01:32:10,1.76 G,11.02 G,0.00 B,1.03 K
2019-06-04 01:32:12,1.76 G,11.02 G,0.00 B,540.00 B
2019-06-04 01:32:14,1.76 G,11.02 G,528.00 B,32.70 K
2019-06-04 01:32:16,1.76 G,11.02 G,0.00 B,216.00 B
2019-06-04 01:32:18,1.76 G,11.03 G,26.95 K,1.50 M
2019-06-04 01:32:20,1.76 G,11.03 G,40.09 K,2.41 M
2019-06-04 01:32:22,1.76 G,11.04 G,41.44 K,2.42 M
2019-06-04 01:32:24,1.76 G,11.04 G,37.71 K,2.43 M
2019-06-04 01:32:26,1.76 G,11.04 G,34.61 K,2.43 M
2019-06-04 01:32:28,1.76 G,11.05 G,0.00 B,1.22 K
2019-06-04 01:32:30,1.76 G,11.05 G,0.00 B,432.00 B
2019-06-04 01:32:32,1.76 G,11.05 G,12.60 K,837.33 K
2019-06-04 01:32:34,1.76 G,11.05 G,42.00 B,708.00 B
2019-06-04 01:32:36,1.76 G,11.05 G,18.18 K,913.83 K
2019-06-04 01:32:38,1.76 G,11.05 G,0.00 B,648.00 B
2019-06-04 01:32:40,1.76 G,11.05 G,0.00 B,324.00 B
2019-06-04 01:32:42,1.76 G,11.05 G,36.67 K,2.42 M
2019-06-04 01:32:44,1.76 G,11.06 G,33.58 K,2.42 M
2019-06-04 01:32:46,1.76 G,11.06 G,0.00 B,552.00 B
2019-06-04 01:32:48,1.76 G,11.06 G,0.00 B,420.00 B
2019-06-04 01:32:50,1.76 G,11.06 G,0.00 B,444.00 B
2019-06-04 01:32:52,1.76 G,11.06 G,0.00 B,1.29 K
2019-06-04 01:32:55,1.76 G,11.06 G,47.26 K,2.28 M
2019-06-04 01:32:57,1.76 G,11.06 G,0.00 B,1.22 K
2019-06-04 01:32:59,1.76 G,11.06 G,0.00 B,1.08 K
2019-06-04 01:33:01,1.76 G,11.06 G,32.23 K,2.41 M
2019-06-04 01:33:03,1.76 G,11.07 G,30.74 K,2.41 M
2019-06-04 01:33:05,1.76 G,11.07 G,34.89 K,2.42 M
2019-06-04 01:33:07,1.76 G,11.08 G,44.84 K,2.41 M
2019-06-04 01:33:09,1.76 G,11.08 G,35.08 K,2.40 M
2019-06-04 01:33:11,1.76 G,11.09 G,39.06 K,2.42 M
2019-06-04 01:33:13,1.76 G,11.09 G,71.69 K,1.45 M
2019-06-04 01:33:15,1.76 G,11.09 G,76.39 K,1.54 M
2019-06-04 01:33:17,1.76 G,11.10 G,83.43 K,1.67 M
2019-06-04 01:33:19,1.76 G,11.10 G,77.80 K,1.57 M
2019-06-04 01:33:21,1.76 G,11.10 G,82.31 K,1.69 M
2019-06-04 01:33:23,1.76 G,11.11 G,49.43 K,940.60 K
2019-06-04 01:33:25,1.76 G,11.11 G,80.58 K,1.63 M
2019-06-04 01:33:27,1.76 G,11.11 G,78.52 K,1.58 M
2019-06-04 01:33:29,1.76 G,11.11 G,74.66 K,1.49 M
2019-06-04 01:33:31,1.76 G,11.12 G,73.69 K,1.52 M
2019-06-04 01:33:33,1.76 G,11.12 G,72.29 K,1.46 M
2019-06-04 01:33:35,1.76 G,11.12 G,76.50 K,1.56 M
2019-06-04 01:33:37,1.76 G,11.13 G,73.37 K,1.50 M
2019-06-04 01:33:39,1.76 G,11.13 G,85.13 K,1.74 M
2019-06-04 01:33:41,1.76 G,11.13 G,73.73 K,1.54 M
2019-06-04 01:33:43,1.76 G,11.14 G,76.90 K,1.54 M
2019-06-04 01:33:45,1.76 G,11.14 G,58.74 K,1.17 M
2019-06-04 01:33:47,1.76 G,11.14 G,74.70 K,1.56 M
2019-06-04 01:33:49,1.76 G,11.14 G,67.44 K,1.37 M
2019-06-04 01:33:51,1.76 G,11.14 G,0.00 B,492.00 B
2019-06-04 01:33:53,1.76 G,11.14 G,0.00 B,876.00 B
2019-06-04 01:33:55,1.76 G,11.14 G,0.00 B,720.00 B
2019-06-04 01:33:57,1.76 G,11.14 G,0.00 B,816.00 B
2019-06-04 01:33:59,1.76 G,11.14 G,0.00 B,1.05 K
2019-06-04 01:34:01,1.76 G,11.15 G,23.54 K,1.36 M
2019-06-04 01:34:03,1.76 G,11.15 G,0.00 B,756.00 B
2019-06-04 01:34:05,1.76 G,11.15 G,13.38 K,427.46 K
2019-06-04 01:34:07,1.76 G,11.15 G,88.79 K,1.85 M
2019-06-04 01:34:09,1.76 G,11.15 G,86.00 K,1.80 M
2019-06-04 01:34:11,1.76 G,11.16 G,87.15 K,1.82 M
2019-06-04 01:34:13,1.76 G,11.16 G,86.24 K,1.78 M
2019-06-04 01:34:15,1.76 G,11.16 G,80.22 K,1.65 M
2019-06-04 01:34:17,1.76 G,11.17 G,83.38 K,1.76 M
2019-06-04 01:34:19,1.76 G,11.17 G,82.85 K,1.73 M
2019-06-04 01:34:21,1.76 G,11.17 G,84.46 K,1.78 M
2019-06-04 01:34:23,1.77 G,11.18 G,47.23 K,1012.37 K
2019-06-04 01:34:25,1.77 G,11.18 G,0.00 B,1.07 K
2019-06-04 01:34:27,1.77 G,11.18 G,0.00 B,1.43 K
2019-06-04 01:34:29,1.77 G,11.18 G,66.00 B,384.00 B
2019-06-04 01:34:31,1.77 G,11.18 G,0.00 B,1.49 K
2019-06-04 01:34:33,1.77 G,11.18 G,25.99 K,1.12 M
2019-06-04 01:34:35,1.77 G,11.18 G,204.00 B,906.00 B
2019-06-04 01:34:37,1.77 G,11.18 G,42.00 B,936.00 B
2019-06-04 01:34:39,1.77 G,11.18 G,28.32 K,1.97 M
2019-06-04 01:34:41,1.77 G,11.18 G,0.00 B,168.00 B
2019-06-04 01:34:43,1.77 G,11.18 G,0.00 B,552.00 B
2019-06-04 01:34:45,1.77 G,11.18 G,0.00 B,216.00 B
2019-06-04 01:34:47,1.77 G,11.18 G,0.00 B,600.00 B
2019-06-04 01:34:49,1.77 G,11.19 G,34.35 K,1.90 M
2019-06-04 01:34:51,1.77 G,11.19 G,47.64 K,2.40 M
2019-06-04 01:34:53,1.77 G,11.20 G,45.31 K,2.42 M
2019-06-04 01:34:55,1.77 G,11.20 G,31.45 K,2.42 M
2019-06-04 01:34:57,1.77 G,11.21 G,32.10 K,2.40 M
2019-06-04 01:34:59,1.77 G,11.21 G,29.46 K,1.70 M
2019-06-04 01:35:01,1.77 G,11.21 G,0.00 B,168.00 B
2019-06-04 01:35:03,1.77 G,11.21 G,0.00 B,1.05 K
2019-06-04 01:35:05,1.77 G,11.21 G,0.00 B,816.00 B
2019-06-04 01:35:07,1.77 G,11.21 G,0.00 B,432.00 B
2019-06-04 01:35:09,1.77 G,11.21 G,0.00 B,924.00 B
2019-06-04 01:35:11,1.77 G,11.21 G,0.00 B,324.00 B
2019-06-04 01:35:13,1.77 G,11.21 G,42.09 K,2.43 M
2019-06-04 01:35:15,1.77 G,11.22 G,42.47 K,2.39 M
2019-06-04 01:35:17,1.77 G,11.22 G,43.83 K,2.41 M
2019-06-04 01:35:19,1.77 G,11.23 G,8.83 K,486.38 K
2019-06-04 01:35:21,1.77 G,11.23 G,0.00 B,1.01 K
2019-06-04 01:35:23,1.77 G,11.23 G,0.00 B,432.00 B
2019-06-04 01:35:25,1.77 G,11.23 G,38.15 K,2.37 M
2019-06-04 01:35:27,1.77 G,11.23 G,35.60 K,2.40 M
2019-06-04 01:35:29,1.77 G,11.24 G,16.63 K,1.15 M
2019-06-04 01:35:31,1.77 G,11.24 G,0.00 B,648.00 B
2019-06-04 01:35:33,1.77 G,11.24 G,16.82 K,754.43 K
2019-06-04 01:35:35,1.77 G,11.24 G,51.37 K,2.44 M
2019-06-04 01:35:37,1.77 G,11.25 G,36.48 K,2.42 M
2019-06-04 01:35:39,1.77 G,11.25 G,42.00 B,576.00 B
2019-06-04 01:35:41,1.77 G,11.25 G,84.00 B,840.00 B
2019-06-04 01:35:44,1.77 G,11.25 G,36.17 K,2.01 M
2019-06-04 01:35:46,1.77 G,11.25 G,45.98 K,2.41 M
2019-06-04 01:35:48,1.77 G,11.26 G,75.53 K,1.57 M
2019-06-04 01:35:50,1.77 G,11.26 G,86.06 K,1.76 M
2019-06-04 01:35:52,1.77 G,11.26 G,39.33 K,820.32 K
2019-06-04 01:35:54,1.77 G,11.27 G,82.37 K,1.72 M
2019-06-04 01:35:56,1.77 G,11.27 G,76.14 K,1.74 M
2019-06-04 01:35:58,1.77 G,11.27 G,79.09 K,1.68 M
2019-06-04 01:36:00,1.77 G,11.28 G,63.79 K,1.28 M
2019-06-04 01:36:02,1.77 G,11.28 G,82.43 K,1.67 M
2019-06-04 01:36:04,1.77 G,11.28 G,81.05 K,1.70 M
2019-06-04 01:36:06,1.77 G,11.29 G,69.64 K,1.43 M
2019-06-04 01:36:08,1.77 G,11.29 G,84.35 K,1.75 M
2019-06-04 01:36:10,1.77 G,11.29 G,85.81 K,1.77 M
2019-06-04 01:36:12,1.77 G,11.29 G,7.27 K,159.55 K
2019-06-04 01:36:14,1.77 G,11.29 G,0.00 B,384.00 B
2019-06-04 01:36:16,1.77 G,11.29 G,0.00 B,612.00 B
2019-06-04 01:36:18,1.77 G,11.30 G,48.79 K,2.42 M
2019-06-04 01:36:20,1.77 G,11.30 G,48.66 K,2.42 M
2019-06-04 01:36:22,1.77 G,11.31 G,51.88 K,2.44 M
2019-06-04 01:36:24,1.77 G,11.31 G,34.10 K,2.43 M
2019-06-04 01:36:26,1.77 G,11.32 G,37.51 K,2.42 M
2019-06-04 01:36:28,1.77 G,11.32 G,50.02 K,2.43 M
2019-06-04 01:36:30,1.77 G,11.33 G,37.38 K,2.43 M
2019-06-04 01:36:32,1.77 G,11.33 G,36.80 K,2.42 M
2019-06-04 01:36:34,1.77 G,11.33 G,0.00 B,396.00 B
2019-06-04 01:36:36,1.77 G,11.33 G,0.00 B,552.00 B
2019-06-04 01:36:38,1.77 G,11.34 G,34.31 K,2.41 M
2019-06-04 01:36:40,1.77 G,11.34 G,0.00 B,324.00 B
2019-06-04 01:36:42,1.77 G,11.34 G,0.00 B,492.00 B
2019-06-04 01:36:44,1.77 G,11.34 G,37.19 K,2.41 M
2019-06-04 01:36:46,1.77 G,11.34 G,0.00 B,552.00 B
2019-06-04 01:36:48,1.77 G,11.34 G,0.00 B,504.00 B
2019-06-04 01:36:50,1.77 G,11.34 G,14.93 K,985.97 K
2019-06-04 01:36:52,1.77 G,11.34 G,0.00 B,2.07 K
2019-06-04 01:36:54,1.77 G,11.34 G,11.71 K,706.63 K
2019-06-04 01:36:56,1.77 G,11.35 G,81.62 K,1.69 M
2019-06-04 01:36:58,1.77 G,11.35 G,68.74 K,1.39 M
2019-06-04 01:37:00,1.77 G,11.35 G,54.60 K,1.07 M
2019-06-04 01:37:02,1.77 G,11.35 G,79.50 K,1.61 M
2019-06-04 01:37:04,1.77 G,11.36 G,79.39 K,1.64 M
2019-06-04 01:37:06,1.77 G,11.36 G,87.79 K,1.80 M
2019-06-04 01:37:08,1.77 G,11.36 G,84.29 K,1.73 M
2019-06-04 01:37:10,1.77 G,11.37 G,22.32 K,425.94 K
2019-06-04 01:37:12,1.77 G,11.37 G,82.23 K,1.69 M
2019-06-04 01:37:14,1.77 G,11.37 G,79.14 K,1.63 M
2019-06-04 01:37:16,1.77 G,11.37 G,73.93 K,1.50 M
2019-06-04 01:37:18,1.77 G,11.38 G,82.49 K,1.69 M
2019-06-04 01:37:20,1.77 G,11.38 G,78.76 K,1.61 M
2019-06-04 01:37:22,1.77 G,11.38 G,80.67 K,1.65 M
2019-06-04 01:37:24,1.77 G,11.39 G,79.75 K,1.61 M
2019-06-04 01:37:26,1.77 G,11.39 G,68.37 K,1.39 M
2019-06-04 01:37:28,1.77 G,11.39 G,73.66 K,1.52 M
2019-06-04 01:37:30,1.77 G,11.40 G,71.83 K,1.46 M
2019-06-04 01:37:32,1.77 G,11.40 G,79.68 K,1.63 M
2019-06-04 01:37:34,1.77 G,11.40 G,75.64 K,1.58 M
2019-06-04 01:37:36,1.77 G,11.41 G,78.52 K,1.63 M
2019-06-04 01:37:38,1.77 G,11.41 G,79.12 K,1.61 M
2019-06-04 01:37:40,1.77 G,11.41 G,82.65 K,1.69 M
2019-06-04 01:37:42,1.77 G,11.42 G,82.63 K,1.70 M
2019-06-04 01:37:44,1.77 G,11.42 G,77.96 K,1.60 M
2019-06-04 01:37:46,1.77 G,11.42 G,70.53 K,1.44 M
2019-06-04 01:37:48,1.77 G,11.43 G,75.96 K,1.55 M
2019-06-04 01:37:50,1.77 G,11.43 G,74.74 K,1.51 M
2019-06-04 01:37:52,1.77 G,11.43 G,75.24 K,1.52 M
2019-06-04 01:37:54,1.77 G,11.43 G,73.58 K,1.49 M
2019-06-04 01:37:56,1.77 G,11.44 G,75.30 K,1.54 M
2019-06-04 01:37:58,1.77 G,11.44 G,78.89 K,1.63 M
2019-06-04 01:38:00,1.77 G,11.44 G,68.59 K,1.43 M
2019-06-04 01:38:02,1.77 G,11.45 G,67.71 K,1.44 M
2019-06-04 01:38:04,1.77 G,11.45 G,70.62 K,1.46 M
2019-06-04 01:38:06,1.77 G,11.45 G,74.31 K,1.54 M
2019-06-04 01:38:08,1.77 G,11.45 G,74.20 K,1.55 M
2019-06-04 01:38:10,1.77 G,11.46 G,84.59 K,1.72 M
2019-06-04 01:38:12,1.77 G,11.46 G,84.70 K,1.73 M
2019-06-04 01:38:14,1.77 G,11.46 G,73.79 K,1.50 M
2019-06-04 01:38:16,1.77 G,11.47 G,41.15 K,833.92 K
2019-06-04 01:38:18,1.77 G,11.47 G,0.00 B,924.00 B
2019-06-04 01:38:20,1.77 G,11.47 G,0.00 B,1.64 K
2019-06-04 01:38:22,1.77 G,11.47 G,35.90 K,2.42 M
2019-06-04 01:38:24,1.77 G,11.47 G,32.29 K,2.41 M
2019-06-04 01:38:26,1.78 G,11.48 G,35.45 K,2.40 M
2019-06-04 01:38:28,1.78 G,11.48 G,33.71 K,2.41 M
2019-06-04 01:38:30,1.78 G,11.49 G,45.12 K,2.43 M
2019-06-04 01:38:32,1.78 G,11.49 G,39.79 K,2.42 M
2019-06-04 01:38:34,1.78 G,11.50 G,17.34 K,981.11 K
2019-06-04 01:38:36,1.78 G,11.50 G,0.00 B,276.00 B
2019-06-04 01:38:38,1.78 G,11.50 G,19.19 K,585.69 K
2019-06-04 01:38:40,1.78 G,11.50 G,43.71 K,2.43 M
2019-06-04 01:38:42,1.78 G,11.51 G,37.64 K,2.40 M
2019-06-04 01:38:44,1.78 G,11.51 G,0.00 B,864.00 B
2019-06-04 01:38:47,1.78 G,11.51 G,0.00 B,540.00 B
2019-06-04 01:38:49,1.78 G,11.51 G,0.00 B,1.32 K
2019-06-04 01:38:51,1.78 G,11.51 G,0.00 B,600.00 B
2019-06-04 01:38:53,1.78 G,11.51 G,30.02 K,1.75 M
2019-06-04 01:38:55,1.78 G,11.51 G,36.61 K,2.37 M
2019-06-04 01:38:57,1.78 G,11.52 G,31.39 K,2.43 M
2019-06-04 01:38:59,1.78 G,11.52 G,34.29 K,2.43 M
2019-06-04 01:39:01,1.78 G,11.53 G,31.28 K,2.36 M
2019-06-04 01:39:03,1.78 G,11.53 G,0.00 B,672.00 B
2019-06-04 01:39:05,1.78 G,11.53 G,0.00 B,444.00 B
2019-06-04 01:39:07,1.78 G,11.53 G,34.70 K,2.26 M
2019-06-04 01:39:09,1.78 G,11.53 G,0.00 B,444.00 B
2019-06-04 01:39:11,1.78 G,11.53 G,0.00 B,324.00 B
2019-06-04 01:39:13,1.78 G,11.54 G,46.66 K,2.42 M
2019-06-04 01:39:15,1.78 G,11.54 G,39.68 K,2.42 M
2019-06-04 01:39:17,1.78 G,11.54 G,35.45 K,2.41 M
2019-06-04 01:39:19,1.78 G,11.55 G,0.00 B,972.00 B
2019-06-04 01:39:21,1.78 G,11.55 G,0.00 B,1.54 K
2019-06-04 01:39:23,1.78 G,11.55 G,0.00 B,732.00 B
2019-06-04 01:39:25,1.78 G,11.55 G,0.00 B,660.00 B
2019-06-04 01:39:27,1.78 G,11.55 G,47.76 K,2.43 M
2019-06-04 01:39:29,1.78 G,11.55 G,42.50 K,2.43 M
2019-06-04 01:39:31,1.78 G,11.56 G,14.70 K,1.20 M
2019-06-04 01:39:33,1.78 G,11.56 G,0.00 B,492.00 B
2019-06-04 01:39:35,1.78 G,11.56 G,0.00 B,324.00 B
2019-06-04 01:39:37,1.78 G,11.56 G,51.30 K,2.44 M
2019-06-04 01:39:39,1.78 G,11.57 G,40.61 K,2.43 M
2019-06-04 01:39:41,1.78 G,11.57 G,33.52 K,2.42 M
2019-06-04 01:39:43,1.78 G,11.58 G,43.44 K,2.42 M
2019-06-04 01:39:45,1.78 G,11.58 G,54.84 K,1.06 M
2019-06-04 01:39:47,1.78 G,11.58 G,84.00 B,1.34 K
2019-06-04 01:39:49,1.78 G,11.58 G,2.02 K,42.35 K
2019-06-04 01:39:51,1.78 G,11.58 G,38.61 K,2.41 M
2019-06-04 01:39:53,1.78 G,11.59 G,41.83 K,2.42 M
2019-06-04 01:39:55,1.78 G,11.59 G,44.02 K,2.42 M
2019-06-04 01:39:57,1.78 G,11.60 G,48.47 K,2.43 M
2019-06-04 01:39:59,1.78 G,11.60 G,37.12 K,2.43 M
2019-06-04 01:40:01,1.78 G,11.61 G,39.45 K,2.43 M
2019-06-04 01:40:03,1.78 G,11.61 G,39.96 K,2.42 M
2019-06-04 01:40:05,1.78 G,11.62 G,37.64 K,2.41 M
2019-06-04 01:40:07,1.78 G,11.62 G,22.95 K,1.56 M
2019-06-04 01:40:09,1.78 G,11.62 G,0.00 B,108.00 B
2019-06-04 01:40:11,1.78 G,11.62 G,7.36 K,278.02 K
2019-06-04 01:40:13,1.78 G,11.63 G,36.16 K,2.40 M
2019-06-04 01:40:15,1.78 G,11.63 G,26.62 K,2.41 M
2019-06-04 01:40:17,1.78 G,11.63 G,34.65 K,2.41 M
2019-06-04 01:40:19,1.78 G,11.64 G,30.29 K,1.55 M
2019-06-04 01:40:21,1.78 G,11.64 G,0.00 B,1.05 K
2019-06-04 01:40:23,1.78 G,11.64 G,0.00 B,552.00 B
2019-06-04 01:40:25,1.78 G,11.64 G,31.38 K,1.61 M
2019-06-04 01:40:27,1.78 G,11.64 G,86.46 K,1.79 M
2019-06-04 01:40:29,1.78 G,11.65 G,76.79 K,1.56 M
2019-06-04 01:40:31,1.78 G,11.65 G,81.08 K,1.65 M
2019-06-04 01:40:33,1.78 G,11.65 G,82.75 K,1.68 M
2019-06-04 01:40:35,1.78 G,11.66 G,80.52 K,1.66 M
2019-06-04 01:40:37,1.78 G,11.66 G,0.00 B,7.00 K
2019-06-04 01:40:39,1.78 G,11.66 G,0.00 B,600.00 B
2019-06-04 01:40:41,1.78 G,11.66 G,15.70 K,670.40 K
2019-06-04 01:40:43,1.78 G,11.66 G,204.00 B,846.00 B
2019-06-04 01:40:45,1.78 G,11.66 G,5.00 K,146.99 K
2019-06-04 01:40:47,1.78 G,11.66 G,31.34 K,2.41 M
2019-06-04 01:40:49,1.78 G,11.67 G,30.48 K,2.42 M
2019-06-04 01:40:51,1.78 G,11.67 G,0.00 B,864.00 B
2019-06-04 01:40:53,1.78 G,11.67 G,0.00 B,1.01 K
2019-06-04 01:40:55,1.78 G,11.67 G,0.00 B,648.00 B
2019-06-04 01:40:57,1.78 G,11.67 G,0.00 B,708.00 B
2019-06-04 01:40:59,1.78 G,11.67 G,44.25 K,2.20 M
2019-06-04 01:41:01,1.78 G,11.68 G,31.78 K,2.42 M
2019-06-04 01:41:03,1.78 G,11.68 G,3.29 K,269.40 K
2019-06-04 01:41:05,1.78 G,11.68 G,0.00 B,816.00 B
2019-06-04 01:41:07,1.78 G,11.68 G,26.28 K,1.32 M
2019-06-04 01:41:09,1.78 G,11.68 G,0.00 B,920.00 B
2019-06-04 01:41:11,1.78 G,11.68 G,0.00 B,996.00 B
2019-06-04 01:41:13,1.78 G,11.68 G,38.74 K,2.10 M
2019-06-04 01:41:15,1.78 G,11.69 G,40.35 K,2.31 M
2019-06-04 01:41:17,1.78 G,11.69 G,47.70 K,2.26 M
2019-06-04 01:41:19,1.78 G,11.70 G,46.47 K,2.40 M
2019-06-04 01:41:21,1.78 G,11.70 G,46.34 K,2.42 M
2019-06-04 01:41:23,1.78 G,11.70 G,14.93 K,311.12 K
2019-06-04 01:41:25,1.78 G,11.70 G,0.00 B,504.00 B
2019-06-04 01:41:27,1.78 G,11.70 G,23.16 K,1.32 M
2019-06-04 01:41:29,1.78 G,11.71 G,0.00 B,432.00 B
2019-06-04 01:41:31,1.78 G,11.71 G,0.00 B,840.00 B
2019-06-04 01:41:33,1.78 G,11.71 G,36.74 K,2.41 M
2019-06-04 01:41:36,1.78 G,11.71 G,35.02 K,2.41 M
2019-06-04 01:41:38,1.78 G,11.72 G,36.87 K,2.12 M
2019-06-04 01:41:40,1.78 G,11.72 G,81.23 K,1.65 M
2019-06-04 01:41:42,1.78 G,11.72 G,82.25 K,1.60 M
2019-06-04 01:41:44,1.78 G,11.73 G,68.26 K,1.40 M
2019-06-04 01:41:46,1.78 G,11.73 G,82.26 K,1.70 M
2019-06-04 01:41:48,1.78 G,11.73 G,28.80 K,583.89 K
2019-06-04 01:41:50,1.78 G,11.73 G,42.00 B,1.17 K
2019-06-04 01:41:52,1.78 G,11.73 G,0.00 B,768.00 B
2019-06-04 01:41:54,1.78 G,11.73 G,0.00 B,1.05 K
2019-06-04 01:41:56,1.78 G,11.73 G,0.00 B,600.00 B
2019-06-04 01:41:58,1.78 G,11.74 G,32.61 K,2.43 M
2019-06-04 01:42:00,1.78 G,11.74 G,30.50 K,2.41 M
2019-06-04 01:42:02,1.78 G,11.75 G,34.35 K,2.42 M
2019-06-04 01:42:04,1.78 G,11.75 G,0.00 B,324.00 B
2019-06-04 01:42:06,1.78 G,11.75 G,0.00 B,1.38 K
2019-06-04 01:42:08,1.78 G,11.75 G,0.00 B,756.00 B
2019-06-04 01:42:10,1.78 G,11.75 G,0.00 B,720.00 B
2019-06-04 01:42:12,1.78 G,11.75 G,0.00 B,756.00 B
2019-06-04 01:42:14,1.78 G,11.75 G,36.09 K,1.97 M
2019-06-04 01:42:16,1.78 G,11.75 G,38.54 K,2.42 M
2019-06-04 01:42:18,1.78 G,11.76 G,34.16 K,2.43 M
2019-06-04 01:42:20,1.78 G,11.76 G,13.77 K,1.05 M
2019-06-04 01:42:22,1.78 G,11.76 G,0.00 B,492.00 B
2019-06-04 01:42:24,1.78 G,11.76 G,13.49 K,708.51 K
2019-06-04 01:42:26,1.78 G,11.77 G,0.00 B,648.00 B
2019-06-04 01:42:28,1.78 G,11.77 G,0.00 B,108.00 B
2019-06-04 01:42:30,1.78 G,11.77 G,40.94 K,2.18 M
2019-06-04 01:42:32,1.78 G,11.77 G,33.45 K,2.41 M
2019-06-04 01:42:34,1.78 G,11.77 G,0.00 B,108.00 B
2019-06-04 01:42:36,1.78 G,11.77 G,0.00 B,324.00 B
2019-06-04 01:42:38,1.78 G,11.78 G,64.52 K,1.89 M
2019-06-04 01:42:40,1.78 G,11.78 G,80.88 K,1.69 M
2019-06-04 01:42:42,1.78 G,11.78 G,81.16 K,1.67 M
2019-06-04 01:42:44,1.78 G,11.79 G,80.04 K,1.63 M
2019-06-04 01:42:46,1.78 G,11.79 G,81.14 K,1.69 M
2019-06-04 01:42:48,1.78 G,11.79 G,80.49 K,1.68 M
2019-06-04 01:42:50,1.78 G,11.79 G,0.00 B,1.16 K
2019-06-04 01:42:52,1.78 G,11.79 G,84.00 B,936.00 B
2019-06-04 01:42:54,1.78 G,11.79 G,38.80 K,2.43 M
2019-06-04 01:42:56,1.78 G,11.80 G,37.51 K,2.42 M
2019-06-04 01:42:58,1.78 G,11.80 G,32.36 K,2.42 M
2019-06-04 01:43:00,1.78 G,11.81 G,34.93 K,2.42 M
2019-06-04 01:43:02,1.78 G,11.81 G,37.00 K,2.41 M
2019-06-04 01:43:04,1.78 G,11.82 G,32.61 K,2.42 M
2019-06-04 01:43:06,1.78 G,11.82 G,29.20 K,2.42 M
2019-06-04 01:43:08,1.78 G,11.83 G,19.33 K,1.23 M
2019-06-04 01:43:10,1.78 G,11.83 G,0.00 B,816.00 B
2019-06-04 01:43:12,1.78 G,11.83 G,4.78 K,193.03 K
2019-06-04 01:43:14,1.78 G,11.83 G,0.00 B,1.02 K
2019-06-04 01:43:16,1.78 G,11.83 G,0.00 B,876.00 B
2019-06-04 01:43:18,1.78 G,11.83 G,3.57 K,241.94 K
2019-06-04 01:43:20,1.78 G,11.83 G,42.00 B,1.03 K
2019-06-04 01:43:22,1.78 G,11.83 G,15.73 K,1.09 M
2019-06-04 01:43:24,1.78 G,11.83 G,32.16 K,2.39 M
2019-06-04 01:43:26,1.78 G,11.84 G,3.74 K,291.37 K
2019-06-04 01:43:28,1.78 G,11.84 G,0.00 B,576.00 B
2019-06-04 01:43:30,1.78 G,11.84 G,23.86 K,1.05 M
2019-06-04 01:43:32,1.78 G,11.84 G,0.00 B,1.23 K
2019-06-04 01:43:34,1.78 G,11.84 G,0.00 B,1.28 K
2019-06-04 01:43:36,1.78 G,11.84 G,83.47 K,1.73 M
2019-06-04 01:43:38,1.78 G,11.84 G,19.17 K,411.40 K
2019-06-04 01:43:40,1.78 G,11.84 G,0.00 B,888.00 B
2019-06-04 01:43:42,1.78 G,11.84 G,20.05 K,1006.87 K
2019-06-04 01:43:44,1.78 G,11.85 G,37.64 K,2.41 M
2019-06-04 01:43:46,1.78 G,11.85 G,38.16 K,2.42 M
2019-06-04 01:43:48,1.78 G,11.85 G,204.00 B,738.00 B
2019-06-04 01:43:50,1.78 G,11.85 G,0.00 B,216.00 B
2019-06-04 01:43:52,1.78 G,11.86 G,31.70 K,1.89 M
2019-06-04 01:43:54,1.78 G,11.86 G,0.00 B,1.74 K
2019-06-04 01:43:56,1.78 G,11.86 G,0.00 B,576.00 B
2019-06-04 01:43:58,1.78 G,11.86 G,39.19 K,2.42 M
2019-06-04 01:44:00,1.78 G,11.86 G,38.03 K,2.40 M
2019-06-04 01:44:02,1.78 G,11.87 G,24.36 K,1.67 M
2019-06-04 01:44:04,1.78 G,11.87 G,0.00 B,1.70 K
2019-06-04 01:44:06,1.78 G,11.87 G,0.00 B,408.00 B
2019-06-04 01:44:08,1.78 G,11.87 G,40.30 K,2.41 M
2019-06-04 01:44:10,1.78 G,11.88 G,10.18 K,788.56 K
2019-06-04 01:44:12,1.78 G,11.88 G,0.00 B,936.00 B
2019-06-04 01:44:14,1.78 G,11.88 G,16.66 K,869.94 K
2019-06-04 01:44:16,1.78 G,11.88 G,42.02 K,2.38 M
2019-06-04 01:44:18,1.78 G,11.89 G,32.89 K,2.41 M
2019-06-04 01:44:20,1.78 G,11.89 G,31.78 K,2.41 M
2019-06-04 01:44:22,1.78 G,11.89 G,42.00 B,1.09 K
2019-06-04 01:44:24,1.78 G,11.89 G,0.00 B,732.00 B
2019-06-04 01:44:26,1.78 G,11.89 G,132.00 B,774.00 B
2019-06-04 01:44:28,1.78 G,11.89 G,19.16 K,1.13 M
2019-06-04 01:44:30,1.78 G,11.89 G,0.00 B,468.00 B
2019-06-04 01:44:33,1.78 G,11.90 G,9.21 K,396.88 K
2019-06-04 01:44:35,1.78 G,11.90 G,83.98 K,1.74 M
2019-06-04 01:44:37,1.78 G,11.90 G,80.23 K,1.68 M
2019-06-04 01:44:39,1.78 G,11.91 G,79.06 K,1.65 M
2019-06-04 01:44:41,1.78 G,11.91 G,83.96 K,1.73 M
2019-06-04 01:44:43,1.78 G,11.91 G,0.00 B,888.00 B
2019-06-04 01:44:45,1.78 G,11.91 G,132.00 B,1.62 K
2019-06-04 01:44:47,1.78 G,11.91 G,9.07 K,613.19 K
2019-06-04 01:44:49,1.78 G,11.91 G,0.00 B,228.00 B
2019-06-04 01:44:51,1.78 G,11.91 G,4.81 K,138.99 K
2019-06-04 01:44:53,1.78 G,11.92 G,37.45 K,2.42 M
2019-06-04 01:44:55,1.78 G,11.92 G,36.95 K,2.41 M
2019-06-04 01:44:57,1.78 G,11.92 G,36.67 K,2.39 M
2019-06-04 01:44:59,1.78 G,11.93 G,39.38 K,2.42 M
2019-06-04 01:45:01,1.78 G,11.93 G,35.58 K,2.38 M
2019-06-04 01:45:03,1.78 G,11.94 G,33.19 K,2.42 M
2019-06-04 01:45:05,1.78 G,11.94 G,29.71 K,2.06 M
2019-06-04 01:45:07,1.78 G,11.94 G,0.00 B,1.18 K
2019-06-04 01:45:09,1.78 G,11.94 G,0.00 B,1.34 K
2019-06-04 01:45:11,1.78 G,11.94 G,0.00 B,936.00 B
2019-06-04 01:45:13,1.78 G,11.94 G,0.00 B,612.00 B
2019-06-04 01:45:15,1.78 G,11.95 G,31.32 K,2.41 M
2019-06-04 01:45:17,1.78 G,11.95 G,34.05 K,2.41 M
2019-06-04 01:45:19,1.78 G,11.96 G,35.00 K,2.40 M
2019-06-04 01:45:21,1.78 G,11.96 G,0.00 B,168.00 B
2019-06-04 01:45:23,1.78 G,11.96 G,0.00 B,720.00 B
2019-06-04 01:45:25,1.78 G,11.96 G,0.00 B,927.00 B
2019-06-04 01:45:27,1.78 G,11.96 G,47.75 K,2.14 M
2019-06-04 01:45:29,1.78 G,11.96 G,42.93 K,2.42 M
2019-06-04 01:45:31,1.78 G,11.97 G,49.37 K,2.41 M
2019-06-04 01:45:33,1.79 G,11.97 G,47.50 K,2.42 M
2019-06-04 01:45:35,1.79 G,11.98 G,47.50 K,2.44 M
2019-06-04 01:45:37,1.79 G,11.98 G,47.05 K,2.43 M
2019-06-04 01:45:39,1.79 G,11.99 G,34.03 K,2.44 M
2019-06-04 01:45:41,1.79 G,11.99 G,29.28 K,2.43 M
2019-06-04 01:45:43,1.79 G,12.00 G,33.45 K,2.41 M
2019-06-04 01:45:45,1.79 G,12.00 G,16.56 K,1.31 M
2019-06-04 01:45:47,1.79 G,12.00 G,0.00 B,216.00 B
2019-06-04 01:45:49,1.79 G,12.00 G,0.00 B,444.00 B
2019-06-04 01:45:51,1.79 G,12.00 G,204.00 B,1014.00 B
2019-06-04 01:45:53,1.79 G,12.00 G,42.00 B,336.00 B
2019-06-04 01:45:55,1.79 G,12.00 G,0.00 B,708.00 B
2019-06-04 01:45:57,1.79 G,12.00 G,132.00 B,408.00 B
2019-06-04 01:45:59,1.79 G,12.00 G,0.00 B,612.00 B
2019-06-04 01:46:01,1.79 G,12.00 G,0.00 B,2.34 K
2019-06-04 01:46:03,1.79 G,12.00 G,0.00 B,783.00 B
2019-06-04 01:46:05,1.79 G,12.00 G,21.55 K,1.32 M
2019-06-04 01:46:07,1.79 G,12.01 G,37.12 K,2.42 M
2019-06-04 01:46:09,1.79 G,12.01 G,27.20 K,2.43 M
2019-06-04 01:46:11,1.79 G,12.02 G,29.20 K,2.41 M
2019-06-04 01:46:13,1.79 G,12.02 G,0.00 B,756.00 B
2019-06-04 01:46:15,1.79 G,12.02 G,0.00 B,456.00 B
2019-06-04 01:46:17,1.79 G,12.02 G,40.12 K,2.36 M
2019-06-04 01:46:19,1.79 G,12.03 G,39.15 K,2.42 M
2019-06-04 01:46:21,1.79 G,12.03 G,25.52 K,1.53 M
2019-06-04 01:46:23,1.79 G,12.03 G,0.00 B,1.01 K
2019-06-04 01:46:25,1.79 G,12.03 G,4.41 K,124.75 K
2019-06-04 01:46:27,1.79 G,12.03 G,39.83 K,2.42 M
2019-06-04 01:46:29,1.79 G,12.04 G,44.79 K,2.40 M
2019-06-04 01:46:31,1.79 G,12.04 G,36.22 K,2.42 M
2019-06-04 01:46:33,1.79 G,12.05 G,35.32 K,2.42 M
2019-06-04 01:46:35,1.79 G,12.05 G,32.42 K,2.41 M
2019-06-04 01:46:37,1.79 G,12.05 G,2.70 K,6.38 K
2019-06-04 01:46:39,1.79 G,12.05 G,0.00 B,924.00 B
2019-06-04 01:46:41,1.79 G,12.06 G,33.39 K,2.42 M
2019-06-04 01:46:43,1.79 G,12.06 G,27.71 K,2.42 M
2019-06-04 01:46:45,1.79 G,12.07 G,31.90 K,2.43 M
2019-06-04 01:46:47,1.79 G,12.07 G,32.62 K,2.41 M
2019-06-04 01:46:49,1.79 G,12.08 G,20.20 K,1.46 M
2019-06-04 01:46:51,1.79 G,12.08 G,0.00 B,168.00 B
2019-06-04 01:46:53,1.79 G,12.08 G,0.00 B,1.19 K
2019-06-04 01:46:55,1.79 G,12.08 G,0.00 B,468.00 B
2019-06-04 01:46:57,1.79 G,12.08 G,84.00 B,759.00 B
2019-06-04 01:46:59,1.79 G,12.08 G,40.48 K,2.41 M
2019-06-04 01:47:01,1.79 G,12.08 G,21.58 K,1.20 M
2019-06-04 01:47:03,1.79 G,12.08 G,0.00 B,828.00 B
2019-06-04 01:47:05,1.79 G,12.08 G,12.82 K,368.10 K
2019-06-04 01:47:07,1.79 G,12.09 G,42.41 K,2.42 M
2019-06-04 01:47:09,1.79 G,12.09 G,30.04 K,2.40 M
2019-06-04 01:47:11,1.79 G,12.10 G,26.10 K,2.40 M
2019-06-04 01:47:13,1.79 G,12.10 G,0.00 B,444.00 B
2019-06-04 01:47:15,1.79 G,12.10 G,0.00 B,720.00 B
2019-06-04 01:47:17,1.79 G,12.10 G,86.43 K,1.78 M
2019-06-04 01:47:19,1.79 G,12.10 G,82.34 K,1.71 M
2019-06-04 01:47:21,1.79 G,12.11 G,77.17 K,1.64 M
2019-06-04 01:47:23,1.79 G,12.11 G,85.22 K,1.75 M
2019-06-04 01:47:26,1.79 G,12.11 G,0.00 B,492.00 B
2019-06-04 01:47:28,1.79 G,12.11 G,0.00 B,1.11 K
2019-06-04 01:47:30,1.79 G,12.11 G,36.42 K,1.92 M
2019-06-04 01:47:32,1.79 G,12.12 G,0.00 B,1.58 K
2019-06-04 01:47:34,1.79 G,12.12 G,0.00 B,492.00 B
2019-06-04 01:47:36,1.79 G,12.12 G,0.00 B,1.17 K
2019-06-04 01:47:38,1.79 G,12.12 G,0.00 B,1.43 K
2019-06-04 01:47:40,1.79 G,12.12 G,12.74 K,513.57 K
2019-06-04 01:47:42,1.79 G,12.12 G,0.00 B,708.00 B
2019-06-04 01:47:44,1.79 G,12.12 G,0.00 B,708.00 B
2019-06-04 01:47:46,1.79 G,12.12 G,38.89 K,1.47 M
2019-06-04 01:47:48,1.79 G,12.12 G,33.19 K,2.42 M
2019-06-04 01:47:50,1.79 G,12.13 G,14.91 K,1.15 M
2019-06-04 01:47:52,1.79 G,12.13 G,0.00 B,660.00 B
2019-06-04 01:47:54,1.79 G,12.13 G,11.54 K,443.14 K
2019-06-04 01:47:56,1.79 G,12.13 G,0.00 B,492.00 B
2019-06-04 01:47:58,1.79 G,12.13 G,0.00 B,1.55 K
2019-06-04 01:48:00,1.79 G,12.13 G,32.37 K,1.86 M
2019-06-04 01:48:02,1.79 G,12.14 G,33.32 K,2.43 M
2019-06-04 01:48:04,1.79 G,12.14 G,35.38 K,2.42 M
2019-06-04 01:48:06,1.79 G,12.15 G,33.08 K,2.36 M
2019-06-04 01:48:08,1.79 G,12.15 G,31.71 K,2.43 M
2019-06-04 01:48:10,1.79 G,12.16 G,32.55 K,2.43 M
2019-06-04 01:48:12,1.79 G,12.16 G,36.93 K,2.41 M
2019-06-04 01:48:14,1.79 G,12.16 G,8.44 K,491.13 K
2019-06-04 01:48:16,1.79 G,12.16 G,0.00 B,612.00 B
2019-06-04 01:48:18,1.79 G,12.16 G,0.00 B,552.00 B
2019-06-04 01:48:20,1.79 G,12.16 G,0.00 B,540.00 B
2019-06-04 01:48:22,1.79 G,12.16 G,0.00 B,548.00 B
2019-06-04 01:48:24,1.79 G,12.17 G,37.25 K,2.40 M
2019-06-04 01:48:26,1.79 G,12.17 G,34.16 K,2.41 M
2019-06-04 01:48:28,1.79 G,12.17 G,42.00 B,444.00 B
2019-06-04 01:48:30,1.79 G,12.17 G,0.00 B,1.05 K
2019-06-04 01:48:32,1.79 G,12.18 G,61.54 K,1.74 M
2019-06-04 01:48:34,1.79 G,12.18 G,0.00 B,888.00 B
2019-06-04 01:48:36,1.79 G,12.18 G,0.00 B,1.11 K
2019-06-04 01:48:38,1.79 G,12.18 G,39.60 K,2.42 M
2019-06-04 01:48:40,1.79 G,12.18 G,39.32 K,2.42 M
2019-06-04 01:48:42,1.79 G,12.19 G,36.42 K,2.40 M
2019-06-04 01:48:44,1.79 G,12.19 G,31.00 K,2.42 M
2019-06-04 01:48:46,1.79 G,12.20 G,31.71 K,2.42 M
2019-06-04 01:48:48,1.79 G,12.20 G,2.19 K,223.52 K
2019-06-04 01:48:50,1.79 G,12.20 G,0.00 B,924.00 B
2019-06-04 01:48:52,1.79 G,12.20 G,0.00 B,1.35 K
2019-06-04 01:48:54,1.79 G,12.20 G,0.00 B,612.00 B
2019-06-04 01:48:56,1.79 G,12.20 G,16.91 K,812.92 K
2019-06-04 01:48:58,1.79 G,12.20 G,81.85 K,1.69 M
2019-06-04 01:49:00,1.79 G,12.21 G,82.62 K,1.67 M
2019-06-04 01:49:02,1.79 G,12.21 G,75.08 K,1.52 M
2019-06-04 01:49:04,1.79 G,12.21 G,17.64 K,373.81 K
2019-06-04 01:49:06,1.79 G,12.21 G,0.00 B,600.00 B
2019-06-04 01:49:08,1.79 G,12.21 G,22.35 K,725.59 K
2019-06-04 01:49:10,1.79 G,12.22 G,35.38 K,2.40 M
2019-06-04 01:49:12,1.79 G,12.22 G,35.64 K,2.40 M
2019-06-04 01:49:14,1.79 G,12.23 G,78.32 K,1.59 M
2019-06-04 01:49:16,1.79 G,12.23 G,77.21 K,1.52 M
2019-06-04 01:49:18,1.79 G,12.23 G,82.13 K,1.63 M
2019-06-04 01:49:20,1.79 G,12.24 G,76.67 K,1.51 M
2019-06-04 01:49:22,1.79 G,12.24 G,0.00 B,600.00 B
2019-06-04 01:49:24,1.79 G,12.24 G,0.00 B,2.07 K
2019-06-04 01:49:26,1.79 G,12.24 G,0.00 B,432.00 B
2019-06-04 01:49:28,1.79 G,12.24 G,0.00 B,648.00 B
2019-06-04 01:49:30,1.79 G,12.24 G,35.85 K,2.16 M
2019-06-04 01:49:32,1.79 G,12.24 G,33.06 K,2.42 M
2019-06-04 01:49:34,1.79 G,12.25 G,32.29 K,2.42 M
2019-06-04 01:49:36,1.79 G,12.25 G,20.62 K,1.47 M
2019-06-04 01:49:38,1.79 G,12.25 G,0.00 B,600.00 B
2019-06-04 01:49:40,1.79 G,12.25 G,0.00 B,1008.00 B
2019-06-04 01:49:42,1.79 G,12.26 G,32.16 K,2.42 M
2019-06-04 01:49:44,1.79 G,12.26 G,28.17 K,2.42 M
2019-06-04 01:49:46,1.79 G,12.27 G,29.91 K,2.42 M
2019-06-04 01:49:48,1.79 G,12.27 G,37.90 K,2.40 M
2019-06-04 01:49:50,1.79 G,12.27 G,37.25 K,2.43 M
2019-06-04 01:49:52,1.79 G,12.28 G,30.16 K,2.43 M
2019-06-04 01:49:54,1.79 G,12.28 G,31.65 K,2.41 M
2019-06-04 01:49:56,1.79 G,12.29 G,33.78 K,2.42 M
2019-06-04 01:49:58,1.79 G,12.29 G,22.43 K,1.61 M
2019-06-04 01:50:00,1.79 G,12.29 G,0.00 B,540.00 B
2019-06-04 01:50:02,1.79 G,12.29 G,0.00 B,1.01 K
2019-06-04 01:50:04,1.79 G,12.30 G,40.67 K,2.41 M
2019-06-04 01:50:06,1.79 G,12.30 G,39.64 K,2.42 M
2019-06-04 01:50:08,1.79 G,12.31 G,44.21 K,2.43 M
2019-06-04 01:50:10,1.79 G,12.31 G,41.25 K,2.42 M
2019-06-04 01:50:12,1.79 G,12.32 G,36.80 K,2.43 M
2019-06-04 01:50:14,1.79 G,12.32 G,38.93 K,2.40 M
2019-06-04 01:50:16,1.79 G,12.32 G,32.03 K,2.42 M
2019-06-04 01:50:19,1.79 G,12.33 G,32.42 K,2.42 M
2019-06-04 01:50:21,1.79 G,12.33 G,29.46 K,2.41 M
2019-06-04 01:50:23,1.79 G,12.34 G,30.68 K,2.41 M
2019-06-04 01:50:25,1.79 G,12.34 G,33.19 K,2.42 M
2019-06-04 01:50:27,1.79 G,12.35 G,30.89 K,2.40 M
2019-06-04 01:50:29,1.79 G,12.35 G,34.68 K,2.41 M
2019-06-04 01:50:31,1.79 G,12.36 G,38.46 K,2.43 M
2019-06-04 01:50:33,1.79 G,12.36 G,8.83 K,527.68 K
2019-06-04 01:50:35,1.79 G,12.36 G,0.00 B,936.00 B
2019-06-04 01:50:37,1.79 G,12.36 G,0.00 B,492.00 B
2019-06-04 01:50:39,1.79 G,12.36 G,0.00 B,648.00 B
2019-06-04 01:50:41,1.79 G,12.36 G,0.00 B,180.00 B
2019-06-04 01:50:43,1.79 G,12.36 G,0.00 B,828.00 B
2019-06-04 01:50:45,1.79 G,12.36 G,34.74 K,2.42 M
2019-06-04 01:50:47,1.79 G,12.37 G,49.48 K,2.16 M
2019-06-04 01:50:49,1.79 G,12.37 G,78.83 K,1.64 M
2019-06-04 01:50:51,1.79 G,12.38 G,84.51 K,1.76 M
2019-06-04 01:50:53,1.79 G,12.38 G,72.48 K,1.65 M
2019-06-04 01:50:55,1.79 G,12.38 G,80.14 K,1.66 M
2019-06-04 01:50:57,1.79 G,12.39 G,81.11 K,1.68 M
2019-06-04 01:50:59,1.79 G,12.39 G,86.96 K,1.79 M
2019-06-04 01:51:01,1.79 G,12.39 G,81.43 K,1.69 M
2019-06-04 01:51:03,1.79 G,12.40 G,88.52 K,1.84 M
2019-06-04 01:51:05,1.79 G,12.40 G,88.07 K,1.84 M
2019-06-04 01:51:07,1.79 G,12.40 G,87.96 K,1.85 M
2019-06-04 01:51:09,1.79 G,12.41 G,29.58 K,640.05 K
2019-06-04 01:51:11,1.79 G,12.41 G,0.00 B,600.00 B
2019-06-04 01:51:13,1.79 G,12.41 G,0.00 B,432.00 B
2019-06-04 01:51:15,1.79 G,12.41 G,47.34 K,2.41 M
2019-06-04 01:51:17,1.79 G,12.41 G,48.98 K,2.42 M
2019-06-04 01:51:19,1.79 G,12.42 G,40.54 K,2.42 M
2019-06-04 01:51:21,1.79 G,12.42 G,32.61 K,2.43 M
2019-06-04 01:51:23,1.79 G,12.43 G,34.93 K,2.44 M
2019-06-04 01:51:25,1.79 G,12.43 G,41.01 K,2.42 M
2019-06-04 01:51:27,1.79 G,12.43 G,14.82 K,871.76 K
2019-06-04 01:51:29,1.79 G,12.43 G,0.00 B,540.00 B
2019-06-04 01:51:31,1.79 G,12.44 G,13.25 K,485.86 K
2019-06-04 01:51:33,1.79 G,12.44 G,36.20 K,2.42 M
2019-06-04 01:51:35,1.79 G,12.44 G,36.05 K,2.42 M
2019-06-04 01:51:37,1.79 G,12.45 G,42.93 K,2.42 M
2019-06-04 01:51:39,1.79 G,12.45 G,0.00 B,216.00 B
2019-06-04 01:51:41,1.79 G,12.45 G,0.00 B,708.00 B
2019-06-04 01:51:43,1.79 G,12.45 G,0.00 B,708.00 B
2019-06-04 01:51:45,1.79 G,12.45 G,2.70 K,5.73 K
2019-06-04 01:51:47,1.79 G,12.45 G,33.42 K,2.05 M
2019-06-04 01:51:49,1.79 G,12.46 G,33.90 K,2.43 M
2019-06-04 01:51:51,1.79 G,12.46 G,34.93 K,2.42 M
2019-06-04 01:51:53,1.79 G,12.47 G,29.39 K,2.43 M
2019-06-04 01:51:55,1.79 G,12.47 G,30.87 K,2.42 M
2019-06-04 01:51:57,1.79 G,12.47 G,0.00 B,924.00 B
2019-06-04 01:51:59,1.79 G,12.47 G,204.00 B,786.00 B
2019-06-04 01:52:01,1.79 G,12.47 G,37.76 K,2.26 M
2019-06-04 01:52:03,1.79 G,12.48 G,32.36 K,2.42 M
2019-06-04 01:52:05,1.79 G,12.48 G,19.25 K,1.60 M
2019-06-04 01:52:07,1.79 G,12.48 G,0.00 B,324.00 B
2019-06-04 01:52:09,1.79 G,12.48 G,1.05 K,26.17 K
2019-06-04 01:52:11,1.80 G,12.49 G,30.68 K,2.41 M
2019-06-04 01:52:13,1.80 G,12.49 G,32.23 K,2.40 M
2019-06-04 01:52:15,1.80 G,12.50 G,75.71 K,1.75 M
2019-06-04 01:52:17,1.80 G,12.50 G,81.97 K,1.66 M
2019-06-04 01:52:19,1.80 G,12.50 G,78.74 K,1.59 M
2019-06-04 01:52:21,1.80 G,12.50 G,0.00 B,864.00 B
2019-06-04 01:52:23,1.80 G,12.50 G,0.00 B,600.00 B
2019-06-04 01:52:25,1.80 G,12.50 G,132.00 B,1.22 K
2019-06-04 01:52:27,1.80 G,12.50 G,0.00 B,768.00 B
2019-06-04 01:52:29,1.80 G,12.51 G,39.38 K,2.42 M
2019-06-04 01:52:31,1.80 G,12.51 G,39.38 K,2.42 M
2019-06-04 01:52:33,1.80 G,12.51 G,40.90 K,2.42 M
2019-06-04 01:52:35,1.80 G,12.52 G,0.00 B,924.00 B
2019-06-04 01:52:37,1.80 G,12.52 G,0.00 B,0.00 B
2019-06-04 01:52:39,1.80 G,12.52 G,45.06 K,1.50 M
2019-06-04 01:52:41,1.80 G,12.52 G,34.22 K,2.43 M
2019-06-04 01:52:43,1.80 G,12.53 G,35.90 K,2.43 M
2019-06-04 01:52:45,1.80 G,12.53 G,35.64 K,2.40 M
2019-06-04 01:52:47,1.80 G,12.54 G,30.55 K,2.40 M
2019-06-04 01:52:49,1.80 G,12.54 G,31.13 K,2.42 M
2019-06-04 01:52:51,1.80 G,12.55 G,39.83 K,2.43 M
2019-06-04 01:52:53,1.80 G,12.55 G,42.93 K,2.43 M
2019-06-04 01:52:55,1.80 G,12.56 G,36.16 K,2.42 M
2019-06-04 01:52:57,1.80 G,12.56 G,0.00 B,1.11 K
2019-06-04 01:52:59,1.80 G,12.56 G,0.00 B,1.72 K
2019-06-04 01:53:01,1.80 G,12.56 G,0.00 B,924.00 B
2019-06-04 01:53:03,1.80 G,12.56 G,0.00 B,384.00 B
2019-06-04 01:53:05,1.80 G,12.56 G,174.00 B,402.00 B
2019-06-04 01:53:07,1.80 G,12.56 G,0.00 B,864.00 B
2019-06-04 01:53:09,1.80 G,12.56 G,41.06 K,2.42 M
2019-06-04 01:53:11,1.80 G,12.56 G,46.47 K,2.43 M
2019-06-04 01:53:13,1.80 G,12.57 G,32.89 K,2.42 M
2019-06-04 01:53:15,1.80 G,12.57 G,27.20 K,2.40 M
2019-06-04 01:53:17,1.80 G,12.57 G,0.00 B,708.00 B
2019-06-04 01:53:20,1.80 G,12.57 G,0.00 B,684.00 B
2019-06-04 01:53:22,1.80 G,12.57 G,0.00 B,768.00 B
2019-06-04 01:53:24,1.80 G,12.57 G,0.00 B,1.01 K
2019-06-04 01:53:26,1.80 G,12.58 G,40.62 K,2.19 M
2019-06-04 01:53:28,1.80 G,12.58 G,43.76 K,2.42 M
2019-06-04 01:53:30,1.80 G,12.59 G,38.48 K,2.42 M
2019-06-04 01:53:32,1.80 G,12.59 G,38.61 K,2.42 M
2019-06-04 01:53:34,1.80 G,12.59 G,45.61 K,2.30 M
2019-06-04 01:53:36,1.80 G,12.60 G,88.84 K,1.84 M
2019-06-04 01:53:38,1.80 G,12.60 G,87.88 K,1.84 M
2019-06-04 01:53:40,1.80 G,12.61 G,90.78 K,1.88 M
2019-06-04 01:53:42,1.80 G,12.61 G,82.64 K,1.75 M
2019-06-04 01:53:44,1.80 G,12.61 G,90.08 K,1.87 M
2019-06-04 01:53:46,1.80 G,12.62 G,89.87 K,1.86 M
2019-06-04 01:53:48,1.80 G,12.62 G,84.94 K,1.77 M
2019-06-04 01:53:50,1.80 G,12.62 G,86.20 K,1.82 M
2019-06-04 01:53:52,1.80 G,12.63 G,85.92 K,1.79 M
2019-06-04 01:53:54,1.80 G,12.63 G,87.67 K,1.85 M
2019-06-04 01:53:56,1.80 G,12.63 G,85.50 K,1.80 M
2019-06-04 01:53:58,1.80 G,12.64 G,91.63 K,1.90 M
2019-06-04 01:54:00,1.80 G,12.64 G,87.59 K,1.77 M
2019-06-04 01:54:02,1.80 G,12.64 G,91.76 K,1.90 M
2019-06-04 01:54:04,1.80 G,12.65 G,94.71 K,1.93 M
2019-06-04 01:54:06,1.80 G,12.65 G,83.59 K,1.75 M
2019-06-04 01:54:08,1.80 G,12.66 G,86.33 K,1.82 M
2019-06-04 01:54:10,1.80 G,12.66 G,86.47 K,1.83 M
2019-06-04 01:54:12,1.80 G,12.66 G,95.91 K,1.99 M
2019-06-04 01:54:14,1.80 G,12.67 G,98.70 K,2.05 M
2019-06-04 01:54:16,1.80 G,12.67 G,91.31 K,1.90 M
2019-06-04 01:54:18,1.80 G,12.67 G,95.94 K,1.99 M
2019-06-04 01:54:20,1.80 G,12.68 G,87.46 K,1.81 M
2019-06-04 01:54:22,1.80 G,12.68 G,92.31 K,1.90 M
2019-06-04 01:54:24,1.80 G,12.69 G,89.15 K,1.83 M
2019-06-04 01:54:26,1.80 G,12.69 G,86.07 K,1.80 M
2019-06-04 01:54:28,1.80 G,12.69 G,90.82 K,1.87 M
2019-06-04 01:54:30,1.80 G,12.70 G,88.25 K,1.86 M
2019-06-04 01:54:32,1.80 G,12.70 G,87.15 K,1.79 M
2019-06-04 01:54:34,1.80 G,12.70 G,95.44 K,2.01 M
2019-06-04 01:54:36,1.80 G,12.71 G,0.00 B,324.00 B
2019-06-04 01:54:38,1.80 G,12.71 G,0.00 B,987.00 B
2019-06-04 01:54:40,1.80 G,12.71 G,0.00 B,984.00 B
2019-06-04 01:54:42,1.80 G,12.71 G,52.59 K,2.20 M
2019-06-04 01:54:44,1.80 G,12.71 G,34.83 K,2.42 M
2019-06-04 01:54:46,1.80 G,12.72 G,25.47 K,2.39 M
2019-06-04 01:54:48,1.80 G,12.72 G,26.81 K,2.42 M
2019-06-04 01:54:50,1.80 G,12.73 G,30.94 K,2.41 M
2019-06-04 01:54:52,1.80 G,12.73 G,29.46 K,2.41 M
2019-06-04 01:54:54,1.80 G,12.74 G,33.77 K,2.42 M
2019-06-04 01:54:56,1.80 G,12.74 G,31.46 K,2.28 M
2019-06-04 01:54:58,1.80 G,12.75 G,30.96 K,2.05 M
2019-06-04 01:55:00,1.80 G,12.75 G,0.00 B,1.45 K
2019-06-04 01:55:02,1.80 G,12.75 G,0.00 B,564.00 B
2019-06-04 01:55:04,1.80 G,12.75 G,204.00 B,738.00 B
2019-06-04 01:55:06,1.80 G,12.75 G,42.00 B,600.00 B
2019-06-04 01:55:08,1.80 G,12.75 G,0.00 B,552.00 B
2019-06-04 01:55:10,1.80 G,12.75 G,0.00 B,768.00 B
2019-06-04 01:55:12,1.80 G,12.75 G,31.21 K,2.22 M
2019-06-04 01:55:14,1.80 G,12.75 G,0.00 B,384.00 B
2019-06-04 01:55:16,1.80 G,12.75 G,0.00 B,1.32 K
2019-06-04 01:55:18,1.80 G,12.75 G,93.85 K,1.94 M
2019-06-04 01:55:20,1.80 G,12.75 G,88.35 K,1.84 M
2019-06-04 01:55:22,1.80 G,12.76 G,84.51 K,1.80 M
2019-06-04 01:55:24,1.80 G,12.76 G,92.83 K,1.91 M
2019-06-04 01:55:26,1.80 G,12.77 G,93.69 K,1.89 M
2019-06-04 01:55:28,1.80 G,12.77 G,85.55 K,1.78 M
2019-06-04 01:55:30,1.80 G,12.77 G,92.90 K,1.91 M
2019-06-04 01:55:32,1.80 G,12.78 G,93.91 K,1.92 M
2019-06-04 01:55:34,1.80 G,12.78 G,89.79 K,1.86 M
2019-06-04 01:55:36,1.80 G,12.78 G,94.23 K,1.91 M
2019-06-04 01:55:38,1.80 G,12.79 G,97.14 K,1.99 M
2019-06-04 01:55:40,1.80 G,12.79 G,92.09 K,1.88 M
2019-06-04 01:55:42,1.80 G,12.80 G,93.16 K,1.91 M
2019-06-04 01:55:44,1.81 G,12.80 G,87.61 K,1.80 M
2019-06-04 01:55:46,1.81 G,12.80 G,84.04 K,1.76 M
2019-06-04 01:55:48,1.81 G,12.81 G,88.61 K,1.85 M
2019-06-04 01:55:50,1.81 G,12.81 G,90.93 K,1.88 M
2019-06-04 01:55:52,1.81 G,12.81 G,93.96 K,1.92 M
2019-06-04 01:55:54,1.81 G,12.82 G,92.25 K,1.82 M
2019-06-04 01:55:56,1.81 G,12.82 G,92.72 K,1.87 M
2019-06-04 01:55:58,1.81 G,12.82 G,93.91 K,1.91 M
2019-06-04 01:56:00,1.81 G,12.83 G,96.15 K,1.94 M
2019-06-04 01:56:02,1.81 G,12.83 G,92.71 K,1.89 M
2019-06-04 01:56:04,1.81 G,12.84 G,92.22 K,1.87 M
2019-06-04 01:56:06,1.81 G,12.84 G,94.31 K,1.91 M
2019-06-04 01:56:08,1.81 G,12.84 G,85.71 K,1.74 M
2019-06-04 01:56:10,1.81 G,12.85 G,81.57 K,1.70 M
2019-06-04 01:56:12,1.81 G,12.85 G,7.78 K,176.22 K
2019-06-04 01:56:14,1.81 G,12.85 G,0.00 B,828.00 B
2019-06-04 01:56:16,1.81 G,12.85 G,0.00 B,936.00 B
2019-06-04 01:56:19,1.81 G,12.85 G,36.19 K,1.81 M
2019-06-04 01:56:21,1.81 G,12.85 G,33.71 K,2.42 M
2019-06-04 01:56:23,1.81 G,12.86 G,30.16 K,2.42 M
2019-06-04 01:56:25,1.81 G,12.86 G,29.00 K,2.41 M
2019-06-04 01:56:27,1.81 G,12.87 G,26.64 K,2.42 M
2019-06-04 01:56:29,1.81 G,12.87 G,0.00 B,324.00 B
2019-06-04 01:56:31,1.81 G,12.87 G,0.00 B,1.03 K
2019-06-04 01:56:33,1.81 G,12.87 G,0.00 B,780.00 B
2019-06-04 01:56:35,1.81 G,12.87 G,0.00 B,540.00 B
2019-06-04 01:56:37,1.81 G,12.87 G,8.19 K,424.83 K
2019-06-04 01:56:39,1.81 G,12.87 G,0.00 B,708.00 B
2019-06-04 01:56:41,1.81 G,12.87 G,16.30 K,798.73 K
2019-06-04 01:56:43,1.81 G,12.88 G,31.14 K,2.41 M
2019-06-04 01:56:45,1.81 G,12.88 G,29.22 K,2.42 M
2019-06-04 01:56:47,1.81 G,12.88 G,6.77 K,497.09 K
2019-06-04 01:56:49,1.81 G,12.88 G,0.00 B,432.00 B
2019-06-04 01:56:51,1.81 G,12.88 G,0.00 B,600.00 B
2019-06-04 01:56:53,1.81 G,12.88 G,132.00 B,1.36 K
2019-06-04 01:56:55,1.81 G,12.88 G,0.00 B,384.00 B
2019-06-04 01:56:57,1.81 G,12.89 G,28.81 K,2.43 M
2019-06-04 01:56:59,1.81 G,12.89 G,32.81 K,2.42 M
2019-06-04 01:57:01,1.81 G,12.90 G,33.47 K,2.42 M
2019-06-04 01:57:03,1.81 G,12.90 G,26.23 K,2.25 M
2019-06-04 01:57:05,1.81 G,12.90 G,32.27 K,2.04 M
2019-06-04 01:57:07,1.81 G,12.91 G,42.94 K,1.11 M
2019-06-04 01:57:09,1.81 G,12.91 G,0.00 B,1.07 K
2019-06-04 01:57:11,1.81 G,12.91 G,0.00 B,708.00 B
2019-06-04 01:57:13,1.81 G,12.91 G,10.18 K,637.49 K
2019-06-04 01:57:15,1.81 G,12.91 G,2.70 K,6.18 K
2019-06-04 01:57:17,1.81 G,12.91 G,396.00 B,702.00 B
