2019-06-08 23:19:36,6.91 G,60.42 G,0.00 B,444.00 B
2019-06-08 23:19:38,6.91 G,60.42 G,0.00 B,780.00 B
2019-06-08 23:19:40,6.91 G,60.42 G,0.00 B,492.00 B
2019-06-08 23:19:42,6.91 G,60.42 G,0.00 B,216.00 B
2019-06-08 23:19:44,6.91 G,60.42 G,0.00 B,783.00 B
2019-06-08 23:19:46,6.91 G,60.42 G,0.00 B,540.00 B
2019-06-08 23:19:48,6.91 G,60.42 G,0.00 B,1.20 K
2019-06-08 23:19:50,6.91 G,60.42 G,0.00 B,999.00 B
2019-06-08 23:19:52,6.91 G,60.42 G,0.00 B,768.00 B
2019-06-08 23:19:54,6.91 G,60.42 G,0.00 B,984.00 B
2019-06-08 23:19:56,6.91 G,60.42 G,0.00 B,660.00 B
2019-06-08 23:19:58,6.91 G,60.42 G,0.00 B,444.00 B
2019-06-08 23:20:00,6.91 G,60.42 G,0.00 B,1.15 K
2019-06-08 23:20:02,6.91 G,60.42 G,0.00 B,384.00 B
2019-06-08 23:20:04,6.91 G,60.42 G,0.00 B,795.00 B
2019-06-08 23:20:06,6.91 G,60.42 G,0.00 B,1.32 K
2019-06-08 23:20:08,6.91 G,60.42 G,42.00 B,600.00 B
2019-06-08 23:20:10,6.91 G,60.42 G,0.00 B,816.00 B
2019-06-08 23:20:12,6.91 G,60.42 G,0.00 B,531.00 B
2019-06-08 23:20:14,6.91 G,60.42 G,0.00 B,1.71 K
2019-06-08 23:20:16,6.91 G,60.42 G,0.00 B,1.09 K
2019-06-08 23:20:18,6.91 G,60.43 G,0.00 B,336.00 B
2019-06-08 23:20:20,6.91 G,60.43 G,0.00 B,1.32 K
2019-06-08 23:20:22,6.91 G,60.43 G,0.00 B,708.00 B
2019-06-08 23:20:24,6.91 G,60.43 G,0.00 B,540.00 B
2019-06-08 23:20:26,6.91 G,60.43 G,0.00 B,432.00 B
2019-06-08 23:20:28,6.91 G,60.43 G,0.00 B,504.00 B
2019-06-08 23:20:30,6.91 G,60.43 G,0.00 B,768.00 B
2019-06-08 23:20:32,6.91 G,60.43 G,0.00 B,600.00 B
2019-06-08 23:20:34,6.91 G,60.43 G,0.00 B,216.00 B
2019-06-08 23:20:36,6.91 G,60.43 G,0.00 B,600.00 B
2019-06-08 23:20:38,6.91 G,60.43 G,0.00 B,648.00 B
2019-06-08 23:20:40,6.91 G,60.43 G,7.99 K,45.11 K
2019-06-08 23:20:42,6.91 G,60.43 G,0.00 B,1.05 K
2019-06-08 23:20:44,6.91 G,60.43 G,0.00 B,816.00 B
2019-06-08 23:20:46,6.91 G,60.43 G,0.00 B,1.19 K
2019-06-08 23:20:48,6.91 G,60.43 G,0.00 B,1.03 K
2019-06-08 23:20:50,6.91 G,60.43 G,0.00 B,756.00 B
2019-06-08 23:20:52,6.91 G,60.43 G,0.00 B,768.00 B
2019-06-08 23:20:54,6.91 G,60.43 G,0.00 B,540.00 B
2019-06-08 23:20:56,6.91 G,60.43 G,0.00 B,276.00 B
2019-06-08 23:20:58,6.91 G,60.43 G,0.00 B,768.00 B
2019-06-08 23:21:00,6.91 G,60.43 G,0.00 B,1.18 K
2019-06-08 23:21:02,6.91 G,60.43 G,0.00 B,384.00 B
2019-06-08 23:21:04,6.91 G,60.43 G,0.00 B,768.00 B
2019-06-08 23:21:06,6.91 G,60.43 G,0.00 B,780.00 B
2019-06-08 23:21:08,6.91 G,60.43 G,0.00 B,504.00 B
2019-06-08 23:21:10,6.91 G,60.43 G,0.00 B,1.11 K
2019-06-08 23:21:12,6.91 G,60.43 G,0.00 B,876.00 B
2019-06-08 23:21:14,6.91 G,60.43 G,84.00 B,1.10 K
2019-06-08 23:21:16,6.91 G,60.43 G,0.00 B,876.00 B
2019-06-08 23:21:18,6.91 G,60.43 G,0.00 B,984.00 B
2019-06-08 23:21:20,6.91 G,60.43 G,0.00 B,660.00 B
2019-06-08 23:21:22,6.91 G,60.43 G,0.00 B,600.00 B
2019-06-08 23:21:24,6.91 G,60.43 G,6.85 K,59.27 K
2019-06-08 23:21:26,6.91 G,60.43 G,0.00 B,60.00 B
2019-06-08 23:21:28,6.91 G,60.43 G,0.00 B,1.12 K
2019-06-08 23:21:30,6.91 G,60.43 G,0.00 B,648.00 B
2019-06-08 23:21:32,6.91 G,60.43 G,0.00 B,216.00 B
2019-06-08 23:21:34,6.91 G,60.43 G,0.00 B,1.05 K
2019-06-08 23:21:36,6.91 G,60.43 G,0.00 B,708.00 B
2019-06-08 23:21:38,6.91 G,60.43 G,0.00 B,600.00 B
2019-06-08 23:21:40,6.91 G,60.43 G,0.00 B,756.00 B
2019-06-08 23:21:42,6.91 G,60.43 G,0.00 B,972.00 B
2019-06-08 23:21:44,6.91 G,60.43 G,0.00 B,1.20 K
2019-06-08 23:21:46,6.91 G,60.43 G,0.00 B,1.32 K
2019-06-08 23:21:48,6.91 G,60.43 G,0.00 B,1.38 K
2019-06-08 23:21:50,6.91 G,60.43 G,0.00 B,648.00 B
2019-06-08 23:21:52,6.91 G,60.43 G,0.00 B,540.00 B
2019-06-08 23:21:54,6.91 G,60.43 G,0.00 B,540.00 B
2019-06-08 23:21:56,6.91 G,60.43 G,0.00 B,864.00 B
2019-06-08 23:21:58,6.91 G,60.43 G,0.00 B,384.00 B
2019-06-08 23:22:00,6.91 G,60.43 G,0.00 B,810.00 B
2019-06-08 23:22:02,6.91 G,60.43 G,0.00 B,108.00 B
2019-06-08 23:22:04,6.91 G,60.43 G,0.00 B,708.00 B
2019-06-08 23:22:06,6.91 G,60.43 G,0.00 B,1.18 K
2019-06-08 23:22:08,6.91 G,60.43 G,0.00 B,660.00 B
2019-06-08 23:22:10,6.91 G,60.43 G,204.00 B,1.14 K
2019-06-08 23:22:12,6.91 G,60.43 G,42.00 B,984.00 B
2019-06-08 23:22:14,6.91 G,60.43 G,0.00 B,876.00 B
2019-06-08 23:22:16,6.91 G,60.43 G,0.00 B,660.00 B
2019-06-08 23:22:18,6.91 G,60.43 G,0.00 B,816.00 B
2019-06-08 23:22:20,6.91 G,60.43 G,0.00 B,648.00 B
2019-06-08 23:22:22,6.91 G,60.43 G,0.00 B,336.00 B
2019-06-08 23:22:24,6.91 G,60.43 G,0.00 B,168.00 B
2019-06-08 23:22:26,6.91 G,60.43 G,0.00 B,1.14 K
2019-06-08 23:22:28,6.91 G,60.43 G,2.35 K,4.70 K
2019-06-08 23:22:30,6.91 G,60.43 G,0.00 B,492.00 B
2019-06-08 23:22:32,6.91 G,60.43 G,0.00 B,600.00 B
2019-06-08 23:22:34,6.91 G,60.43 G,0.00 B,648.00 B
2019-06-08 23:22:36,6.91 G,60.43 G,0.00 B,708.00 B
2019-06-08 23:22:38,6.91 G,60.43 G,0.00 B,1.38 K
2019-06-08 23:22:40,6.91 G,60.43 G,0.00 B,1.50 K
2019-06-08 23:22:42,6.91 G,60.43 G,0.00 B,1.14 K
2019-06-08 23:22:44,6.91 G,60.43 G,0.00 B,1.43 K
2019-06-08 23:22:47,6.91 G,60.43 G,0.00 B,876.00 B
2019-06-08 23:22:49,6.91 G,60.43 G,0.00 B,660.00 B
2019-06-08 23:22:51,6.91 G,60.43 G,0.00 B,540.00 B
2019-06-08 23:22:53,6.91 G,60.43 G,0.00 B,444.00 B
2019-06-08 23:22:55,6.91 G,60.43 G,0.00 B,840.00 B
2019-06-08 23:22:57,6.91 G,60.43 G,0.00 B,396.00 B
2019-06-08 23:22:59,6.91 G,60.43 G,0.00 B,120.00 B
2019-06-08 23:23:01,6.91 G,60.43 G,0.00 B,384.00 B
2019-06-08 23:23:03,6.91 G,60.43 G,0.00 B,660.00 B
2019-06-08 23:23:05,6.91 G,60.43 G,0.00 B,552.00 B
2019-06-08 23:23:07,6.91 G,60.43 G,0.00 B,1.16 K
2019-06-08 23:23:09,6.91 G,60.43 G,0.00 B,672.00 B
2019-06-08 23:23:11,6.91 G,60.43 G,0.00 B,1.17 K
2019-06-08 23:23:13,6.91 G,60.43 G,6.65 K,43.82 K
2019-06-08 23:23:15,6.91 G,60.43 G,0.00 B,972.00 B
2019-06-08 23:23:17,6.91 G,60.43 G,84.00 B,996.00 B
2019-06-08 23:23:19,6.91 G,60.43 G,0.00 B,411.00 B
2019-06-08 23:23:21,6.91 G,60.43 G,0.00 B,540.00 B
2019-06-08 23:23:23,6.91 G,60.43 G,0.00 B,384.00 B
2019-06-08 23:23:25,6.91 G,60.43 G,0.00 B,816.00 B
2019-06-08 23:23:27,6.91 G,60.43 G,0.00 B,120.00 B
2019-06-08 23:23:29,6.91 G,60.43 G,0.00 B,384.00 B
2019-06-08 23:23:31,6.91 G,60.43 G,0.00 B,444.00 B
2019-06-08 23:23:33,6.91 G,60.43 G,0.00 B,1.22 K
2019-06-08 23:23:35,6.91 G,60.43 G,0.00 B,492.00 B
2019-06-08 23:23:37,6.91 G,60.43 G,0.00 B,648.00 B
2019-06-08 23:23:39,6.91 G,60.43 G,0.00 B,1.77 K
2019-06-08 23:23:41,6.91 G,60.43 G,0.00 B,600.00 B
2019-06-08 23:23:43,6.91 G,60.43 G,0.00 B,864.00 B
2019-06-08 23:23:45,6.91 G,60.43 G,0.00 B,504.00 B
2019-06-08 23:23:47,6.91 G,60.43 G,42.00 B,1.09 K
2019-06-08 23:23:49,6.91 G,60.43 G,0.00 B,600.00 B
2019-06-08 23:23:51,6.91 G,60.43 G,0.00 B,276.00 B
2019-06-08 23:23:53,6.91 G,60.43 G,7.14 K,58.84 K
2019-06-08 23:23:55,6.91 G,60.43 G,0.00 B,648.00 B
2019-06-08 23:23:57,6.91 G,60.43 G,0.00 B,675.00 B
2019-06-08 23:23:59,6.91 G,60.43 G,0.00 B,552.00 B
2019-06-08 23:24:01,6.91 G,60.43 G,0.00 B,1.23 K
2019-06-08 23:24:03,6.91 G,60.43 G,0.00 B,60.00 B
2019-06-08 23:24:05,6.91 G,60.43 G,0.00 B,1.90 K
2019-06-08 23:24:07,6.91 G,60.43 G,0.00 B,1.16 K
2019-06-08 23:24:09,6.91 G,60.43 G,0.00 B,1008.00 B
2019-06-08 23:24:11,6.91 G,60.43 G,0.00 B,1.14 K
2019-06-08 23:24:13,6.91 G,60.43 G,7.16 K,49.35 K
2019-06-08 23:24:15,6.91 G,60.43 G,0.00 B,1.37 K
2019-06-08 23:24:17,6.91 G,60.43 G,0.00 B,168.00 B
2019-06-08 23:24:19,6.91 G,60.43 G,0.00 B,936.00 B
2019-06-08 23:24:21,6.91 G,60.43 G,0.00 B,276.00 B
2019-06-08 23:24:23,6.91 G,60.43 G,0.00 B,324.00 B
2019-06-08 23:24:25,6.91 G,60.43 G,0.00 B,492.00 B
2019-06-08 23:24:27,6.91 G,60.43 G,0.00 B,432.00 B
2019-06-08 23:24:29,6.91 G,60.43 G,0.00 B,492.00 B
2019-06-08 23:24:31,6.91 G,60.43 G,0.00 B,1.05 K
2019-06-08 23:24:33,6.91 G,60.43 G,7.75 K,49.24 K
2019-06-08 23:24:36,6.91 G,60.43 G,0.00 B,1.02 K
2019-06-08 23:24:38,6.91 G,60.43 G,0.00 B,1.03 K
2019-06-08 23:24:40,6.91 G,60.43 G,0.00 B,1.70 K
2019-06-08 23:24:42,6.91 G,60.43 G,0.00 B,684.00 B
2019-06-08 23:24:44,6.91 G,60.43 G,0.00 B,1.31 K
2019-06-08 23:24:46,6.91 G,60.43 G,0.00 B,816.00 B
2019-06-08 23:24:48,6.91 G,60.43 G,0.00 B,432.00 B
2019-06-08 23:24:50,6.91 G,60.43 G,0.00 B,168.00 B
2019-06-08 23:24:52,6.91 G,60.43 G,0.00 B,624.00 B
2019-06-08 23:24:54,6.91 G,60.43 G,0.00 B,384.00 B
2019-06-08 23:24:56,6.91 G,60.43 G,4.88 K,41.64 K
2019-06-08 23:24:58,6.91 G,60.43 G,0.00 B,324.00 B
2019-06-08 23:25:00,6.91 G,60.43 G,0.00 B,1.76 K
2019-06-08 23:25:02,6.91 G,60.43 G,0.00 B,708.00 B
2019-06-08 23:25:04,6.91 G,60.43 G,0.00 B,1.11 K
2019-06-08 23:25:06,6.91 G,60.43 G,0.00 B,1.11 K
2019-06-08 23:25:08,6.91 G,60.43 G,0.00 B,432.00 B
2019-06-08 23:25:10,6.91 G,60.43 G,0.00 B,1.05 K
2019-06-08 23:25:12,6.91 G,60.43 G,4.44 K,27.58 K
2019-06-08 23:25:14,6.91 G,60.43 G,204.00 B,690.00 B
2019-06-08 23:25:16,6.91 G,60.43 G,0.00 B,780.00 B
2019-06-08 23:25:18,6.91 G,60.43 G,0.00 B,384.00 B
2019-06-08 23:25:20,6.91 G,60.43 G,0.00 B,216.00 B
2019-06-08 23:25:22,6.91 G,60.43 G,50.00 B,612.00 B
2019-06-08 23:25:24,6.91 G,60.43 G,0.00 B,540.00 B
2019-06-08 23:25:26,6.91 G,60.43 G,0.00 B,660.00 B
2019-06-08 23:25:28,6.91 G,60.43 G,0.00 B,1.22 K
2019-06-08 23:25:30,6.91 G,60.43 G,0.00 B,216.00 B
2019-06-08 23:25:32,6.91 G,60.43 G,0.00 B,1.37 K
2019-06-08 23:25:34,6.91 G,60.43 G,0.00 B,1.11 K
2019-06-08 23:25:36,6.91 G,60.43 G,0.00 B,768.00 B
2019-06-08 23:25:38,6.91 G,60.43 G,0.00 B,1.16 K
2019-06-08 23:25:40,6.91 G,60.43 G,0.00 B,860.00 B
2019-06-08 23:25:43,6.91 G,60.43 G,0.00 B,768.00 B
2019-06-08 23:25:45,6.91 G,60.43 G,0.00 B,384.00 B
2019-06-08 23:25:47,6.91 G,60.43 G,0.00 B,612.00 B
2019-06-08 23:25:50,6.91 G,60.43 G,3.34 K,5.35 K
2019-06-08 23:25:52,6.91 G,60.43 G,0.00 B,600.00 B
2019-06-08 23:25:54,6.91 G,60.43 G,0.00 B,540.00 B
2019-06-08 23:25:56,6.91 G,60.43 G,0.00 B,168.00 B
2019-06-08 23:25:58,6.91 G,60.43 G,0.00 B,816.00 B
2019-06-08 23:26:00,6.91 G,60.43 G,0.00 B,780.00 B
2019-06-08 23:26:02,6.91 G,60.43 G,0.00 B,1.28 K
2019-06-08 23:26:04,6.91 G,60.43 G,0.00 B,1.01 K
2019-06-08 23:26:06,6.91 G,60.43 G,0.00 B,540.00 B
2019-06-08 23:26:08,6.91 G,60.43 G,0.00 B,1.05 K
2019-06-08 23:26:10,6.91 G,60.43 G,0.00 B,924.00 B
2019-06-08 23:26:12,6.91 G,60.43 G,0.00 B,444.00 B
2019-06-08 23:26:14,6.91 G,60.43 G,0.00 B,816.00 B
2019-06-08 23:26:16,6.91 G,60.43 G,204.00 B,690.00 B
2019-06-08 23:26:18,6.91 G,60.43 G,42.00 B,276.00 B
2019-06-08 23:26:20,6.91 G,60.43 G,0.00 B,384.00 B
2019-06-08 23:26:22,6.91 G,60.43 G,0.00 B,336.00 B
2019-06-08 23:26:24,6.91 G,60.43 G,0.00 B,936.00 B
2019-06-08 23:26:26,6.91 G,60.43 G,0.00 B,768.00 B
2019-06-08 23:26:28,6.91 G,60.43 G,0.00 B,1.09 K
2019-06-08 23:26:30,6.91 G,60.43 G,0.00 B,660.00 B
2019-06-08 23:26:32,6.91 G,60.43 G,0.00 B,648.00 B
2019-06-08 23:26:34,6.91 G,60.43 G,0.00 B,1.17 K
2019-06-08 23:26:37,6.91 G,60.43 G,0.00 B,1.48 K
2019-06-08 23:26:39,6.91 G,60.43 G,0.00 B,908.00 B
2019-06-08 23:26:41,6.91 G,60.43 G,0.00 B,1.07 K
2019-06-08 23:26:43,6.91 G,60.43 G,3.96 K,5.56 K
2019-06-08 23:26:45,6.91 G,60.43 G,0.00 B,708.00 B
2019-06-08 23:26:47,6.91 G,60.43 G,0.00 B,0.00 B
2019-06-08 23:26:49,6.91 G,60.43 G,0.00 B,444.00 B
2019-06-08 23:26:51,6.91 G,60.43 G,42.00 B,552.00 B
2019-06-08 23:26:53,6.91 G,60.43 G,0.00 B,648.00 B
2019-06-08 23:26:55,6.91 G,60.43 G,0.00 B,1.12 K
2019-06-08 23:26:57,6.91 G,60.43 G,3.47 K,4.65 K
2019-06-08 23:26:59,6.91 G,60.43 G,0.00 B,432.00 B
2019-06-08 23:27:01,6.91 G,60.43 G,0.00 B,864.00 B
2019-06-08 23:27:03,6.91 G,60.43 G,0.00 B,1.37 K
2019-06-08 23:27:05,6.91 G,60.43 G,0.00 B,1.91 K
2019-06-08 23:27:07,6.91 G,60.43 G,0.00 B,1.01 K
2019-06-08 23:27:09,6.91 G,60.43 G,0.00 B,600.00 B
2019-06-08 23:27:11,6.91 G,60.43 G,0.00 B,1.07 K
2019-06-08 23:27:13,6.91 G,60.43 G,3.77 K,910.00 B
2019-06-08 23:27:15,6.91 G,60.43 G,0.00 B,384.00 B
2019-06-08 23:27:17,6.91 G,60.43 G,204.00 B,246.00 B
2019-06-08 23:27:19,6.91 G,60.43 G,0.00 B,756.00 B
2019-06-08 23:27:21,6.91 G,60.43 G,0.00 B,876.00 B
2019-06-08 23:27:23,6.91 G,60.43 G,42.00 B,456.00 B
2019-06-08 23:27:25,6.91 G,60.43 G,0.00 B,1.27 K
2019-06-08 23:27:27,6.91 G,60.43 G,396.00 B,1.73 K
2019-06-08 23:27:29,6.91 G,60.43 G,0.00 B,1.02 K
2019-06-08 23:27:31,6.91 G,60.43 G,0.00 B,624.00 B
2019-06-08 23:27:33,6.91 G,60.43 G,0.00 B,1.29 K
2019-06-08 23:27:35,6.91 G,60.43 G,0.00 B,756.00 B
2019-06-08 23:27:37,6.91 G,60.43 G,0.00 B,1.01 K
2019-06-08 23:27:39,6.91 G,60.43 G,0.00 B,1.02 K
2019-06-08 23:27:41,6.91 G,60.43 G,0.00 B,504.00 B
2019-06-08 23:27:43,6.91 G,60.43 G,0.00 B,1.03 K
2019-06-08 23:27:45,6.91 G,60.43 G,0.00 B,396.00 B
2019-06-08 23:27:47,6.91 G,60.43 G,0.00 B,552.00 B
2019-06-08 23:27:49,6.91 G,60.43 G,0.00 B,228.00 B
2019-06-08 23:27:51,6.91 G,60.43 G,42.00 B,984.00 B
2019-06-08 23:27:53,6.91 G,60.43 G,8.26 K,233.34 K
2019-06-08 23:27:55,6.91 G,60.43 G,0.00 B,864.00 B
2019-06-08 23:27:57,6.91 G,60.43 G,0.00 B,1.16 K
2019-06-08 23:27:59,6.91 G,60.43 G,0.00 B,1.34 K
2019-06-08 23:28:01,6.91 G,60.43 G,0.00 B,1.02 K
2019-06-08 23:28:03,6.91 G,60.43 G,0.00 B,1.27 K
2019-06-08 23:28:05,6.91 G,60.43 G,0.00 B,756.00 B
2019-06-08 23:28:07,6.91 G,60.43 G,0.00 B,924.00 B
2019-06-08 23:28:09,6.91 G,60.43 G,0.00 B,984.00 B
2019-06-08 23:28:11,6.91 G,60.43 G,0.00 B,1.02 K
2019-06-08 23:28:13,6.91 G,60.43 G,0.00 B,228.00 B
2019-06-08 23:28:15,6.91 G,60.43 G,0.00 B,180.00 B
2019-06-08 23:28:17,6.91 G,60.43 G,0.00 B,936.00 B
2019-06-08 23:28:19,6.91 G,60.43 G,0.00 B,540.00 B
2019-06-08 23:28:21,6.91 G,60.43 G,0.00 B,108.00 B
2019-06-08 23:28:23,6.91 G,60.43 G,0.00 B,384.00 B
2019-06-08 23:28:25,6.91 G,60.43 G,0.00 B,384.00 B
2019-06-08 23:28:28,6.91 G,60.43 G,0.00 B,540.00 B
2019-06-08 23:28:30,6.91 G,60.43 G,0.00 B,984.00 B
2019-06-08 23:28:32,6.91 G,60.43 G,0.00 B,1.16 K
2019-06-08 23:28:36,6.91 G,60.43 G,0.00 B,1.17 K
2019-06-08 23:28:38,6.91 G,60.43 G,0.00 B,1.11 K
2019-06-08 23:28:40,6.91 G,60.43 G,0.00 B,228.00 B
2019-06-08 23:28:42,6.91 G,60.43 G,0.00 B,492.00 B
2019-06-08 23:28:44,6.91 G,60.43 G,0.00 B,432.00 B
2019-06-08 23:28:46,6.91 G,60.43 G,0.00 B,108.00 B
2019-06-08 23:28:48,6.91 G,60.43 G,0.00 B,432.00 B
2019-06-08 23:28:50,6.91 G,60.43 G,0.00 B,648.00 B
2019-06-08 23:28:52,6.91 G,60.43 G,4.32 K,66.27 K
2019-06-08 23:28:54,6.91 G,60.43 G,42.00 B,1.01 K
2019-06-08 23:28:56,6.91 G,60.43 G,0.00 B,1.16 K
2019-06-08 23:28:58,6.91 G,60.43 G,0.00 B,600.00 B
2019-06-08 23:29:00,6.91 G,60.43 G,0.00 B,1.45 K
2019-06-08 23:29:02,6.91 G,60.43 G,0.00 B,924.00 B
2019-06-08 23:29:04,6.91 G,60.43 G,0.00 B,984.00 B
2019-06-08 23:29:07,6.91 G,60.43 G,0.00 B,1.29 K
2019-06-08 23:29:09,6.91 G,60.43 G,0.00 B,276.00 B
2019-06-08 23:29:11,6.91 G,60.43 G,0.00 B,216.00 B
2019-06-08 23:29:13,6.91 G,60.43 G,0.00 B,735.00 B
2019-06-08 23:29:15,6.91 G,60.43 G,0.00 B,540.00 B
2019-06-08 23:29:17,6.91 G,60.43 G,0.00 B,108.00 B
2019-06-08 23:29:19,6.91 G,60.43 G,0.00 B,648.00 B
2019-06-08 23:29:21,6.91 G,60.43 G,0.00 B,1.11 K
2019-06-08 23:29:23,6.91 G,60.43 G,0.00 B,540.00 B
2019-06-08 23:29:25,6.91 G,60.43 G,11.61 K,461.23 K
2019-06-08 23:29:27,6.91 G,60.43 G,0.00 B,648.00 B
2019-06-08 23:29:29,6.91 G,60.43 G,0.00 B,1.59 K
2019-06-08 23:29:31,6.91 G,60.43 G,0.00 B,876.00 B
2019-06-08 23:29:33,6.91 G,60.43 G,0.00 B,1.07 K
2019-06-08 23:29:35,6.91 G,60.43 G,0.00 B,324.00 B
2019-06-08 23:29:37,6.91 G,60.43 G,0.00 B,768.00 B
2019-06-08 23:29:39,6.91 G,60.43 G,0.00 B,648.00 B
2019-06-08 23:29:41,6.91 G,60.43 G,0.00 B,324.00 B
2019-06-08 23:29:43,6.91 G,60.43 G,0.00 B,0.00 B
2019-06-08 23:29:45,6.91 G,60.43 G,0.00 B,792.00 B
2019-06-08 23:29:47,6.91 G,60.43 G,50.00 B,612.00 B
2019-06-08 23:29:49,6.91 G,60.43 G,0.00 B,492.00 B
2019-06-08 23:29:51,6.91 G,60.43 G,0.00 B,1.37 K
2019-06-08 23:29:53,6.91 G,60.43 G,0.00 B,720.00 B
2019-06-08 23:29:55,6.91 G,60.43 G,42.00 B,2.09 K
2019-06-08 23:29:57,6.91 G,60.43 G,0.00 B,1.61 K
2019-06-08 23:29:59,6.91 G,60.43 G,5.35 K,385.72 K
2019-06-08 23:30:01,6.91 G,60.43 G,0.00 B,795.00 B
2019-06-08 23:30:03,6.91 G,60.43 G,0.00 B,756.00 B
2019-06-08 23:30:05,6.91 G,60.43 G,0.00 B,1.03 K
2019-06-08 23:30:07,6.91 G,60.43 G,0.00 B,216.00 B
2019-06-08 23:30:09,6.91 G,60.43 G,0.00 B,816.00 B
2019-06-08 23:30:11,6.91 G,60.43 G,0.00 B,504.00 B
2019-06-08 23:30:13,6.91 G,60.43 G,0.00 B,600.00 B
2019-06-08 23:30:15,6.91 G,60.43 G,0.00 B,384.00 B
2019-06-08 23:30:17,6.91 G,60.43 G,0.00 B,336.00 B
2019-06-08 23:30:19,6.91 G,60.43 G,11.13 K,451.08 K
2019-06-08 23:30:21,6.91 G,60.43 G,204.00 B,690.00 B
2019-06-08 23:30:23,6.91 G,60.43 G,0.00 B,1.86 K
2019-06-08 23:30:25,6.91 G,60.43 G,0.00 B,756.00 B
2019-06-08 23:30:27,6.91 G,60.43 G,42.00 B,504.00 B
2019-06-08 23:30:29,6.91 G,60.43 G,0.00 B,2.07 K
2019-06-08 23:30:31,6.91 G,60.43 G,0.00 B,1.12 K
2019-06-08 23:30:33,6.91 G,60.43 G,0.00 B,168.00 B
2019-06-08 23:30:35,6.91 G,60.43 G,0.00 B,972.00 B
2019-06-08 23:30:37,6.91 G,60.43 G,10.56 K,464.64 K
2019-06-08 23:30:39,6.91 G,60.43 G,0.00 B,168.00 B
2019-06-08 23:30:41,6.91 G,60.43 G,0.00 B,432.00 B
2019-06-08 23:30:43,6.91 G,60.43 G,0.00 B,276.00 B
2019-06-08 23:30:45,6.91 G,60.43 G,0.00 B,168.00 B
2019-06-08 23:30:47,6.91 G,60.43 G,0.00 B,972.00 B
2019-06-08 23:30:49,6.91 G,60.43 G,0.00 B,816.00 B
2019-06-08 23:30:51,6.91 G,60.43 G,4.58 K,328.38 K
2019-06-08 23:30:54,6.91 G,60.43 G,0.00 B,816.00 B
2019-06-08 23:30:56,6.91 G,60.43 G,42.00 B,276.00 B
2019-06-08 23:30:59,6.91 G,60.43 G,0.00 B,1.70 K
2019-06-08 23:31:01,6.91 G,60.43 G,0.00 B,1.12 K
2019-06-08 23:31:03,6.91 G,60.43 G,0.00 B,108.00 B
2019-06-08 23:31:05,6.91 G,60.43 G,0.00 B,1.01 K
2019-06-08 23:31:07,6.91 G,60.43 G,0.00 B,708.00 B
2019-06-08 23:31:09,6.91 G,60.43 G,0.00 B,168.00 B
2019-06-08 23:31:11,6.91 G,60.43 G,0.00 B,540.00 B
2019-06-08 23:31:13,6.91 G,60.43 G,12.16 K,535.90 K
2019-06-08 23:31:15,6.91 G,60.43 G,0.00 B,600.00 B
2019-06-08 23:31:17,6.91 G,60.43 G,0.00 B,660.00 B
2019-06-08 23:31:19,6.91 G,60.43 G,0.00 B,924.00 B
2019-06-08 23:31:21,6.91 G,60.43 G,0.00 B,1.48 K
2019-06-08 23:31:23,6.91 G,60.43 G,204.00 B,786.00 B
2019-06-08 23:31:25,6.91 G,60.43 G,0.00 B,492.00 B
2019-06-08 23:31:27,6.91 G,60.43 G,42.00 B,444.00 B
2019-06-08 23:31:29,6.91 G,60.43 G,84.00 B,444.00 B
2019-06-08 23:31:31,6.91 G,60.43 G,11.74 K,560.31 K
2019-06-08 23:31:33,6.91 G,60.43 G,0.00 B,1.37 K
2019-06-08 23:31:35,6.91 G,60.43 G,0.00 B,108.00 B
2019-06-08 23:31:37,6.91 G,60.43 G,0.00 B,540.00 B
2019-06-08 23:31:39,6.91 G,60.43 G,0.00 B,108.00 B
2019-06-08 23:31:41,6.91 G,60.43 G,0.00 B,843.00 B
2019-06-08 23:31:43,6.91 G,60.43 G,5.16 K,306.50 K
2019-06-08 23:31:49,6.91 G,60.43 G,462.00 B,2.37 K
2019-06-08 23:31:51,6.91 G,60.43 G,462.00 B,3.96 K
2019-06-08 23:31:53,6.91 G,60.43 G,0.00 B,1.48 K
2019-06-08 23:31:56,6.91 G,60.43 G,0.00 B,1.73 K
2019-06-08 23:31:58,6.91 G,60.43 G,0.00 B,984.00 B
2019-06-08 23:32:00,6.91 G,60.43 G,0.00 B,519.00 B
2019-06-08 23:32:02,6.91 G,60.43 G,0.00 B,864.00 B
2019-06-08 23:32:04,6.91 G,60.43 G,0.00 B,675.00 B
2019-06-08 23:32:06,6.91 G,60.43 G,0.00 B,552.00 B
2019-06-08 23:32:08,6.91 G,60.43 G,0.00 B,612.00 B
2019-06-08 23:32:10,6.91 G,60.43 G,0.00 B,243.00 B
2019-06-08 23:32:12,6.91 G,60.43 G,0.00 B,816.00 B
2019-06-08 23:32:14,6.91 G,60.43 G,0.00 B,1.02 K
2019-06-08 23:32:16,6.91 G,60.43 G,0.00 B,1.76 K
2019-06-08 23:32:18,6.91 G,60.43 G,0.00 B,648.00 B
2019-06-08 23:32:20,6.91 G,60.43 G,0.00 B,1.11 K
2019-06-08 23:32:22,6.91 G,60.43 G,0.00 B,1.17 K
2019-06-08 23:32:24,6.91 G,60.43 G,204.00 B,738.00 B
2019-06-08 23:32:26,6.91 G,60.43 G,4.37 K,43.87 K
2019-06-08 23:32:28,6.91 G,60.43 G,0.00 B,1.01 K
2019-06-08 23:32:30,6.91 G,60.43 G,0.00 B,1.12 K
2019-06-08 23:32:32,6.91 G,60.43 G,0.00 B,276.00 B
2019-06-08 23:32:34,6.91 G,60.43 G,0.00 B,612.00 B
2019-06-08 23:32:36,6.91 G,60.43 G,0.00 B,288.00 B
2019-06-08 23:32:38,6.91 G,60.43 G,2.88 K,6.33 K
2019-06-08 23:32:40,6.91 G,60.43 G,0.00 B,720.00 B
2019-06-08 23:32:42,6.91 G,60.43 G,0.00 B,384.00 B
2019-06-08 23:32:46,6.91 G,60.43 G,0.00 B,864.00 B
2019-06-08 23:32:48,6.91 G,60.43 G,0.00 B,1.25 K
2019-06-08 23:32:50,6.91 G,60.43 G,0.00 B,1.16 K
2019-06-08 23:32:52,6.91 G,60.43 G,0.00 B,1.17 K
2019-06-08 23:32:54,6.91 G,60.43 G,0.00 B,552.00 B
2019-06-08 23:32:56,6.91 G,60.43 G,0.00 B,1.12 K
2019-06-08 23:32:58,6.91 G,60.43 G,0.00 B,972.00 B
2019-06-08 23:33:00,6.91 G,60.43 G,42.00 B,1.71 K
2019-06-08 23:33:02,6.91 G,60.43 G,0.00 B,228.00 B
2019-06-08 23:33:04,6.91 G,60.43 G,0.00 B,708.00 B
2019-06-08 23:33:06,6.91 G,60.43 G,0.00 B,168.00 B
2019-06-08 23:33:08,6.91 G,60.43 G,0.00 B,552.00 B
2019-06-08 23:33:10,6.91 G,60.43 G,0.00 B,672.00 B
2019-06-08 23:33:12,6.91 G,60.43 G,0.00 B,504.00 B
2019-06-08 23:33:14,6.91 G,60.43 G,0.00 B,1.17 K
2019-06-08 23:33:16,6.91 G,60.43 G,0.00 B,552.00 B
2019-06-08 23:33:18,6.91 G,60.43 G,0.00 B,1.55 K
2019-06-08 23:33:20,6.91 G,60.43 G,0.00 B,1.07 K
2019-06-08 23:33:22,6.91 G,60.43 G,4.14 K,56.04 K
2019-06-08 23:33:24,6.91 G,60.43 G,0.00 B,1.43 K
2019-06-08 23:33:26,6.91 G,60.43 G,204.00 B,798.00 B
2019-06-08 23:33:28,6.91 G,60.43 G,0.00 B,408.00 B
2019-06-08 23:33:30,6.91 G,60.43 G,0.00 B,1.47 K
2019-06-08 23:33:32,6.91 G,60.43 G,0.00 B,672.00 B
2019-06-08 23:33:34,6.91 G,60.43 G,0.00 B,384.00 B
2019-06-08 23:33:36,6.91 G,60.43 G,0.00 B,600.00 B
2019-06-08 23:33:38,6.91 G,60.43 G,1.54 K,482.00 B
2019-06-08 23:33:40,6.91 G,60.43 G,0.00 B,552.00 B
2019-06-08 23:33:42,6.91 G,60.43 G,0.00 B,540.00 B
2019-06-08 23:33:44,6.91 G,60.43 G,0.00 B,999.00 B
2019-06-08 23:33:46,6.91 G,60.43 G,0.00 B,984.00 B
2019-06-08 23:33:48,6.91 G,60.43 G,0.00 B,864.00 B
2019-06-08 23:33:50,6.91 G,60.43 G,0.00 B,1.11 K
2019-06-08 23:33:52,6.91 G,60.43 G,0.00 B,708.00 B
2019-06-08 23:33:54,6.91 G,60.43 G,0.00 B,540.00 B
2019-06-08 23:33:56,6.91 G,60.43 G,0.00 B,1.05 K
2019-06-08 23:33:58,6.91 G,60.43 G,0.00 B,1.53 K
2019-06-08 23:34:00,6.91 G,60.43 G,0.00 B,168.00 B
2019-06-08 23:34:02,6.91 G,60.43 G,0.00 B,492.00 B
2019-06-08 23:34:04,6.91 G,60.43 G,0.00 B,336.00 B
2019-06-08 23:34:06,6.91 G,60.43 G,0.00 B,660.00 B
2019-06-08 23:34:08,6.91 G,60.43 G,4.05 K,58.24 K
2019-06-08 23:34:10,6.91 G,60.43 G,0.00 B,276.00 B
2019-06-08 23:34:12,6.91 G,60.43 G,0.00 B,1.28 K
2019-06-08 23:34:14,6.91 G,60.43 G,0.00 B,540.00 B
2019-06-08 23:34:16,6.91 G,60.43 G,0.00 B,1.07 K
2019-06-08 23:34:18,6.91 G,60.43 G,0.00 B,864.00 B
2019-06-08 23:34:20,6.91 G,60.43 G,0.00 B,864.00 B
2019-06-08 23:34:22,6.91 G,60.43 G,0.00 B,972.00 B
2019-06-08 23:34:24,6.91 G,60.43 G,4.39 K,58.41 K
2019-06-08 23:34:26,6.91 G,60.43 G,0.00 B,108.00 B
2019-06-08 23:34:28,6.91 G,60.43 G,0.00 B,1.05 K
2019-06-08 23:34:30,6.91 G,60.43 G,0.00 B,336.00 B
2019-06-08 23:34:32,6.91 G,60.43 G,0.00 B,276.00 B
2019-06-08 23:34:34,6.91 G,60.43 G,0.00 B,780.00 B
2019-06-08 23:34:36,6.91 G,60.43 G,0.00 B,384.00 B
2019-06-08 23:34:38,6.91 G,60.43 G,0.00 B,648.00 B
2019-06-08 23:34:40,6.91 G,60.43 G,0.00 B,828.00 B
2019-06-08 23:34:42,6.91 G,60.43 G,0.00 B,924.00 B
2019-06-08 23:34:44,6.91 G,60.43 G,0.00 B,972.00 B
2019-06-08 23:34:46,6.91 G,60.43 G,0.00 B,972.00 B
2019-06-08 23:34:48,6.91 G,60.43 G,0.00 B,876.00 B
2019-06-08 23:34:50,6.91 G,60.43 G,0.00 B,1.37 K
2019-06-08 23:34:52,6.91 G,60.43 G,0.00 B,1.43 K
2019-06-08 23:34:54,6.91 G,60.43 G,0.00 B,540.00 B
2019-06-08 23:34:56,6.91 G,60.43 G,0.00 B,924.00 B
2019-06-08 23:34:58,6.91 G,60.43 G,0.00 B,1.10 K
2019-06-08 23:35:00,6.91 G,60.43 G,0.00 B,216.00 B
2019-06-08 23:35:02,6.91 G,60.43 G,42.00 B,60.00 B
2019-06-08 23:35:04,6.91 G,60.43 G,0.00 B,540.00 B
2019-06-08 23:35:06,6.91 G,60.43 G,0.00 B,540.00 B
2019-06-08 23:35:08,6.91 G,60.43 G,50.00 B,384.00 B
2019-06-08 23:35:10,6.91 G,60.43 G,4.51 K,56.14 K
2019-06-08 23:35:12,6.91 G,60.43 G,0.00 B,396.00 B
2019-06-08 23:35:14,6.91 G,60.43 G,0.00 B,936.00 B
2019-06-08 23:35:16,6.91 G,60.43 G,0.00 B,1.51 K
2019-06-08 23:35:18,6.91 G,60.43 G,0.00 B,1.23 K
2019-06-08 23:35:20,6.91 G,60.43 G,0.00 B,600.00 B
2019-06-08 23:35:22,6.91 G,60.43 G,0.00 B,864.00 B
2019-06-08 23:35:24,6.91 G,60.43 G,0.00 B,756.00 B
2019-06-08 23:35:26,6.91 G,60.43 G,0.00 B,918.00 B
2019-06-08 23:35:28,6.91 G,60.43 G,0.00 B,432.00 B
2019-06-08 23:35:30,6.91 G,60.43 G,0.00 B,519.00 B
2019-06-08 23:35:32,6.91 G,60.43 G,0.00 B,444.00 B
2019-06-08 23:35:34,6.91 G,60.43 G,84.00 B,336.00 B
2019-06-08 23:35:36,6.91 G,60.43 G,0.00 B,816.00 B
2019-06-08 23:35:38,6.91 G,60.43 G,0.00 B,660.00 B
2019-06-08 23:35:41,6.91 G,60.43 G,0.00 B,984.00 B
2019-06-08 23:35:43,6.91 G,60.43 G,0.00 B,756.00 B
2019-06-08 23:35:45,6.91 G,60.43 G,0.00 B,384.00 B
2019-06-08 23:35:47,6.91 G,60.43 G,0.00 B,1.17 K
2019-06-08 23:35:49,6.91 G,60.43 G,0.00 B,324.00 B
2019-06-08 23:35:51,6.91 G,60.43 G,0.00 B,1.38 K
2019-06-08 23:35:53,6.91 G,60.43 G,0.00 B,864.00 B
2019-06-08 23:35:55,6.91 G,60.43 G,0.00 B,0.00 B
2019-06-08 23:35:57,6.91 G,60.43 G,0.00 B,600.00 B
2019-06-08 23:35:59,6.91 G,60.43 G,0.00 B,1.20 K
2019-06-08 23:36:01,6.91 G,60.43 G,0.00 B,492.00 B
2019-06-08 23:36:03,6.91 G,60.43 G,5.41 K,58.67 K
2019-06-08 23:36:05,6.91 G,60.43 G,0.00 B,720.00 B
2019-06-08 23:36:08,6.91 G,60.43 G,0.00 B,648.00 B
2019-06-08 23:36:10,6.91 G,60.43 G,0.00 B,600.00 B
2019-06-08 23:36:12,6.91 G,60.43 G,0.00 B,1.17 K
2019-06-08 23:36:14,6.91 G,60.43 G,0.00 B,1.27 K
2019-06-08 23:36:16,6.91 G,60.43 G,1.55 K,8.62 K
2019-06-08 23:36:18,6.91 G,60.43 G,0.00 B,1.05 K
2019-06-08 23:36:22,6.91 G,60.43 G,0.00 B,756.00 B
2019-06-08 23:36:24,6.91 G,60.43 G,0.00 B,432.00 B
2019-06-08 23:36:26,6.91 G,60.43 G,0.00 B,432.00 B
2019-06-08 23:36:28,6.91 G,60.43 G,0.00 B,288.00 B
2019-06-08 23:36:30,6.91 G,60.43 G,204.00 B,750.00 B
2019-06-08 23:36:32,6.91 G,60.43 G,2.49 K,125.70 K
2019-06-08 23:36:34,6.91 G,60.43 G,0.00 B,864.00 B
2019-06-08 23:36:36,6.91 G,60.43 G,42.00 B,564.00 B
2019-06-08 23:36:38,6.91 G,60.43 G,0.00 B,1.16 K
2019-06-08 23:36:40,6.91 G,60.43 G,0.00 B,860.00 B
2019-06-08 23:36:42,6.91 G,60.43 G,0.00 B,816.00 B
2019-06-08 23:36:44,6.91 G,60.43 G,0.00 B,1.23 K
2019-06-08 23:36:46,6.91 G,60.43 G,0.00 B,1.01 K
2019-06-08 23:36:48,6.91 G,60.43 G,7.39 K,408.87 K
2019-06-08 23:36:50,6.91 G,60.43 G,0.00 B,1.54 K
2019-06-08 23:36:52,6.91 G,60.43 G,0.00 B,1.22 K
2019-06-08 23:36:54,6.91 G,60.43 G,0.00 B,660.00 B
2019-06-08 23:36:56,6.91 G,60.43 G,0.00 B,504.00 B
2019-06-08 23:36:58,6.91 G,60.43 G,0.00 B,396.00 B
2019-06-08 23:37:00,6.91 G,60.43 G,0.00 B,612.00 B
2019-06-08 23:37:02,6.91 G,60.43 G,5.61 K,313.88 K
2019-06-08 23:37:05,6.91 G,60.43 G,4.53 K,5.08 K
2019-06-08 23:37:07,6.91 G,60.43 G,0.00 B,864.00 B
2019-06-08 23:37:09,6.91 G,60.43 G,0.00 B,1.01 K
2019-06-08 23:37:11,6.91 G,60.43 G,0.00 B,1.05 K
2019-06-08 23:37:13,6.91 G,60.43 G,0.00 B,924.00 B
2019-06-08 23:37:15,6.91 G,60.43 G,0.00 B,1.23 K
2019-06-08 23:37:17,6.91 G,60.43 G,0.00 B,1.11 K
2019-06-08 23:37:19,6.91 G,60.43 G,0.00 B,864.00 B
2019-06-08 23:37:21,6.91 G,60.43 G,0.00 B,1.75 K
2019-06-08 23:37:23,6.91 G,60.43 G,0.00 B,768.00 B
2019-06-08 23:37:25,6.91 G,60.43 G,0.00 B,216.00 B
2019-06-08 23:37:27,6.91 G,60.43 G,0.00 B,276.00 B
2019-06-08 23:37:29,6.91 G,60.43 G,0.00 B,276.00 B
2019-06-08 23:37:31,6.91 G,60.43 G,204.00 B,642.00 B
2019-06-08 23:37:33,6.91 G,60.43 G,6.12 K,419.74 K
2019-06-08 23:37:35,6.91 G,60.43 G,0.00 B,648.00 B
2019-06-08 23:37:37,6.91 G,60.43 G,84.00 B,828.00 B
2019-06-08 23:37:39,6.91 G,60.43 G,193.00 B,777.00 B
2019-06-08 23:37:41,6.91 G,60.43 G,0.00 B,492.00 B
2019-06-08 23:37:43,6.91 G,60.43 G,0.00 B,1.64 K
2019-06-08 23:37:45,6.91 G,60.43 G,0.00 B,384.00 B
2019-06-08 23:37:47,6.91 G,60.43 G,2.77 K,103.55 K
2019-06-08 23:37:50,6.91 G,60.43 G,0.00 B,1.05 K
2019-06-08 23:37:52,6.91 G,60.43 G,0.00 B,540.00 B
2019-06-08 23:37:54,6.91 G,60.43 G,0.00 B,168.00 B
2019-06-08 23:37:56,6.91 G,60.43 G,0.00 B,444.00 B
2019-06-08 23:37:58,6.91 G,60.43 G,0.00 B,216.00 B
2019-06-08 23:38:00,6.91 G,60.43 G,0.00 B,1.02 K
2019-06-08 23:38:02,6.91 G,60.43 G,0.00 B,768.00 B
2019-06-08 23:38:04,6.91 G,60.44 G,0.00 B,924.00 B
2019-06-08 23:38:06,6.91 G,60.44 G,42.00 B,180.00 B
2019-06-08 23:38:08,6.91 G,60.44 G,0.00 B,924.00 B
2019-06-08 23:38:10,6.91 G,60.44 G,0.00 B,1.09 K
2019-06-08 23:38:12,6.91 G,60.44 G,0.00 B,768.00 B
2019-06-08 23:38:14,6.91 G,60.44 G,0.00 B,924.00 B
2019-06-08 23:38:16,6.91 G,60.44 G,0.00 B,1.02 K
2019-06-08 23:38:19,6.91 G,60.44 G,7.72 K,414.02 K
2019-06-08 23:38:21,6.91 G,60.44 G,0.00 B,708.00 B
2019-06-08 23:38:23,6.91 G,60.44 G,0.00 B,708.00 B
2019-06-08 23:38:25,6.91 G,60.44 G,0.00 B,504.00 B
2019-06-08 23:38:27,6.91 G,60.44 G,0.00 B,444.00 B
2019-06-08 23:38:29,6.91 G,60.44 G,0.00 B,444.00 B
2019-06-08 23:38:31,6.91 G,60.44 G,0.00 B,216.00 B
2019-06-08 23:38:33,6.91 G,60.44 G,0.00 B,648.00 B
2019-06-08 23:38:36,6.91 G,60.44 G,0.00 B,1.05 K
2019-06-08 23:38:38,6.91 G,60.44 G,0.00 B,1.01 K
2019-06-08 23:38:40,6.91 G,60.44 G,0.00 B,828.00 B
2019-06-08 23:38:42,6.91 G,60.44 G,0.00 B,1.71 K
2019-06-08 23:38:44,6.91 G,60.44 G,0.00 B,444.00 B
2019-06-08 23:38:46,6.91 G,60.44 G,0.00 B,1.02 K
2019-06-08 23:38:48,6.91 G,60.44 G,0.00 B,1.18 K
2019-06-08 23:38:50,6.91 G,60.44 G,6.64 K,293.31 K
2019-06-08 23:38:52,6.91 G,60.44 G,0.00 B,720.00 B
2019-06-08 23:38:54,6.91 G,60.44 G,0.00 B,600.00 B
2019-06-08 23:38:56,6.91 G,60.44 G,0.00 B,552.00 B
2019-06-08 23:38:58,6.91 G,60.44 G,0.00 B,276.00 B
2019-06-08 23:39:00,6.91 G,60.44 G,0.00 B,1.14 K
2019-06-08 23:39:02,6.91 G,60.44 G,0.00 B,972.00 B
2019-06-08 23:39:04,6.91 G,60.44 G,0.00 B,540.00 B
2019-06-08 23:39:06,6.91 G,60.44 G,5.05 K,213.00 K
2019-06-08 23:39:08,6.91 G,60.44 G,0.00 B,1.01 K
2019-06-08 23:39:10,6.91 G,60.44 G,0.00 B,756.00 B
2019-06-08 23:39:13,6.91 G,60.44 G,0.00 B,1.05 K
2019-06-08 23:39:15,6.91 G,60.44 G,0.00 B,648.00 B
2019-06-08 23:39:17,6.91 G,60.44 G,0.00 B,972.00 B
2019-06-08 23:39:19,6.91 G,60.44 G,0.00 B,756.00 B
2019-06-08 23:39:21,6.91 G,60.44 G,0.00 B,0.00 B
2019-06-08 23:39:23,6.91 G,60.44 G,0.00 B,108.00 B
2019-06-08 23:39:25,6.91 G,60.44 G,5.48 K,260.30 K
2019-06-08 23:39:27,6.91 G,60.44 G,0.00 B,108.00 B
2019-06-08 23:39:29,6.91 G,60.44 G,0.00 B,396.00 B
2019-06-08 23:39:31,6.91 G,60.44 G,0.00 B,1.02 K
2019-06-08 23:39:33,6.91 G,60.44 G,0.00 B,384.00 B
2019-06-08 23:39:35,6.91 G,60.44 G,204.00 B,1.25 K
2019-06-08 23:39:37,6.91 G,60.44 G,0.00 B,1.80 K
2019-06-08 23:39:39,6.91 G,60.44 G,0.00 B,660.00 B
2019-06-08 23:39:41,6.91 G,60.44 G,2.45 K,68.21 K
2019-06-08 23:39:43,6.91 G,60.44 G,0.00 B,1.17 K
2019-06-08 23:39:45,6.91 G,60.44 G,0.00 B,828.00 B
2019-06-08 23:39:47,6.91 G,60.44 G,0.00 B,996.00 B
2019-06-08 23:39:49,6.91 G,60.44 G,0.00 B,828.00 B
2019-06-08 23:39:51,6.91 G,60.44 G,0.00 B,660.00 B
2019-06-08 23:39:53,6.91 G,60.44 G,0.00 B,60.00 B
2019-06-08 23:39:55,6.91 G,60.44 G,0.00 B,384.00 B
2019-06-08 23:39:57,6.91 G,60.44 G,0.00 B,864.00 B
2019-06-08 23:39:59,6.91 G,60.44 G,0.00 B,876.00 B
2019-06-08 23:40:01,6.91 G,60.44 G,0.00 B,816.00 B
2019-06-08 23:40:03,6.91 G,60.44 G,0.00 B,756.00 B
2019-06-08 23:40:05,6.91 G,60.44 G,0.00 B,816.00 B
2019-06-08 23:40:07,6.91 G,60.44 G,0.00 B,1.11 K
2019-06-08 23:40:09,6.91 G,60.44 G,42.00 B,1.11 K
2019-06-08 23:40:11,6.91 G,60.44 G,0.00 B,168.00 B
2019-06-08 23:40:13,6.91 G,60.44 G,0.00 B,972.00 B
2019-06-08 23:40:15,6.91 G,60.44 G,0.00 B,936.00 B
2019-06-08 23:40:17,6.91 G,60.44 G,0.00 B,432.00 B
2019-06-08 23:40:19,6.91 G,60.44 G,0.00 B,828.00 B
2019-06-08 23:40:21,6.91 G,60.44 G,0.00 B,276.00 B
2019-06-08 23:40:24,6.91 G,60.44 G,0.00 B,384.00 B
2019-06-08 23:40:26,6.91 G,60.44 G,0.00 B,600.00 B
2019-06-08 23:40:28,6.91 G,60.44 G,0.00 B,432.00 B
2019-06-08 23:40:30,6.91 G,60.44 G,0.00 B,864.00 B
2019-06-08 23:40:32,6.91 G,60.44 G,0.00 B,456.00 B
2019-06-08 23:40:34,6.91 G,60.44 G,0.00 B,612.00 B
2019-06-08 23:40:36,6.91 G,60.44 G,8.07 K,284.84 K
2019-06-08 23:40:38,6.91 G,60.44 G,0.00 B,1.05 K
2019-06-08 23:40:40,6.91 G,60.44 G,0.00 B,168.00 B
2019-06-08 23:40:42,6.91 G,60.44 G,0.00 B,1.69 K
2019-06-08 23:40:44,6.91 G,60.44 G,0.00 B,924.00 B
2019-06-08 23:40:46,6.91 G,60.44 G,2.19 K,102.90 K
2019-06-08 23:40:49,6.91 G,60.44 G,462.00 B,4.05 K
2019-06-08 23:40:53,6.91 G,60.44 G,0.00 B,432.00 B
2019-06-08 23:40:55,6.91 G,60.44 G,594.00 B,5.67 K
2019-06-08 23:40:57,6.91 G,60.44 G,0.00 B,324.00 B
2019-06-08 23:40:59,6.91 G,60.44 G,0.00 B,1.39 K
2019-06-08 23:41:01,6.91 G,60.44 G,0.00 B,216.00 B
2019-06-08 23:41:03,6.91 G,60.44 G,0.00 B,1.17 K
2019-06-08 23:41:05,6.91 G,60.44 G,0.00 B,1.09 K
2019-06-08 23:41:07,6.91 G,60.44 G,0.00 B,552.00 B
2019-06-08 23:41:09,6.91 G,60.44 G,0.00 B,864.00 B
2019-06-08 23:41:11,6.91 G,60.44 G,0.00 B,1.22 K
2019-06-08 23:41:13,6.91 G,60.44 G,0.00 B,648.00 B
2019-06-08 23:41:15,6.91 G,60.44 G,0.00 B,876.00 B
2019-06-08 23:41:17,6.91 G,60.44 G,0.00 B,492.00 B
2019-06-08 23:41:19,6.91 G,60.44 G,0.00 B,792.00 B
2019-06-08 23:41:21,6.91 G,60.44 G,2.77 K,102.89 K
2019-06-08 23:41:24,6.91 G,60.44 G,0.00 B,492.00 B
2019-06-08 23:41:26,6.91 G,60.44 G,0.00 B,704.00 B
2019-06-08 23:41:28,6.91 G,60.44 G,0.00 B,768.00 B
2019-06-08 23:41:30,6.91 G,60.44 G,0.00 B,984.00 B
2019-06-08 23:41:32,6.91 G,60.44 G,0.00 B,876.00 B
2019-06-08 23:41:34,6.91 G,60.44 G,0.00 B,1.34 K
2019-06-08 23:41:36,6.91 G,60.44 G,0.00 B,276.00 B
2019-06-08 23:41:38,6.91 G,60.44 G,5.26 K,160.44 K
2019-06-08 23:41:40,6.91 G,60.44 G,42.00 B,1.89 K
2019-06-08 23:41:42,6.91 G,60.44 G,0.00 B,780.00 B
2019-06-08 23:41:44,6.91 G,60.44 G,0.00 B,432.00 B
2019-06-08 23:41:46,6.91 G,60.44 G,0.00 B,660.00 B
2019-06-08 23:41:48,6.91 G,60.44 G,0.00 B,888.00 B
2019-06-08 23:41:50,6.91 G,60.44 G,0.00 B,396.00 B
2019-06-08 23:41:52,6.91 G,60.44 G,5.77 K,150.93 K
2019-06-08 23:41:54,6.91 G,60.44 G,0.00 B,336.00 B
2019-06-08 23:41:56,6.91 G,60.44 G,0.00 B,708.00 B
2019-06-08 23:41:58,6.91 G,60.44 G,0.00 B,708.00 B
2019-06-08 23:42:00,6.91 G,60.44 G,0.00 B,888.00 B
2019-06-08 23:42:02,6.91 G,60.44 G,0.00 B,996.00 B
2019-06-08 23:42:05,6.91 G,60.44 G,0.00 B,984.00 B
2019-06-08 23:42:07,6.91 G,60.44 G,0.00 B,1.12 K
2019-06-08 23:42:09,6.91 G,60.44 G,0.00 B,1.97 K
2019-06-08 23:42:11,6.91 G,60.44 G,0.00 B,648.00 B
2019-06-08 23:42:13,6.91 G,60.44 G,0.00 B,1.07 K
2019-06-08 23:42:15,6.91 G,60.44 G,6.29 K,160.32 K
2019-06-08 23:42:17,6.91 G,60.44 G,0.00 B,300.00 B
2019-06-08 23:42:19,6.91 G,60.44 G,0.00 B,228.00 B
2019-06-08 23:42:21,6.91 G,60.44 G,0.00 B,720.00 B
2019-06-08 23:42:23,6.91 G,60.44 G,0.00 B,504.00 B
2019-06-08 23:42:25,6.91 G,60.44 G,1.87 K,24.06 K
2019-06-08 23:42:27,6.91 G,60.44 G,0.00 B,492.00 B
2019-06-08 23:42:29,6.91 G,60.44 G,0.00 B,1.01 K
2019-06-08 23:42:31,6.91 G,60.44 G,0.00 B,1.27 K
2019-06-08 23:42:33,6.91 G,60.44 G,0.00 B,1.14 K
2019-06-08 23:42:35,6.91 G,60.44 G,0.00 B,1.17 K
2019-06-08 23:42:37,6.91 G,60.44 G,0.00 B,816.00 B
2019-06-08 23:42:39,6.91 G,60.44 G,1.01 K,4.11 K
2019-06-08 23:42:41,6.91 G,60.44 G,42.00 B,1.45 K
2019-06-08 23:42:43,6.91 G,60.44 G,193.00 B,1.09 K
2019-06-08 23:42:45,6.91 G,60.44 G,0.00 B,432.00 B
2019-06-08 23:42:47,6.91 G,60.44 G,0.00 B,276.00 B
2019-06-08 23:42:49,6.91 G,60.44 G,0.00 B,288.00 B
2019-06-08 23:42:51,6.91 G,60.44 G,0.00 B,675.00 B
2019-06-08 23:42:53,6.91 G,60.44 G,0.00 B,432.00 B
2019-06-08 23:42:55,6.91 G,60.44 G,2.50 K,3.53 K
2019-06-08 23:42:57,6.91 G,60.44 G,0.00 B,1.07 K
2019-06-08 23:42:59,6.91 G,60.44 G,0.00 B,828.00 B
2019-06-08 23:43:01,6.91 G,60.44 G,0.00 B,1.58 K
2019-06-08 23:43:03,6.91 G,60.44 G,0.00 B,324.00 B
2019-06-08 23:43:05,6.91 G,60.44 G,0.00 B,384.00 B
2019-06-08 23:43:07,6.91 G,60.44 G,0.00 B,864.00 B
2019-06-08 23:43:09,6.91 G,60.44 G,0.00 B,1.43 K
2019-06-08 23:43:11,6.91 G,60.44 G,2.61 K,3.00 K
2019-06-08 23:43:13,6.91 G,60.44 G,0.00 B,108.00 B
2019-06-08 23:43:15,6.91 G,60.44 G,0.00 B,432.00 B
2019-06-08 23:43:17,6.91 G,60.44 G,0.00 B,384.00 B
2019-06-08 23:43:19,6.91 G,60.44 G,0.00 B,660.00 B
2019-06-08 23:43:22,6.91 G,60.44 G,0.00 B,552.00 B
2019-06-08 23:43:24,6.91 G,60.44 G,0.00 B,396.00 B
2019-06-08 23:43:26,6.91 G,60.44 G,0.00 B,996.00 B
2019-06-08 23:43:28,6.91 G,60.44 G,2.07 K,3.64 K
2019-06-08 23:43:30,6.91 G,60.44 G,0.00 B,876.00 B
2019-06-08 23:43:32,6.91 G,60.44 G,0.00 B,936.00 B
2019-06-08 23:43:34,6.91 G,60.44 G,0.00 B,1.17 K
2019-06-08 23:43:36,6.91 G,60.44 G,0.00 B,1.08 K
2019-06-08 23:43:38,6.91 G,60.44 G,0.00 B,1.45 K
2019-06-08 23:43:40,6.91 G,60.44 G,0.00 B,1.23 K
2019-06-08 23:43:42,6.91 G,60.44 G,42.00 B,1.14 K
2019-06-08 23:43:44,6.91 G,60.44 G,0.00 B,795.00 B
2019-06-08 23:43:46,6.91 G,60.44 G,84.00 B,228.00 B
2019-06-08 23:43:48,6.91 G,60.44 G,0.00 B,852.00 B
2019-06-08 23:43:50,6.91 G,60.44 G,0.00 B,336.00 B
2019-06-08 23:43:52,6.91 G,60.44 G,0.00 B,384.00 B
2019-06-08 23:43:54,6.91 G,60.44 G,0.00 B,1.18 K
2019-06-08 23:43:56,6.91 G,60.44 G,2.18 K,3.34 K
2019-06-08 23:43:58,6.91 G,60.44 G,0.00 B,1.14 K
2019-06-08 23:44:00,6.91 G,60.44 G,0.00 B,1.62 K
2019-06-08 23:44:02,6.91 G,60.44 G,0.00 B,720.00 B
2019-06-08 23:44:04,6.91 G,60.44 G,0.00 B,2.07 K
2019-06-08 23:44:06,6.91 G,60.44 G,0.00 B,1.42 K
2019-06-08 23:44:08,6.91 G,60.44 G,462.00 B,1.63 K
2019-06-08 23:44:10,6.91 G,60.44 G,0.00 B,984.00 B
2019-06-08 23:44:12,6.91 G,60.44 G,0.00 B,276.00 B
2019-06-08 23:44:14,6.91 G,60.44 G,0.00 B,795.00 B
2019-06-08 23:44:16,6.91 G,60.44 G,0.00 B,288.00 B
2019-06-08 23:44:18,6.91 G,60.44 G,0.00 B,384.00 B
2019-06-08 23:44:20,6.91 G,60.44 G,0.00 B,708.00 B
2019-06-08 23:44:22,6.91 G,60.44 G,0.00 B,768.00 B
2019-06-08 23:44:24,6.91 G,60.44 G,0.00 B,492.00 B
2019-06-08 23:44:26,6.91 G,60.44 G,0.00 B,876.00 B
2019-06-08 23:44:28,6.91 G,60.44 G,50.00 B,1.14 K
2019-06-08 23:44:30,6.91 G,60.44 G,0.00 B,492.00 B
2019-06-08 23:44:32,6.91 G,60.44 G,0.00 B,1.28 K
2019-06-08 23:44:34,6.91 G,60.44 G,0.00 B,780.00 B
2019-06-08 23:44:36,6.91 G,60.44 G,0.00 B,1.44 K
2019-06-08 23:44:38,6.91 G,60.44 G,1.90 K,2.69 K
2019-06-08 23:44:40,6.91 G,60.44 G,0.00 B,1.09 K
2019-06-08 23:44:42,6.91 G,60.44 G,204.00 B,777.00 B
2019-06-08 23:44:44,6.91 G,60.44 G,0.00 B,408.00 B
2019-06-08 23:44:46,6.91 G,60.44 G,0.00 B,516.00 B
2019-06-08 23:44:48,6.91 G,60.44 G,0.00 B,624.00 B
2019-06-08 23:44:50,6.91 G,60.44 G,0.00 B,888.00 B
2019-06-08 23:44:52,6.91 G,60.44 G,0.00 B,1.08 K
2019-06-08 23:44:54,6.91 G,60.44 G,1.93 K,2.53 K
2019-06-08 23:44:56,6.91 G,60.44 G,0.00 B,60.00 B
2019-06-08 23:44:58,6.91 G,60.44 G,0.00 B,1.17 K
2019-06-08 23:45:00,6.91 G,60.44 G,0.00 B,180.00 B
2019-06-08 23:45:02,6.91 G,60.44 G,0.00 B,924.00 B
2019-06-08 23:45:04,6.91 G,60.44 G,0.00 B,972.00 B
2019-06-08 23:45:06,6.91 G,60.44 G,0.00 B,1.17 K
2019-06-08 23:45:08,6.91 G,60.44 G,0.00 B,1.02 K
2019-06-08 23:45:10,6.91 G,60.44 G,0.00 B,384.00 B
2019-06-08 23:45:12,6.91 G,60.44 G,0.00 B,612.00 B
2019-06-08 23:45:14,6.91 G,60.44 G,0.00 B,336.00 B
2019-06-08 23:45:16,6.91 G,60.44 G,0.00 B,396.00 B
2019-06-08 23:45:18,6.91 G,60.44 G,0.00 B,552.00 B
2019-06-08 23:45:20,6.91 G,60.44 G,0.00 B,951.00 B
2019-06-08 23:45:22,6.91 G,60.44 G,0.00 B,843.00 B
2019-06-08 23:45:24,6.91 G,60.44 G,2.14 K,2.94 K
2019-06-08 23:45:26,6.91 G,60.44 G,0.00 B,708.00 B
2019-06-08 23:45:28,6.91 G,60.44 G,0.00 B,816.00 B
2019-06-08 23:45:30,6.91 G,60.44 G,0.00 B,999.00 B
2019-06-08 23:45:32,6.91 G,60.44 G,0.00 B,1.01 K
2019-06-08 23:45:34,6.91 G,60.44 G,0.00 B,864.00 B
2019-06-08 23:45:36,6.91 G,60.44 G,0.00 B,648.00 B
2019-06-08 23:45:38,6.91 G,60.44 G,0.00 B,864.00 B
2019-06-08 23:45:40,6.91 G,60.44 G,0.00 B,276.00 B
2019-06-08 23:45:42,6.91 G,60.44 G,0.00 B,243.00 B
2019-06-08 23:45:44,6.91 G,60.44 G,0.00 B,324.00 B
2019-06-08 23:45:46,6.91 G,60.44 G,0.00 B,783.00 B
2019-06-08 23:45:48,6.91 G,60.44 G,84.00 B,747.00 B
2019-06-08 23:45:50,6.91 G,60.44 G,462.00 B,1.73 K
2019-06-08 23:45:52,6.91 G,60.44 G,0.00 B,828.00 B
2019-06-08 23:45:54,6.91 G,60.44 G,0.00 B,936.00 B
2019-06-08 23:45:56,6.91 G,60.44 G,0.00 B,1.22 K
2019-06-08 23:45:58,6.91 G,60.44 G,0.00 B,822.00 B
2019-06-08 23:46:00,6.91 G,60.44 G,0.00 B,1.16 K
2019-06-08 23:46:02,6.91 G,60.44 G,0.00 B,600.00 B
2019-06-08 23:46:04,6.91 G,60.44 G,0.00 B,1.11 K
2019-06-08 23:46:06,6.91 G,60.44 G,0.00 B,648.00 B
2019-06-08 23:46:08,6.91 G,60.44 G,0.00 B,432.00 B
2019-06-08 23:46:10,6.91 G,60.44 G,0.00 B,492.00 B
2019-06-08 23:46:12,6.91 G,60.44 G,0.00 B,444.00 B
2019-06-08 23:46:14,6.91 G,60.44 G,0.00 B,168.00 B
2019-06-08 23:46:16,6.91 G,60.44 G,0.00 B,444.00 B
2019-06-08 23:46:18,6.91 G,60.44 G,0.00 B,492.00 B
2019-06-08 23:46:20,6.91 G,60.44 G,1.96 K,2.36 K
2019-06-08 23:46:22,6.91 G,60.44 G,0.00 B,1.62 K
2019-06-08 23:46:24,6.91 G,60.44 G,0.00 B,324.00 B
2019-06-08 23:46:26,6.91 G,60.44 G,0.00 B,756.00 B
2019-06-08 23:46:28,6.91 G,60.44 G,0.00 B,984.00 B
2019-06-08 23:46:30,6.91 G,60.44 G,0.00 B,612.00 B
2019-06-08 23:46:32,6.91 G,60.44 G,0.00 B,1.23 K
2019-06-08 23:46:34,6.91 G,60.44 G,0.00 B,864.00 B
2019-06-08 23:46:36,6.91 G,60.44 G,2.00 K,2.82 K
2019-06-08 23:46:39,6.91 G,60.44 G,0.00 B,816.00 B
2019-06-08 23:46:41,6.91 G,60.44 G,0.00 B,396.00 B
2019-06-08 23:46:43,6.91 G,60.44 G,0.00 B,336.00 B
2019-06-08 23:46:45,6.91 G,60.44 G,204.00 B,522.00 B
2019-06-08 23:46:47,6.91 G,60.44 G,42.00 B,888.00 B
2019-06-08 23:46:49,6.91 G,60.44 G,0.00 B,1.44 K
2019-06-08 23:46:51,6.91 G,60.44 G,0.00 B,708.00 B
2019-06-08 23:46:53,6.91 G,60.44 G,0.00 B,996.00 B
2019-06-08 23:46:55,6.91 G,60.44 G,0.00 B,1.01 K
2019-06-08 23:46:57,6.91 G,60.44 G,0.00 B,1.22 K
2019-06-08 23:46:59,6.91 G,60.44 G,0.00 B,951.00 B
2019-06-08 23:47:01,6.91 G,60.44 G,0.00 B,540.00 B
2019-06-08 23:47:03,6.91 G,60.44 G,0.00 B,1.11 K
2019-06-08 23:47:05,6.91 G,60.44 G,4.49 K,5.25 K
2019-06-08 23:47:07,6.91 G,60.44 G,1.94 K,2.44 K
2019-06-08 23:47:09,6.91 G,60.44 G,0.00 B,384.00 B
2019-06-08 23:47:11,6.91 G,60.44 G,0.00 B,324.00 B
2019-06-08 23:47:13,6.91 G,60.44 G,0.00 B,432.00 B
2019-06-08 23:47:15,6.91 G,60.44 G,0.00 B,168.00 B
2019-06-08 23:47:17,6.91 G,60.44 G,0.00 B,876.00 B
2019-06-08 23:47:19,6.91 G,60.44 G,2.13 K,2.45 K
2019-06-08 23:47:21,6.91 G,60.44 G,0.00 B,1.28 K
2019-06-08 23:47:23,6.91 G,60.44 G,0.00 B,600.00 B
2019-06-08 23:47:25,6.91 G,60.44 G,0.00 B,891.00 B
2019-06-08 23:47:27,6.91 G,60.44 G,0.00 B,756.00 B
2019-06-08 23:47:29,6.91 G,60.44 G,0.00 B,1.01 K
2019-06-08 23:47:31,6.91 G,60.44 G,462.00 B,2.58 K
2019-06-08 23:47:33,6.91 G,60.44 G,0.00 B,756.00 B
2019-06-08 23:47:35,6.91 G,60.44 G,0.00 B,1.01 K
2019-06-08 23:47:37,6.91 G,60.44 G,0.00 B,624.00 B
2019-06-08 23:47:39,6.91 G,60.44 G,0.00 B,396.00 B
2019-06-08 23:47:41,6.91 G,60.44 G,0.00 B,492.00 B
2019-06-08 23:47:43,6.91 G,60.44 G,2.70 K,5.62 K
2019-06-08 23:47:45,6.91 G,60.44 G,0.00 B,432.00 B
2019-06-08 23:47:47,6.91 G,60.44 G,193.00 B,1.25 K
2019-06-08 23:47:49,6.91 G,60.44 G,0.00 B,924.00 B
2019-06-08 23:47:51,6.91 G,60.44 G,84.00 B,336.00 B
2019-06-08 23:47:53,6.91 G,60.44 G,0.00 B,1.37 K
2019-06-08 23:47:55,6.91 G,60.44 G,0.00 B,876.00 B
2019-06-08 23:47:57,6.91 G,60.44 G,0.00 B,1.38 K
2019-06-08 23:47:59,6.91 G,60.44 G,0.00 B,864.00 B
2019-06-08 23:48:01,6.91 G,60.44 G,2.86 K,7.86 K
2019-06-08 23:48:03,6.91 G,60.44 G,0.00 B,348.00 B
2019-06-08 23:48:05,6.91 G,60.44 G,0.00 B,120.00 B
2019-06-08 23:48:07,6.91 G,60.44 G,0.00 B,660.00 B
2019-06-08 23:48:09,6.91 G,60.44 G,0.00 B,384.00 B
2019-06-08 23:48:11,6.91 G,60.44 G,0.00 B,384.00 B
2019-06-08 23:48:13,6.91 G,60.44 G,0.00 B,324.00 B
2019-06-08 23:48:15,6.91 G,60.44 G,0.00 B,924.00 B
2019-06-08 23:48:17,6.91 G,60.44 G,2.95 K,6.76 K
2019-06-08 23:48:19,6.91 G,60.44 G,0.00 B,876.00 B
2019-06-08 23:48:21,6.91 G,60.44 G,42.00 B,396.00 B
2019-06-08 23:48:23,6.91 G,60.44 G,0.00 B,816.00 B
2019-06-08 23:48:25,6.91 G,60.44 G,0.00 B,1.05 K
2019-06-08 23:48:27,6.91 G,60.44 G,0.00 B,816.00 B
2019-06-08 23:48:29,6.91 G,60.44 G,0.00 B,612.00 B
2019-06-08 23:48:31,6.91 G,60.44 G,0.00 B,600.00 B
2019-06-08 23:48:33,6.91 G,60.44 G,3.00 K,9.07 K
2019-06-08 23:48:35,6.91 G,60.44 G,0.00 B,432.00 B
2019-06-08 23:48:37,6.91 G,60.44 G,0.00 B,324.00 B
2019-06-08 23:48:39,6.91 G,60.44 G,0.00 B,216.00 B
2019-06-08 23:48:41,6.91 G,60.44 G,0.00 B,552.00 B
2019-06-08 23:48:43,6.91 G,60.44 G,0.00 B,324.00 B
2019-06-08 23:48:45,6.91 G,60.44 G,0.00 B,1.22 K
2019-06-08 23:48:47,6.91 G,60.44 G,204.00 B,630.00 B
2019-06-08 23:48:49,6.91 G,60.44 G,0.00 B,216.00 B
2019-06-08 23:48:51,6.91 G,60.44 G,42.00 B,1.70 K
2019-06-08 23:48:53,6.91 G,60.44 G,42.00 B,600.00 B
2019-06-08 23:48:55,6.91 G,60.44 G,0.00 B,648.00 B
2019-06-08 23:48:57,6.91 G,60.44 G,0.00 B,1.28 K
2019-06-08 23:48:59,6.91 G,60.44 G,0.00 B,1.11 K
2019-06-08 23:49:01,6.91 G,60.44 G,2.79 K,6.66 K
2019-06-08 23:49:03,6.91 G,60.44 G,0.00 B,432.00 B
2019-06-08 23:49:05,6.91 G,60.44 G,0.00 B,492.00 B
2019-06-08 23:49:07,6.91 G,60.44 G,0.00 B,336.00 B
2019-06-08 23:49:09,6.91 G,60.44 G,0.00 B,276.00 B
2019-06-08 23:49:11,6.91 G,60.44 G,0.00 B,492.00 B
2019-06-08 23:49:13,6.91 G,60.44 G,726.00 B,3.85 K
2019-06-08 23:49:15,6.91 G,60.44 G,0.00 B,444.00 B
2019-06-08 23:49:17,6.91 G,60.44 G,0.00 B,276.00 B
2019-06-08 23:49:19,6.91 G,60.44 G,0.00 B,492.00 B
2019-06-08 23:49:21,6.91 G,60.44 G,0.00 B,552.00 B
2019-06-08 23:49:23,6.91 G,60.44 G,42.00 B,1.18 K
2019-06-08 23:49:25,6.91 G,60.44 G,0.00 B,1008.00 B
2019-06-08 23:49:27,6.91 G,60.44 G,0.00 B,384.00 B
2019-06-08 23:49:29,6.91 G,60.44 G,0.00 B,756.00 B
2019-06-08 23:49:31,6.91 G,60.44 G,0.00 B,1.08 K
2019-06-08 23:49:33,6.91 G,60.44 G,0.00 B,780.00 B
2019-06-08 23:49:35,6.91 G,60.44 G,0.00 B,384.00 B
2019-06-08 23:49:37,6.91 G,60.44 G,0.00 B,228.00 B
2019-06-08 23:49:39,6.91 G,60.44 G,0.00 B,1.77 K
2019-06-08 23:49:41,6.91 G,60.44 G,0.00 B,444.00 B
2019-06-08 23:49:43,6.91 G,60.44 G,0.00 B,1.01 K
2019-06-08 23:49:45,6.91 G,60.44 G,0.00 B,768.00 B
2019-06-08 23:49:47,6.91 G,60.44 G,0.00 B,672.00 B
2019-06-08 23:49:49,6.91 G,60.44 G,204.00 B,1.78 K
2019-06-08 23:49:52,6.91 G,60.44 G,42.00 B,720.00 B
2019-06-08 23:49:54,6.91 G,60.44 G,0.00 B,492.00 B
2019-06-08 23:49:56,6.91 G,60.44 G,0.00 B,1.49 K
2019-06-08 23:49:58,6.91 G,60.44 G,0.00 B,708.00 B
2019-06-08 23:50:00,6.91 G,60.44 G,3.01 K,8.43 K
2019-06-08 23:50:02,6.91 G,60.44 G,0.00 B,756.00 B
2019-06-08 23:50:04,6.91 G,60.44 G,0.00 B,648.00 B
2019-06-08 23:50:06,6.91 G,60.44 G,0.00 B,168.00 B
2019-06-08 23:50:08,6.91 G,60.44 G,0.00 B,228.00 B
2019-06-08 23:50:10,6.91 G,60.44 G,0.00 B,432.00 B
2019-06-08 23:50:12,6.91 G,60.44 G,0.00 B,864.00 B
2019-06-08 23:50:14,6.91 G,60.44 G,0.00 B,540.00 B
2019-06-08 23:50:16,6.91 G,60.44 G,3.05 K,9.51 K
2019-06-08 23:50:18,6.91 G,60.44 G,0.00 B,972.00 B
2019-06-08 23:50:20,6.91 G,60.44 G,0.00 B,60.00 B
2019-06-08 23:50:22,6.91 G,60.44 G,0.00 B,1.43 K
2019-06-08 23:50:24,6.91 G,60.44 G,42.00 B,708.00 B
2019-06-08 23:50:26,6.91 G,60.44 G,0.00 B,432.00 B
2019-06-08 23:50:28,6.91 G,60.44 G,0.00 B,708.00 B
2019-06-08 23:50:30,6.91 G,60.44 G,0.00 B,720.00 B
2019-06-08 23:50:32,6.91 G,60.44 G,0.00 B,396.00 B
2019-06-08 23:50:34,6.91 G,60.44 G,0.00 B,324.00 B
2019-06-08 23:50:36,6.91 G,60.44 G,0.00 B,384.00 B
2019-06-08 23:50:38,6.91 G,60.44 G,0.00 B,552.00 B
2019-06-08 23:50:40,6.91 G,60.44 G,0.00 B,876.00 B
2019-06-08 23:50:42,6.91 G,60.44 G,0.00 B,936.00 B
2019-06-08 23:50:44,6.91 G,60.44 G,3.12 K,7.89 K
2019-06-08 23:50:46,6.91 G,60.44 G,0.00 B,708.00 B
2019-06-08 23:50:48,6.91 G,60.44 G,0.00 B,1.32 K
2019-06-08 23:50:50,6.91 G,60.44 G,0.00 B,756.00 B
2019-06-08 23:50:52,6.91 G,60.44 G,0.00 B,492.00 B
2019-06-08 23:50:54,6.91 G,60.44 G,42.00 B,816.00 B
2019-06-08 23:50:56,6.91 G,60.44 G,84.00 B,876.00 B
2019-06-08 23:50:59,6.91 G,60.44 G,0.00 B,648.00 B
2019-06-08 23:51:01,6.91 G,60.44 G,0.00 B,324.00 B
2019-06-08 23:51:03,6.91 G,60.44 G,0.00 B,552.00 B
2019-06-08 23:51:05,6.91 G,60.44 G,0.00 B,216.00 B
2019-06-08 23:51:07,6.91 G,60.44 G,0.00 B,540.00 B
2019-06-08 23:51:09,6.91 G,60.44 G,0.00 B,600.00 B
2019-06-08 23:51:11,6.91 G,60.44 G,0.00 B,660.00 B
2019-06-08 23:51:13,6.91 G,60.44 G,0.00 B,876.00 B
2019-06-08 23:51:15,6.91 G,60.44 G,0.00 B,540.00 B
2019-06-08 23:51:17,6.91 G,60.44 G,0.00 B,1.22 K
2019-06-08 23:51:19,6.91 G,60.44 G,0.00 B,384.00 B
2019-06-08 23:51:21,6.91 G,60.44 G,0.00 B,1.05 K
2019-06-08 23:51:23,6.91 G,60.44 G,0.00 B,816.00 B
2019-06-08 23:51:25,6.91 G,60.44 G,0.00 B,1.07 K
2019-06-08 23:51:27,6.91 G,60.44 G,2.20 K,2.75 K
2019-06-08 23:51:29,6.91 G,60.44 G,0.00 B,216.00 B
2019-06-08 23:51:31,6.91 G,60.44 G,0.00 B,540.00 B
2019-06-08 23:51:33,6.91 G,60.44 G,0.00 B,276.00 B
2019-06-08 23:51:35,6.91 G,60.44 G,0.00 B,324.00 B
2019-06-08 23:51:37,6.91 G,60.44 G,0.00 B,168.00 B
2019-06-08 23:51:40,6.91 G,60.44 G,0.00 B,432.00 B
2019-06-08 23:51:42,6.91 G,60.44 G,0.00 B,768.00 B
2019-06-08 23:51:44,6.91 G,60.44 G,0.00 B,924.00 B
2019-06-08 23:51:46,6.91 G,60.44 G,0.00 B,972.00 B
2019-06-08 23:51:48,6.91 G,60.44 G,0.00 B,864.00 B
2019-06-08 23:51:50,6.91 G,60.44 G,0.00 B,924.00 B
2019-06-08 23:51:52,6.91 G,60.44 G,204.00 B,1.04 K
2019-06-08 23:51:54,6.91 G,60.44 G,1.89 K,3.66 K
2019-06-08 23:51:56,6.91 G,60.44 G,0.00 B,384.00 B
2019-06-08 23:51:58,6.91 G,60.44 G,0.00 B,228.00 B
2019-06-08 23:52:00,6.91 G,60.44 G,0.00 B,1.44 K
2019-06-08 23:52:02,6.91 G,60.44 G,0.00 B,276.00 B
2019-06-08 23:52:04,6.91 G,60.44 G,0.00 B,384.00 B
2019-06-08 23:52:06,6.91 G,60.44 G,0.00 B,948.00 B
2019-06-08 23:52:08,6.91 G,60.44 G,0.00 B,1.01 K
2019-06-08 23:52:10,6.91 G,60.44 G,0.00 B,708.00 B
2019-06-08 23:52:12,6.91 G,60.44 G,0.00 B,816.00 B
2019-06-08 23:52:14,6.91 G,60.44 G,0.00 B,924.00 B
2019-06-08 23:52:16,6.91 G,60.44 G,0.00 B,1.14 K
2019-06-08 23:52:18,6.91 G,60.44 G,0.00 B,1.01 K
2019-06-08 23:52:20,6.91 G,60.44 G,0.00 B,1.01 K
2019-06-08 23:52:22,6.91 G,60.44 G,0.00 B,492.00 B
2019-06-08 23:52:24,6.91 G,60.44 G,1.93 K,2.62 K
2019-06-08 23:52:26,6.91 G,60.44 G,42.00 B,828.00 B
2019-06-08 23:52:28,6.91 G,60.44 G,0.00 B,180.00 B
2019-06-08 23:52:30,6.91 G,60.44 G,0.00 B,552.00 B
2019-06-08 23:52:32,6.91 G,60.44 G,0.00 B,276.00 B
2019-06-08 23:52:34,6.91 G,60.44 G,0.00 B,708.00 B
2019-06-08 23:52:36,6.91 G,60.44 G,0.00 B,1.01 K
2019-06-08 23:52:38,6.91 G,60.44 G,0.00 B,624.00 B
2019-06-08 23:52:40,6.91 G,60.44 G,0.00 B,768.00 B
2019-06-08 23:52:42,6.91 G,60.44 G,0.00 B,924.00 B
2019-06-08 23:52:44,6.91 G,60.44 G,0.00 B,444.00 B
2019-06-08 23:52:46,6.91 G,60.44 G,148.00 B,981.00 B
2019-06-08 23:52:48,6.91 G,60.44 G,0.00 B,1.11 K
2019-06-08 23:52:50,6.91 G,60.44 G,0.00 B,600.00 B
2019-06-08 23:52:52,6.91 G,60.44 G,0.00 B,1.22 K
2019-06-08 23:52:54,6.91 G,60.44 G,1.93 K,2.16 K
2019-06-08 23:52:56,6.91 G,60.44 G,42.00 B,768.00 B
2019-06-08 23:52:58,6.91 G,60.44 G,84.00 B,456.00 B
2019-06-08 23:53:01,6.91 G,60.44 G,0.00 B,492.00 B
2019-06-08 23:53:03,6.91 G,60.44 G,0.00 B,768.00 B
2019-06-08 23:53:05,6.91 G,60.44 G,0.00 B,732.00 B
2019-06-08 23:53:07,6.91 G,60.44 G,1.85 K,2.12 K
2019-06-08 23:53:09,6.91 G,60.44 G,0.00 B,996.00 B
2019-06-08 23:53:11,6.91 G,60.44 G,0.00 B,1.29 K
2019-06-08 23:53:13,6.91 G,60.44 G,50.00 B,1011.00 B
2019-06-08 23:53:16,6.91 G,60.44 G,0.00 B,768.00 B
2019-06-08 23:53:18,6.91 G,60.44 G,0.00 B,600.00 B
2019-06-08 23:53:20,6.91 G,60.44 G,0.00 B,984.00 B
2019-06-08 23:53:22,6.91 G,60.44 G,0.00 B,984.00 B
2019-06-08 23:53:24,6.91 G,60.44 G,0.00 B,336.00 B
2019-06-08 23:53:26,6.91 G,60.44 G,0.00 B,1.00 K
2019-06-08 23:53:28,6.91 G,60.44 G,1.89 K,2.77 K
2019-06-08 23:53:30,6.91 G,60.44 G,0.00 B,348.00 B
2019-06-08 23:53:32,6.91 G,60.44 G,0.00 B,924.00 B
2019-06-08 23:53:34,6.91 G,60.44 G,0.00 B,492.00 B
2019-06-08 23:53:36,6.91 G,60.44 G,0.00 B,720.00 B
2019-06-08 23:53:38,6.91 G,60.44 G,0.00 B,1.02 K
2019-06-08 23:53:40,6.91 G,60.44 G,0.00 B,1.01 K
2019-06-08 23:53:42,6.91 G,60.44 G,0.00 B,336.00 B
2019-06-08 23:53:44,6.91 G,60.44 G,0.00 B,876.00 B
2019-06-08 23:53:46,6.91 G,60.44 G,0.00 B,1.07 K
2019-06-08 23:53:48,6.91 G,60.44 G,0.00 B,432.00 B
2019-06-08 23:53:50,6.91 G,60.44 G,0.00 B,876.00 B
2019-06-08 23:53:52,6.91 G,60.44 G,0.00 B,756.00 B
2019-06-08 23:53:54,6.91 G,60.44 G,0.00 B,768.00 B
2019-06-08 23:53:56,6.91 G,60.44 G,0.00 B,600.00 B
2019-06-08 23:53:58,6.91 G,60.44 G,1.93 K,2.56 K
2019-06-08 23:54:00,6.91 G,60.44 G,84.00 B,1008.00 B
2019-06-08 23:54:02,6.91 G,60.44 G,0.00 B,492.00 B
2019-06-08 23:54:04,6.91 G,60.44 G,0.00 B,1.08 K
2019-06-08 23:54:06,6.91 G,60.44 G,0.00 B,216.00 B
2019-06-08 23:54:08,6.91 G,60.44 G,0.00 B,816.00 B
2019-06-08 23:54:10,6.91 G,60.44 G,0.00 B,1.46 K
2019-06-08 23:54:12,6.91 G,60.44 G,0.00 B,1.24 K
2019-06-08 23:54:14,6.91 G,60.44 G,0.00 B,540.00 B
2019-06-08 23:54:16,6.91 G,60.44 G,0.00 B,768.00 B
2019-06-08 23:54:18,6.91 G,60.44 G,0.00 B,1.32 K
2019-06-08 23:54:20,6.91 G,60.44 G,0.00 B,864.00 B
2019-06-08 23:54:22,6.91 G,60.44 G,0.00 B,660.00 B
2019-06-08 23:54:24,6.91 G,60.44 G,0.00 B,552.00 B
2019-06-08 23:54:26,6.91 G,60.44 G,0.00 B,444.00 B
2019-06-08 23:54:28,6.91 G,60.44 G,1.93 K,1.98 K
2019-06-08 23:54:30,6.91 G,60.44 G,42.00 B,876.00 B
2019-06-08 23:54:32,6.91 G,60.44 G,0.00 B,228.00 B
2019-06-08 23:54:34,6.91 G,60.44 G,0.00 B,828.00 B
2019-06-08 23:54:36,6.91 G,60.44 G,0.00 B,1.55 K
2019-06-08 23:54:38,6.91 G,60.44 G,0.00 B,1.20 K
2019-06-08 23:54:40,6.91 G,60.44 G,0.00 B,732.00 B
2019-06-08 23:54:42,6.91 G,60.44 G,0.00 B,948.00 B
2019-06-08 23:54:44,6.91 G,60.44 G,0.00 B,1.73 K
2019-06-08 23:54:46,6.91 G,60.44 G,462.00 B,1.53 K
2019-06-08 23:54:48,6.91 G,60.44 G,0.00 B,1.54 K
2019-06-08 23:54:50,6.91 G,60.44 G,0.00 B,1.12 K
2019-06-08 23:54:52,6.91 G,60.44 G,0.00 B,1.10 K
2019-06-08 23:54:54,6.91 G,60.44 G,0.00 B,276.00 B
2019-06-08 23:54:56,6.91 G,60.44 G,204.00 B,426.00 B
2019-06-08 23:54:58,6.91 G,60.44 G,42.00 B,276.00 B
2019-06-08 23:55:00,6.91 G,60.44 G,1.85 K,3.44 K
2019-06-08 23:55:02,6.91 G,60.44 G,0.00 B,1.59 K
2019-06-08 23:55:04,6.91 G,60.44 G,0.00 B,384.00 B
2019-06-08 23:55:06,6.91 G,60.44 G,0.00 B,216.00 B
2019-06-08 23:55:08,6.91 G,60.44 G,0.00 B,1.28 K
2019-06-08 23:55:10,6.91 G,60.44 G,0.00 B,1.17 K
2019-06-08 23:55:12,6.91 G,60.44 G,0.00 B,552.00 B
2019-06-08 23:55:14,6.91 G,60.44 G,0.00 B,432.00 B
2019-06-08 23:55:16,6.91 G,60.44 G,0.00 B,1.34 K
2019-06-08 23:55:18,6.91 G,60.44 G,0.00 B,1.02 K
2019-06-08 23:55:20,6.91 G,60.44 G,0.00 B,324.00 B
2019-06-08 23:55:22,6.91 G,60.44 G,0.00 B,876.00 B
2019-06-08 23:55:24,6.91 G,60.44 G,0.00 B,540.00 B
2019-06-08 23:55:26,6.91 G,60.44 G,0.00 B,336.00 B
2019-06-08 23:55:28,6.91 G,60.44 G,0.00 B,384.00 B
2019-06-08 23:55:30,6.91 G,60.44 G,1.97 K,2.41 K
2019-06-08 23:55:32,6.91 G,60.44 G,0.00 B,720.00 B
2019-06-08 23:55:34,6.91 G,60.44 G,0.00 B,1.61 K
2019-06-08 23:55:36,6.91 G,60.44 G,0.00 B,324.00 B
2019-06-08 23:55:38,6.91 G,60.44 G,0.00 B,432.00 B
2019-06-08 23:55:40,6.91 G,60.44 G,0.00 B,1.11 K
2019-06-08 23:55:42,6.91 G,60.44 G,0.00 B,1.22 K
2019-06-08 23:55:44,6.91 G,60.44 G,0.00 B,432.00 B
2019-06-08 23:55:46,6.91 G,60.44 G,0.00 B,891.00 B
2019-06-08 23:55:48,6.91 G,60.44 G,0.00 B,1011.00 B
2019-06-08 23:55:50,6.91 G,60.44 G,0.00 B,1.12 K
2019-06-08 23:55:52,6.91 G,60.44 G,0.00 B,612.00 B
2019-06-08 23:55:54,6.91 G,60.44 G,0.00 B,108.00 B
2019-06-08 23:55:56,6.91 G,60.44 G,0.00 B,396.00 B
2019-06-08 23:55:58,6.91 G,60.44 G,0.00 B,891.00 B
2019-06-08 23:56:00,6.91 G,60.44 G,1.89 K,2.60 K
2019-06-08 23:56:02,6.91 G,60.44 G,84.00 B,699.00 B
2019-06-08 23:56:04,6.91 G,60.44 G,0.00 B,1011.00 B
2019-06-08 23:56:06,6.91 G,60.44 G,0.00 B,1.48 K
2019-06-08 23:56:08,6.91 G,60.44 G,0.00 B,768.00 B
2019-06-08 23:56:10,6.91 G,60.44 G,0.00 B,843.00 B
2019-06-08 23:56:12,6.91 G,60.44 G,1.93 K,2.39 K
2019-06-08 23:56:15,6.91 G,60.44 G,0.00 B,1.32 K
2019-06-08 23:56:17,6.91 G,60.44 G,0.00 B,1.44 K
2019-06-08 23:56:20,6.91 G,60.44 G,0.00 B,648.00 B
2019-06-08 23:56:22,6.91 G,60.44 G,0.00 B,540.00 B
2019-06-08 23:56:24,6.91 G,60.44 G,0.00 B,216.00 B
2019-06-08 23:56:26,6.91 G,60.44 G,0.00 B,396.00 B
2019-06-08 23:56:28,6.91 G,60.44 G,0.00 B,735.00 B
2019-06-08 23:56:30,6.91 G,60.44 G,3.32 K,85.38 K
2019-06-08 23:56:32,6.91 G,60.44 G,0.00 B,1.32 K
2019-06-08 23:56:34,6.91 G,60.44 G,0.00 B,324.00 B
2019-06-08 23:56:36,6.91 G,60.44 G,0.00 B,1.91 K
2019-06-08 23:56:38,6.91 G,60.44 G,0.00 B,1.32 K
2019-06-08 23:56:41,6.91 G,60.44 G,0.00 B,1.01 K
2019-06-08 23:56:43,6.91 G,60.44 G,0.00 B,999.00 B
2019-06-08 23:56:45,6.91 G,60.44 G,0.00 B,864.00 B
2019-06-08 23:56:47,6.91 G,60.44 G,0.00 B,816.00 B
2019-06-08 23:56:49,6.91 G,60.44 G,0.00 B,540.00 B
2019-06-08 23:56:51,6.91 G,60.44 G,0.00 B,1.23 K
2019-06-08 23:56:53,6.91 G,60.44 G,3.16 K,142.47 K
2019-06-08 23:56:55,6.91 G,60.44 G,0.00 B,276.00 B
2019-06-08 23:56:57,6.91 G,60.44 G,0.00 B,660.00 B
2019-06-08 23:56:59,6.91 G,60.44 G,204.00 B,738.00 B
2019-06-08 23:57:01,6.91 G,60.44 G,0.00 B,1.37 K
2019-06-08 23:57:03,6.91 G,60.44 G,0.00 B,600.00 B
2019-06-08 23:57:05,6.91 G,60.44 G,2.14 K,2.70 K
2019-06-08 23:57:07,6.91 G,60.44 G,0.00 B,276.00 B
2019-06-08 23:57:10,6.91 G,60.44 G,0.00 B,552.00 B
2019-06-08 23:57:12,6.91 G,60.44 G,0.00 B,1.32 K
2019-06-08 23:57:14,6.91 G,60.44 G,0.00 B,708.00 B
2019-06-08 23:57:16,6.91 G,60.44 G,0.00 B,960.00 B
2019-06-08 23:57:18,6.91 G,60.44 G,0.00 B,540.00 B
2019-06-08 23:57:20,6.91 G,60.44 G,0.00 B,492.00 B
2019-06-08 23:57:22,6.91 G,60.44 G,4.94 K,150.36 K
2019-06-08 23:57:24,6.91 G,60.44 G,0.00 B,684.00 B
2019-06-08 23:57:26,6.91 G,60.44 G,0.00 B,276.00 B
2019-06-08 23:57:28,6.91 G,60.44 G,0.00 B,1.12 K
2019-06-08 23:57:33,6.91 G,60.44 G,42.00 B,1.82 K
2019-06-08 23:57:35,6.91 G,60.44 G,462.00 B,2.05 K
