2019-06-14 19:43:11,15.00 G,226.56 G,0.00 B,540.00 B
2019-06-14 19:43:13,15.00 G,226.56 G,18.94 K,106.33 K
2019-06-14 19:43:15,15.00 G,226.56 G,26.58 K,116.46 K
2019-06-14 19:43:17,15.00 G,226.56 G,29.92 K,125.61 K
2019-06-14 19:43:19,15.00 G,226.56 G,38.71 K,176.07 K
2019-06-14 19:43:21,15.00 G,226.56 G,49.91 K,225.84 K
2019-06-14 19:43:23,15.00 G,226.56 G,44.75 K,195.85 K
2019-06-14 19:43:25,15.00 G,226.56 G,45.02 K,228.04 K
2019-06-14 19:43:27,15.00 G,226.56 G,58.32 K,267.77 K
2019-06-14 19:43:29,15.00 G,226.56 G,84.92 K,386.53 K
2019-06-14 19:43:31,15.00 G,226.56 G,69.07 K,329.01 K
2019-06-14 19:43:33,15.00 G,226.56 G,89.46 K,412.39 K
2019-06-14 19:43:35,15.00 G,226.56 G,82.01 K,383.42 K
2019-06-14 19:43:37,15.00 G,226.56 G,91.88 K,429.49 K
2019-06-14 19:43:39,15.00 G,226.57 G,78.07 K,374.74 K
2019-06-14 19:43:41,15.00 G,226.57 G,96.51 K,448.23 K
2019-06-14 19:43:43,15.00 G,226.57 G,86.73 K,413.84 K
2019-06-14 19:43:45,15.00 G,226.57 G,89.56 K,419.08 K
2019-06-14 19:43:47,15.00 G,226.57 G,90.10 K,416.42 K
2019-06-14 19:43:49,15.00 G,226.57 G,94.36 K,446.99 K
2019-06-14 19:43:51,15.00 G,226.57 G,95.48 K,444.77 K
2019-06-14 19:43:53,15.00 G,226.57 G,124.71 K,587.03 K
2019-06-14 19:43:55,15.00 G,226.57 G,115.36 K,540.69 K
2019-06-14 19:43:57,15.00 G,226.57 G,104.99 K,493.02 K
2019-06-14 19:43:59,15.00 G,226.57 G,130.26 K,601.49 K
2019-06-14 19:44:01,15.00 G,226.58 G,121.07 K,555.86 K
2019-06-14 19:44:03,15.00 G,226.58 G,139.00 K,650.33 K
2019-06-14 19:44:05,15.00 G,226.58 G,112.50 K,543.24 K
2019-06-14 19:44:07,15.00 G,226.58 G,140.30 K,646.95 K
2019-06-14 19:44:09,15.00 G,226.58 G,117.60 K,559.51 K
2019-06-14 19:44:11,15.00 G,226.58 G,126.16 K,595.40 K
2019-06-14 19:44:13,15.00 G,226.58 G,117.42 K,553.84 K
2019-06-14 19:44:15,15.00 G,226.58 G,136.04 K,627.95 K
2019-06-14 19:44:17,15.00 G,226.58 G,110.55 K,521.78 K
2019-06-14 19:44:19,15.00 G,226.59 G,155.79 K,718.53 K
2019-06-14 19:44:21,15.00 G,226.59 G,116.62 K,545.01 K
2019-06-14 19:44:23,15.00 G,226.59 G,115.06 K,534.42 K
2019-06-14 19:44:25,15.00 G,226.59 G,135.00 K,623.64 K
2019-06-14 19:44:27,15.00 G,226.59 G,118.92 K,558.49 K
2019-06-14 19:44:29,15.00 G,226.59 G,107.99 K,508.74 K
2019-06-14 19:44:31,15.01 G,226.59 G,112.00 K,541.80 K
2019-06-14 19:44:33,15.01 G,226.59 G,146.78 K,676.31 K
2019-06-14 19:44:35,15.01 G,226.59 G,124.01 K,574.46 K
2019-06-14 19:44:37,15.01 G,226.60 G,141.45 K,658.78 K
2019-06-14 19:44:39,15.01 G,226.60 G,128.27 K,595.86 K
2019-06-14 19:44:42,15.01 G,226.60 G,148.67 K,687.30 K
2019-06-14 19:44:44,15.01 G,226.60 G,119.98 K,554.91 K
2019-06-14 19:44:46,15.01 G,226.60 G,128.21 K,603.12 K
2019-06-14 19:44:48,15.01 G,226.60 G,128.58 K,606.91 K
2019-06-14 19:44:50,15.01 G,226.60 G,108.27 K,509.36 K
2019-06-14 19:44:52,15.01 G,226.60 G,123.24 K,584.35 K
2019-06-14 19:44:54,15.01 G,226.60 G,114.75 K,541.02 K
2019-06-14 19:44:56,15.01 G,226.61 G,132.55 K,616.24 K
2019-06-14 19:44:58,15.01 G,226.61 G,127.68 K,604.60 K
2019-06-14 19:45:00,15.01 G,226.61 G,107.21 K,511.93 K
2019-06-14 19:45:02,15.01 G,226.61 G,119.48 K,546.03 K
2019-06-14 19:45:04,15.01 G,226.61 G,98.01 K,468.96 K
2019-06-14 19:45:06,15.01 G,226.61 G,122.25 K,562.73 K
2019-06-14 19:45:08,15.01 G,226.61 G,139.12 K,649.37 K
2019-06-14 19:45:10,15.01 G,226.61 G,124.22 K,567.34 K
2019-06-14 19:45:12,15.01 G,226.62 G,127.24 K,588.66 K
2019-06-14 19:45:14,15.01 G,226.62 G,106.90 K,505.03 K
2019-06-14 19:45:16,15.01 G,226.62 G,131.31 K,602.12 K
2019-06-14 19:45:18,15.01 G,226.62 G,103.76 K,484.62 K
2019-06-14 19:45:20,15.01 G,226.62 G,139.80 K,642.93 K
2019-06-14 19:45:22,15.01 G,226.62 G,156.70 K,708.35 K
2019-06-14 19:45:24,15.01 G,226.62 G,116.38 K,542.87 K
2019-06-14 19:45:26,15.01 G,226.62 G,132.19 K,614.38 K
2019-06-14 19:45:28,15.01 G,226.62 G,131.25 K,603.05 K
2019-06-14 19:45:30,15.01 G,226.63 G,154.26 K,715.01 K
2019-06-14 19:45:32,15.01 G,226.63 G,123.07 K,569.20 K
2019-06-14 19:45:34,15.01 G,226.63 G,120.66 K,572.58 K
2019-06-14 19:45:36,15.01 G,226.63 G,107.31 K,498.49 K
2019-06-14 19:45:38,15.01 G,226.63 G,145.28 K,662.47 K
2019-06-14 19:45:40,15.01 G,226.63 G,118.01 K,559.78 K
2019-06-14 19:45:42,15.01 G,226.63 G,107.29 K,505.73 K
2019-06-14 19:45:44,15.01 G,226.63 G,141.17 K,658.27 K
2019-06-14 19:45:46,15.01 G,226.63 G,114.49 K,537.69 K
2019-06-14 19:45:48,15.01 G,226.64 G,147.09 K,685.75 K
2019-06-14 19:45:50,15.01 G,226.64 G,154.24 K,707.25 K
2019-06-14 19:45:52,15.01 G,226.64 G,116.53 K,541.55 K
2019-06-14 19:45:54,15.02 G,226.64 G,129.91 K,613.25 K
2019-06-14 19:45:56,15.02 G,226.64 G,129.55 K,598.08 K
2019-06-14 19:45:58,15.02 G,226.64 G,136.86 K,631.25 K
2019-06-14 19:46:00,15.02 G,226.64 G,127.32 K,608.68 K
2019-06-14 19:46:02,15.02 G,226.64 G,135.66 K,630.79 K
2019-06-14 19:46:04,15.02 G,226.64 G,150.24 K,685.36 K
2019-06-14 19:46:06,15.02 G,226.65 G,123.02 K,573.32 K
2019-06-14 19:46:08,15.02 G,226.65 G,116.95 K,539.73 K
2019-06-14 19:46:10,15.02 G,226.65 G,122.98 K,573.49 K
2019-06-14 19:46:12,15.02 G,226.65 G,131.66 K,614.89 K
2019-06-14 19:46:14,15.02 G,226.65 G,139.15 K,643.75 K
2019-06-14 19:46:16,15.02 G,226.65 G,125.13 K,587.29 K
2019-06-14 19:46:18,15.02 G,226.65 G,135.74 K,637.29 K
2019-06-14 19:46:20,15.02 G,226.65 G,111.76 K,523.21 K
2019-06-14 19:46:22,15.02 G,226.65 G,121.07 K,574.17 K
2019-06-14 19:46:24,15.02 G,226.66 G,122.54 K,572.84 K
2019-06-14 19:46:26,15.02 G,226.66 G,104.04 K,501.78 K
2019-06-14 19:46:28,15.02 G,226.66 G,132.90 K,611.43 K
2019-06-14 19:46:30,15.02 G,226.66 G,122.70 K,567.91 K
2019-06-14 19:46:32,15.02 G,226.66 G,128.86 K,603.28 K
2019-06-14 19:46:34,15.02 G,226.66 G,121.24 K,551.08 K
2019-06-14 19:46:36,15.02 G,226.66 G,106.85 K,494.64 K
2019-06-14 19:46:38,15.02 G,226.66 G,138.06 K,634.38 K
2019-06-14 19:46:40,15.02 G,226.66 G,115.17 K,524.82 K
2019-06-14 19:46:42,15.02 G,226.67 G,127.23 K,595.28 K
2019-06-14 19:46:44,15.02 G,226.67 G,139.42 K,646.13 K
2019-06-14 19:46:46,15.02 G,226.67 G,89.69 K,417.80 K
2019-06-14 19:46:48,15.02 G,226.67 G,120.31 K,565.21 K
2019-06-14 19:46:50,15.02 G,226.67 G,125.95 K,579.55 K
2019-06-14 19:46:52,15.02 G,226.67 G,130.25 K,593.44 K
2019-06-14 19:46:54,15.02 G,226.67 G,127.06 K,592.12 K
2019-06-14 19:46:56,15.02 G,226.67 G,141.36 K,651.99 K
2019-06-14 19:46:58,15.02 G,226.67 G,126.98 K,608.12 K
2019-06-14 19:47:00,15.02 G,226.68 G,123.54 K,579.38 K
2019-06-14 19:47:02,15.02 G,226.68 G,134.96 K,636.52 K
2019-06-14 19:47:04,15.02 G,226.68 G,111.14 K,529.01 K
2019-06-14 19:47:06,15.02 G,226.68 G,102.69 K,487.79 K
2019-06-14 19:47:08,15.02 G,226.68 G,116.97 K,541.03 K
2019-06-14 19:47:10,15.02 G,226.68 G,136.52 K,624.77 K
2019-06-14 19:47:12,15.02 G,226.68 G,107.51 K,503.62 K
2019-06-14 19:47:14,15.02 G,226.68 G,136.62 K,636.66 K
2019-06-14 19:47:16,15.02 G,226.68 G,109.42 K,500.48 K
2019-06-14 19:47:18,15.02 G,226.68 G,100.04 K,480.04 K
2019-06-14 19:47:20,15.02 G,226.69 G,107.38 K,496.92 K
2019-06-14 19:47:22,15.03 G,226.69 G,114.14 K,532.39 K
2019-06-14 19:47:24,15.03 G,226.69 G,119.67 K,549.11 K
2019-06-14 19:47:26,15.03 G,226.69 G,91.85 K,438.24 K
2019-06-14 19:47:28,15.03 G,226.69 G,118.37 K,562.10 K
2019-06-14 19:47:30,15.03 G,226.69 G,125.43 K,579.94 K
2019-06-14 19:47:32,15.03 G,226.69 G,144.54 K,667.40 K
2019-06-14 19:47:34,15.03 G,226.69 G,75.58 K,360.14 K
2019-06-14 19:47:36,15.03 G,226.69 G,116.61 K,538.61 K
2019-06-14 19:47:38,15.03 G,226.69 G,117.60 K,543.94 K
2019-06-14 19:47:40,15.03 G,226.70 G,98.61 K,465.43 K
2019-06-14 19:47:42,15.03 G,226.70 G,130.46 K,604.42 K
2019-06-14 19:47:44,15.03 G,226.70 G,120.36 K,559.93 K
2019-06-14 19:47:46,15.03 G,226.70 G,101.30 K,471.80 K
2019-06-14 19:47:48,15.03 G,226.70 G,99.85 K,469.91 K
2019-06-14 19:47:50,15.03 G,226.70 G,121.00 K,567.51 K
2019-06-14 19:47:52,15.03 G,226.70 G,112.44 K,519.57 K
2019-06-14 19:47:54,15.03 G,226.70 G,111.67 K,516.27 K
2019-06-14 19:47:56,15.03 G,226.70 G,110.61 K,521.92 K
2019-06-14 19:47:58,15.03 G,226.70 G,149.85 K,691.01 K
2019-06-14 19:48:00,15.03 G,226.71 G,112.21 K,538.90 K
2019-06-14 19:48:02,15.03 G,226.71 G,124.47 K,577.22 K
2019-06-14 19:48:04,15.03 G,226.71 G,109.51 K,511.12 K
2019-06-14 19:48:06,15.03 G,226.71 G,105.62 K,503.81 K
2019-06-14 19:48:08,15.03 G,226.71 G,122.39 K,565.54 K
2019-06-14 19:48:11,15.03 G,226.71 G,102.61 K,455.56 K
2019-06-14 19:48:13,15.03 G,226.71 G,110.42 K,499.47 K
2019-06-14 19:48:15,15.03 G,226.71 G,150.57 K,688.24 K
2019-06-14 19:48:17,15.03 G,226.71 G,153.38 K,699.39 K
2019-06-14 19:48:19,15.03 G,226.72 G,134.30 K,601.73 K
2019-06-14 19:48:21,15.03 G,226.72 G,143.92 K,648.37 K
2019-06-14 19:48:23,15.03 G,226.72 G,151.55 K,692.58 K
2019-06-14 19:48:25,15.03 G,226.72 G,136.82 K,622.17 K
2019-06-14 19:48:27,15.03 G,226.72 G,151.63 K,680.58 K
2019-06-14 19:48:30,15.03 G,226.72 G,128.11 K,574.60 K
2019-06-14 19:48:32,15.03 G,226.72 G,142.64 K,638.55 K
2019-06-14 19:48:35,15.03 G,226.72 G,136.88 K,609.81 K
2019-06-14 19:48:37,15.03 G,226.73 G,134.20 K,611.11 K
2019-06-14 19:48:39,15.03 G,226.73 G,126.59 K,583.27 K
2019-06-14 19:48:41,15.03 G,226.73 G,113.90 K,510.74 K
2019-06-14 19:48:43,15.03 G,226.73 G,128.91 K,588.70 K
2019-06-14 19:48:45,15.03 G,226.73 G,135.22 K,608.90 K
2019-06-14 19:48:47,15.04 G,226.73 G,109.33 K,486.41 K
2019-06-14 19:48:49,15.04 G,226.73 G,141.37 K,636.45 K
2019-06-14 19:48:51,15.04 G,226.73 G,147.54 K,655.01 K
2019-06-14 19:48:53,15.04 G,226.74 G,142.44 K,629.82 K
2019-06-14 19:48:55,15.04 G,226.74 G,129.73 K,582.95 K
2019-06-14 19:48:57,15.04 G,226.74 G,135.82 K,623.88 K
2019-06-14 19:48:59,15.04 G,226.74 G,136.58 K,619.94 K
2019-06-14 19:49:01,15.04 G,226.74 G,168.76 K,777.41 K
2019-06-14 19:49:03,15.04 G,226.74 G,149.85 K,681.20 K
2019-06-14 19:49:06,15.04 G,226.74 G,166.25 K,786.58 K
2019-06-14 19:49:08,15.04 G,226.75 G,155.29 K,730.03 K
2019-06-14 19:49:10,15.04 G,226.75 G,150.78 K,700.40 K
2019-06-14 19:49:12,15.04 G,226.75 G,162.97 K,807.77 K
2019-06-14 19:49:14,15.04 G,226.75 G,134.34 K,626.42 K
2019-06-14 19:49:16,15.04 G,226.75 G,148.21 K,680.02 K
2019-06-14 19:49:18,15.04 G,226.75 G,138.77 K,646.52 K
2019-06-14 19:49:20,15.04 G,226.75 G,174.59 K,817.77 K
2019-06-14 19:49:22,15.04 G,226.76 G,168.84 K,777.99 K
2019-06-14 19:49:24,15.04 G,226.76 G,133.99 K,628.67 K
2019-06-14 19:49:26,15.04 G,226.76 G,164.04 K,758.92 K
2019-06-14 19:49:28,15.04 G,226.76 G,115.97 K,548.47 K
2019-06-14 19:49:30,15.04 G,226.76 G,154.89 K,740.80 K
2019-06-14 19:49:32,15.04 G,226.76 G,137.06 K,662.91 K
2019-06-14 19:49:34,15.04 G,226.76 G,171.38 K,814.98 K
2019-06-14 19:49:36,15.04 G,226.76 G,148.99 K,716.80 K
2019-06-14 19:49:38,15.04 G,226.77 G,146.38 K,690.81 K
2019-06-14 19:49:40,15.04 G,226.77 G,150.67 K,719.07 K
2019-06-14 19:49:42,15.04 G,226.77 G,159.21 K,820.16 K
2019-06-14 19:49:44,15.04 G,226.77 G,159.07 K,745.98 K
2019-06-14 19:49:46,15.04 G,226.77 G,161.86 K,768.03 K
2019-06-14 19:49:48,15.04 G,226.77 G,142.92 K,683.63 K
2019-06-14 19:49:50,15.04 G,226.77 G,147.40 K,700.54 K
2019-06-14 19:49:52,15.04 G,226.78 G,171.61 K,810.24 K
2019-06-14 19:49:54,15.04 G,226.78 G,25.35 K,119.65 K
2019-06-14 19:49:56,15.04 G,226.78 G,165.88 K,789.14 K
2019-06-14 19:49:58,15.05 G,226.78 G,152.75 K,713.30 K
2019-06-14 19:50:00,15.05 G,226.78 G,186.60 K,919.63 K
2019-06-14 19:50:02,15.05 G,226.78 G,164.26 K,788.85 K
2019-06-14 19:50:04,15.05 G,226.78 G,163.31 K,750.07 K
2019-06-14 19:50:06,15.05 G,226.79 G,157.00 K,743.18 K
2019-06-14 19:50:10,15.05 G,226.79 G,163.49 K,793.42 K
2019-06-14 19:50:12,15.05 G,226.79 G,187.81 K,873.49 K
2019-06-14 19:50:14,15.05 G,226.79 G,159.52 K,730.74 K
2019-06-14 19:50:16,15.05 G,226.79 G,41.79 K,186.29 K
2019-06-14 19:50:19,15.05 G,226.80 G,164.66 K,860.36 K
2019-06-14 19:50:21,15.05 G,226.80 G,246.73 K,1.20 M
2019-06-14 19:50:23,15.05 G,226.80 G,51.35 K,245.92 K
2019-06-14 19:50:25,15.05 G,226.80 G,32.24 K,164.18 K
2019-06-14 19:50:27,15.05 G,226.80 G,157.13 K,813.69 K
2019-06-14 19:50:29,15.05 G,226.80 G,161.54 K,847.34 K
2019-06-14 19:50:31,15.05 G,226.80 G,131.67 K,775.94 K
2019-06-14 19:50:33,15.05 G,226.80 G,156.50 K,777.81 K
2019-06-14 19:50:35,15.05 G,226.81 G,161.68 K,838.84 K
2019-06-14 19:50:37,15.05 G,226.81 G,153.44 K,738.37 K
2019-06-14 19:50:39,15.05 G,226.81 G,148.94 K,769.44 K
2019-06-14 19:50:41,15.05 G,226.81 G,146.08 K,711.73 K
2019-06-14 19:50:43,15.05 G,226.81 G,143.34 K,778.09 K
2019-06-14 19:50:45,15.05 G,226.81 G,120.86 K,736.71 K
2019-06-14 19:50:47,15.05 G,226.81 G,152.95 K,748.29 K
2019-06-14 19:50:49,15.05 G,226.82 G,141.08 K,755.88 K
2019-06-14 19:50:51,15.05 G,226.82 G,145.35 K,710.34 K
2019-06-14 19:50:53,15.05 G,226.82 G,128.50 K,677.23 K
2019-06-14 19:50:55,15.05 G,226.82 G,136.22 K,766.48 K
2019-06-14 19:50:57,15.05 G,226.82 G,127.84 K,667.67 K
2019-06-14 19:50:59,15.05 G,226.82 G,145.72 K,748.27 K
2019-06-14 19:51:02,15.05 G,226.82 G,147.45 K,791.95 K
2019-06-14 19:51:04,15.05 G,226.83 G,126.04 K,732.29 K
2019-06-14 19:51:06,15.05 G,226.83 G,146.57 K,787.76 K
2019-06-14 19:51:08,15.05 G,226.83 G,141.27 K,721.54 K
2019-06-14 19:51:10,15.05 G,226.83 G,141.86 K,705.45 K
2019-06-14 19:51:12,15.06 G,226.83 G,143.05 K,754.65 K
2019-06-14 19:51:14,15.06 G,226.83 G,132.00 B,904.00 B
2019-06-14 19:51:16,15.06 G,226.83 G,147.11 K,746.28 K
2019-06-14 19:51:18,15.06 G,226.83 G,147.30 K,723.70 K
2019-06-14 19:51:20,15.06 G,226.84 G,145.82 K,815.26 K
2019-06-14 19:51:22,15.06 G,226.84 G,112.02 K,594.45 K
2019-06-14 19:51:24,15.06 G,226.84 G,155.25 K,769.63 K
2019-06-14 19:51:26,15.06 G,226.84 G,166.07 K,799.46 K
2019-06-14 19:51:28,15.06 G,226.84 G,145.44 K,790.18 K
2019-06-14 19:51:30,15.06 G,226.84 G,148.66 K,733.06 K
2019-06-14 19:51:32,15.06 G,226.84 G,138.58 K,681.72 K
2019-06-14 19:51:34,15.06 G,226.85 G,144.23 K,754.27 K
2019-06-14 19:51:36,15.06 G,226.85 G,156.40 K,783.69 K
2019-06-14 19:51:38,15.06 G,226.85 G,155.28 K,768.76 K
2019-06-14 19:51:40,15.06 G,226.85 G,162.93 K,852.06 K
2019-06-14 19:51:42,15.06 G,226.85 G,128.86 K,666.44 K
2019-06-14 19:51:44,15.06 G,226.85 G,128.80 K,630.01 K
2019-06-14 19:51:46,15.06 G,226.85 G,111.81 K,745.55 K
2019-06-14 19:51:48,15.06 G,226.86 G,148.80 K,775.36 K
2019-06-14 19:51:50,15.06 G,226.86 G,135.81 K,774.99 K
2019-06-14 19:51:52,15.06 G,226.86 G,149.99 K,887.33 K
2019-06-14 19:51:54,15.06 G,226.86 G,138.52 K,702.46 K
2019-06-14 19:51:56,15.06 G,226.86 G,103.90 K,547.55 K
2019-06-14 19:51:58,15.06 G,226.86 G,122.42 K,666.97 K
2019-06-14 19:52:00,15.06 G,226.86 G,152.03 K,819.18 K
2019-06-14 19:52:02,15.06 G,226.87 G,137.47 K,694.83 K
2019-06-14 19:52:04,15.06 G,226.87 G,133.68 K,766.73 K
2019-06-14 19:52:06,15.06 G,226.87 G,126.90 K,689.28 K
2019-06-14 19:52:09,15.06 G,226.87 G,152.59 K,820.48 K
2019-06-14 19:52:11,15.06 G,226.87 G,141.66 K,749.74 K
2019-06-14 19:52:13,15.06 G,226.87 G,131.82 K,703.17 K
2019-06-14 19:52:15,15.06 G,226.87 G,129.76 K,638.25 K
2019-06-14 19:52:17,15.06 G,226.88 G,136.59 K,661.58 K
2019-06-14 19:52:19,15.06 G,226.88 G,129.81 K,640.09 K
2019-06-14 19:52:21,15.06 G,226.88 G,155.58 K,867.70 K
2019-06-14 19:52:23,15.06 G,226.88 G,143.24 K,751.51 K
2019-06-14 19:52:25,15.06 G,226.88 G,135.12 K,664.32 K
2019-06-14 19:52:27,15.07 G,226.88 G,131.04 K,691.21 K
2019-06-14 19:52:29,15.07 G,226.88 G,153.62 K,792.86 K
2019-06-14 19:52:31,15.07 G,226.89 G,154.38 K,752.57 K
2019-06-14 19:52:33,15.07 G,226.89 G,121.15 K,645.11 K
2019-06-14 19:52:35,15.07 G,226.89 G,128.92 K,685.54 K
2019-06-14 19:52:37,15.07 G,226.89 G,137.01 K,672.17 K
2019-06-14 19:52:39,15.07 G,226.89 G,130.24 K,637.42 K
2019-06-14 19:52:41,15.07 G,226.89 G,134.35 K,657.40 K
2019-06-14 19:52:43,15.07 G,226.89 G,147.92 K,764.16 K
2019-06-14 19:52:45,15.07 G,226.89 G,128.50 K,768.67 K
2019-06-14 19:52:47,15.07 G,226.90 G,136.13 K,728.07 K
2019-06-14 19:52:49,15.07 G,226.90 G,132.63 K,672.05 K
2019-06-14 19:52:51,15.07 G,226.90 G,125.55 K,674.69 K
2019-06-14 19:52:53,15.07 G,226.90 G,133.05 K,653.79 K
2019-06-14 19:52:55,15.07 G,226.90 G,151.68 K,819.48 K
2019-06-14 19:52:57,15.07 G,226.90 G,143.39 K,743.01 K
2019-06-14 19:52:59,15.07 G,226.90 G,117.24 K,558.53 K
2019-06-14 19:53:01,15.07 G,226.91 G,145.45 K,838.17 K
2019-06-14 19:53:03,15.07 G,226.91 G,101.06 K,498.05 K
2019-06-14 19:53:05,15.07 G,226.91 G,102.90 K,470.76 K
2019-06-14 19:53:08,15.07 G,226.91 G,24.40 K,109.23 K
2019-06-14 19:53:14,15.07 G,226.91 G,156.45 K,713.63 K
2019-06-14 19:53:16,15.07 G,226.91 G,187.04 K,842.44 K
2019-06-14 19:53:18,15.07 G,226.91 G,194.00 K,877.25 K
2019-06-14 19:53:20,15.07 G,226.92 G,194.06 K,879.22 K
2019-06-14 19:53:22,15.07 G,226.92 G,178.91 K,808.88 K
2019-06-14 19:53:24,15.07 G,226.92 G,172.10 K,785.21 K
2019-06-14 19:53:26,15.07 G,226.92 G,161.88 K,739.35 K
2019-06-14 19:53:28,15.07 G,226.92 G,156.26 K,715.95 K
2019-06-14 19:53:30,15.07 G,226.92 G,154.74 K,708.92 K
2019-06-14 19:53:32,15.07 G,226.92 G,167.93 K,759.07 K
2019-06-14 19:53:34,15.07 G,226.93 G,147.02 K,653.65 K
2019-06-14 19:53:36,15.07 G,226.93 G,162.79 K,721.84 K
2019-06-14 19:53:38,15.07 G,226.93 G,156.69 K,720.97 K
2019-06-14 19:53:40,15.07 G,226.93 G,144.69 K,646.94 K
2019-06-14 19:53:42,15.07 G,226.93 G,143.19 K,662.12 K
2019-06-14 19:53:44,15.08 G,226.93 G,141.69 K,650.16 K
2019-06-14 19:53:46,15.08 G,226.93 G,142.41 K,642.72 K
2019-06-14 19:53:48,15.08 G,226.94 G,157.27 K,721.41 K
2019-06-14 19:53:50,15.08 G,226.94 G,153.11 K,706.30 K
2019-06-14 19:53:52,15.08 G,226.94 G,144.06 K,648.31 K
2019-06-14 19:53:54,15.08 G,226.94 G,140.92 K,631.83 K
2019-06-14 19:53:56,15.08 G,226.94 G,130.05 K,581.68 K
2019-06-14 19:53:58,15.08 G,226.94 G,147.41 K,654.17 K
2019-06-14 19:54:00,15.08 G,226.94 G,149.80 K,678.33 K
2019-06-14 19:54:02,15.08 G,226.94 G,148.19 K,676.21 K
2019-06-14 19:54:04,15.08 G,226.95 G,151.76 K,679.30 K
2019-06-14 19:54:06,15.08 G,226.95 G,147.85 K,664.13 K
2019-06-14 19:54:08,15.08 G,226.95 G,134.99 K,610.60 K
2019-06-14 19:54:10,15.08 G,226.95 G,152.95 K,683.98 K
2019-06-14 19:54:12,15.08 G,226.95 G,123.82 K,562.08 K
2019-06-14 19:54:14,15.08 G,226.95 G,147.41 K,659.25 K
2019-06-14 19:54:16,15.08 G,226.95 G,141.96 K,639.88 K
2019-06-14 19:54:18,15.08 G,226.95 G,146.49 K,667.64 K
2019-06-14 19:54:20,15.08 G,226.96 G,155.35 K,690.25 K
2019-06-14 19:54:22,15.08 G,226.96 G,141.73 K,652.64 K
2019-06-14 19:54:24,15.08 G,226.96 G,155.48 K,698.85 K
2019-06-14 19:54:26,15.08 G,226.96 G,148.32 K,676.24 K
2019-06-14 19:54:28,15.08 G,226.96 G,157.00 K,711.02 K
2019-06-14 19:54:30,15.08 G,226.96 G,171.83 K,785.35 K
2019-06-14 19:54:32,15.08 G,226.96 G,163.14 K,730.72 K
2019-06-14 19:54:34,15.08 G,226.96 G,151.68 K,669.40 K
2019-06-14 19:54:36,15.08 G,226.97 G,145.32 K,655.55 K
2019-06-14 19:54:38,15.08 G,226.97 G,151.75 K,688.35 K
2019-06-14 19:54:40,15.08 G,226.97 G,172.04 K,781.68 K
2019-06-14 19:54:42,15.08 G,226.97 G,156.89 K,716.27 K
2019-06-14 19:54:44,15.08 G,226.97 G,138.74 K,635.11 K
2019-06-14 19:54:46,15.08 G,226.97 G,155.15 K,683.16 K
2019-06-14 19:54:48,15.08 G,226.97 G,162.09 K,721.21 K
2019-06-14 19:54:50,15.08 G,226.98 G,154.54 K,704.70 K
2019-06-14 19:54:52,15.08 G,226.98 G,132.97 K,602.53 K
2019-06-14 19:54:54,15.09 G,226.98 G,149.50 K,674.39 K
2019-06-14 19:54:56,15.09 G,226.98 G,148.62 K,660.71 K
2019-06-14 19:54:58,15.09 G,226.98 G,152.82 K,675.27 K
2019-06-14 19:55:00,15.09 G,226.98 G,133.88 K,611.76 K
2019-06-14 19:55:02,15.09 G,226.98 G,129.31 K,583.50 K
2019-06-14 19:55:04,15.09 G,226.98 G,163.88 K,752.05 K
2019-06-14 19:55:06,15.09 G,226.99 G,144.58 K,671.52 K
2019-06-14 19:55:08,15.09 G,226.99 G,129.36 K,578.70 K
2019-06-14 19:55:10,15.09 G,226.99 G,149.51 K,677.14 K
2019-06-14 19:55:12,15.09 G,226.99 G,137.56 K,621.74 K
2019-06-14 19:55:14,15.09 G,226.99 G,167.85 K,759.08 K
2019-06-14 19:55:16,15.09 G,226.99 G,154.81 K,710.57 K
2019-06-14 19:55:18,15.09 G,226.99 G,145.76 K,642.31 K
2019-06-14 19:55:20,15.09 G,226.99 G,138.91 K,629.50 K
2019-06-14 19:55:22,15.09 G,227.00 G,146.87 K,677.53 K
2019-06-14 19:55:24,15.09 G,227.00 G,148.16 K,658.83 K
2019-06-14 19:55:26,15.09 G,227.00 G,148.70 K,685.71 K
2019-06-14 19:55:28,15.09 G,227.00 G,171.90 K,777.14 K
2019-06-14 19:55:30,15.09 G,227.00 G,129.67 K,584.57 K
2019-06-14 19:55:32,15.09 G,227.00 G,149.32 K,686.94 K
2019-06-14 19:55:34,15.09 G,227.00 G,139.07 K,623.72 K
2019-06-14 19:55:36,15.09 G,227.00 G,151.25 K,684.29 K
2019-06-14 19:55:38,15.09 G,227.01 G,163.17 K,730.10 K
2019-06-14 19:55:40,15.09 G,227.01 G,168.79 K,774.75 K
2019-06-14 19:55:42,15.09 G,227.01 G,74.10 K,321.05 K
2019-06-14 19:55:44,15.09 G,227.01 G,144.32 K,653.23 K
2019-06-14 19:55:46,15.09 G,227.01 G,170.29 K,761.03 K
2019-06-14 19:55:48,15.09 G,227.01 G,157.17 K,709.65 K
2019-06-14 19:55:50,15.09 G,227.01 G,147.95 K,649.87 K
2019-06-14 19:55:52,15.09 G,227.01 G,174.37 K,781.50 K
2019-06-14 19:55:54,15.09 G,227.02 G,77.63 K,334.83 K
2019-06-14 19:55:56,15.09 G,227.02 G,176.05 K,791.35 K
2019-06-14 19:55:58,15.09 G,227.02 G,150.43 K,675.91 K
2019-06-14 19:56:00,15.09 G,227.02 G,141.80 K,646.80 K
2019-06-14 19:56:02,15.09 G,227.02 G,153.05 K,703.40 K
2019-06-14 19:56:04,15.10 G,227.02 G,145.13 K,645.83 K
2019-06-14 19:56:06,15.10 G,227.02 G,147.55 K,671.30 K
2019-06-14 19:56:08,15.10 G,227.03 G,170.58 K,771.16 K
2019-06-14 19:56:10,15.10 G,227.03 G,152.83 K,680.12 K
2019-06-14 19:56:12,15.10 G,227.03 G,162.86 K,725.51 K
2019-06-14 19:56:14,15.10 G,227.03 G,138.38 K,630.09 K
2019-06-14 19:56:16,15.10 G,227.03 G,152.68 K,698.44 K
2019-06-14 19:56:18,15.10 G,227.03 G,152.95 K,697.43 K
2019-06-14 19:56:20,15.10 G,227.03 G,156.71 K,716.39 K
2019-06-14 19:56:22,15.10 G,227.03 G,162.24 K,737.69 K
2019-06-14 19:56:24,15.10 G,227.04 G,142.86 K,649.10 K
2019-06-14 19:56:26,15.10 G,227.04 G,159.72 K,731.93 K
2019-06-14 19:56:28,15.10 G,227.04 G,155.24 K,686.71 K
2019-06-14 19:56:30,15.10 G,227.04 G,175.54 K,787.70 K
2019-06-14 19:56:32,15.10 G,227.04 G,153.93 K,701.06 K
2019-06-14 19:56:34,15.10 G,227.04 G,145.07 K,644.33 K
2019-06-14 19:56:36,15.10 G,227.04 G,162.79 K,723.18 K
2019-06-14 19:56:38,15.10 G,227.05 G,165.80 K,754.29 K
2019-06-14 19:56:40,15.10 G,227.05 G,175.56 K,792.46 K
2019-06-14 19:56:42,15.10 G,227.05 G,171.78 K,778.43 K
2019-06-14 19:56:44,15.10 G,227.05 G,147.99 K,684.53 K
2019-06-14 19:56:46,15.10 G,227.05 G,147.48 K,658.53 K
2019-06-14 19:56:48,15.10 G,227.05 G,170.36 K,755.16 K
2019-06-14 19:56:50,15.10 G,227.05 G,143.98 K,645.51 K
2019-06-14 19:56:52,15.10 G,227.05 G,153.08 K,683.79 K
2019-06-14 19:56:54,15.10 G,227.06 G,143.61 K,644.33 K
2019-06-14 19:56:56,15.10 G,227.06 G,139.97 K,629.87 K
2019-06-14 19:56:58,15.10 G,227.06 G,158.89 K,734.48 K
2019-06-14 19:57:01,15.10 G,227.06 G,158.69 K,706.38 K
2019-06-14 19:57:03,15.10 G,227.06 G,149.88 K,668.68 K
2019-06-14 19:57:05,15.10 G,227.06 G,151.82 K,685.92 K
2019-06-14 19:57:07,15.10 G,227.06 G,145.49 K,670.11 K
2019-06-14 19:57:09,15.10 G,227.07 G,157.84 K,692.33 K
2019-06-14 19:57:11,15.10 G,227.07 G,179.40 K,806.58 K
2019-06-14 19:57:13,15.11 G,227.07 G,139.34 K,632.14 K
2019-06-14 19:57:15,15.11 G,227.07 G,156.24 K,716.23 K
2019-06-14 19:57:17,15.11 G,227.07 G,158.50 K,705.84 K
2019-06-14 19:57:19,15.11 G,227.07 G,170.62 K,755.05 K
2019-06-14 19:57:21,15.11 G,227.07 G,164.11 K,729.77 K
2019-06-14 19:57:23,15.11 G,227.08 G,150.83 K,670.19 K
2019-06-14 19:57:25,15.11 G,227.08 G,153.06 K,697.24 K
2019-06-14 19:57:27,15.11 G,227.08 G,157.47 K,715.88 K
2019-06-14 19:57:29,15.11 G,227.08 G,140.46 K,631.30 K
2019-06-14 19:57:31,15.11 G,227.08 G,144.06 K,643.06 K
2019-06-14 19:57:33,15.11 G,227.08 G,154.61 K,692.31 K
2019-06-14 19:57:35,15.11 G,227.08 G,122.49 K,532.22 K
2019-06-14 19:57:37,15.11 G,227.08 G,137.69 K,612.90 K
2019-06-14 19:57:39,15.11 G,227.09 G,141.47 K,631.72 K
2019-06-14 19:57:41,15.11 G,227.09 G,130.19 K,585.63 K
2019-06-14 19:57:43,15.11 G,227.09 G,138.95 K,619.42 K
2019-06-14 19:57:45,15.11 G,227.09 G,152.76 K,684.48 K
2019-06-14 19:57:47,15.11 G,227.09 G,169.07 K,768.28 K
2019-06-14 19:57:49,15.11 G,227.09 G,178.84 K,803.56 K
2019-06-14 19:57:51,15.11 G,227.09 G,155.79 K,692.16 K
2019-06-14 19:57:53,15.11 G,227.09 G,166.64 K,736.40 K
2019-06-14 19:57:55,15.11 G,227.10 G,164.24 K,728.39 K
2019-06-14 19:57:57,15.11 G,227.10 G,151.43 K,672.38 K
2019-06-14 19:57:59,15.11 G,227.10 G,121.36 K,549.36 K
2019-06-14 19:58:01,15.11 G,227.10 G,151.95 K,699.45 K
2019-06-14 19:58:03,15.11 G,227.10 G,154.88 K,712.34 K
2019-06-14 19:58:05,15.11 G,227.10 G,171.85 K,774.84 K
2019-06-14 19:58:07,15.11 G,227.10 G,164.47 K,755.85 K
2019-06-14 19:58:09,15.11 G,227.11 G,166.65 K,753.33 K
2019-06-14 19:58:11,15.11 G,227.11 G,169.13 K,760.58 K
2019-06-14 19:58:13,15.11 G,227.11 G,173.57 K,769.60 K
2019-06-14 19:58:15,15.11 G,227.11 G,188.87 K,848.28 K
2019-06-14 19:58:17,15.11 G,227.11 G,136.83 K,631.62 K
2019-06-14 19:58:19,15.12 G,227.11 G,167.79 K,739.45 K
2019-06-14 19:58:21,15.12 G,227.11 G,123.25 K,547.04 K
2019-06-14 19:58:26,15.12 G,227.12 G,155.87 K,726.11 K
2019-06-14 19:58:28,15.12 G,227.12 G,171.40 K,801.20 K
2019-06-14 19:58:30,15.12 G,227.12 G,198.43 K,930.07 K
2019-06-14 19:58:32,15.12 G,227.12 G,160.31 K,753.07 K
2019-06-14 19:58:34,15.12 G,227.12 G,189.49 K,882.22 K
2019-06-14 19:58:36,15.12 G,227.12 G,168.67 K,784.14 K
2019-06-14 19:58:38,15.12 G,227.12 G,175.69 K,806.82 K
2019-06-14 19:58:40,15.12 G,227.13 G,204.69 K,941.36 K
2019-06-14 19:58:42,15.12 G,227.13 G,202.69 K,945.02 K
2019-06-14 19:58:44,15.12 G,227.13 G,14.06 K,67.86 K
2019-06-14 19:58:46,15.12 G,227.13 G,169.69 K,790.51 K
2019-06-14 19:58:48,15.12 G,227.13 G,153.43 K,712.64 K
2019-06-14 19:58:50,15.12 G,227.13 G,167.61 K,769.90 K
2019-06-14 19:58:52,15.12 G,227.13 G,175.48 K,809.90 K
2019-06-14 19:58:54,15.12 G,227.14 G,175.17 K,813.52 K
2019-06-14 19:58:56,15.12 G,227.14 G,141.14 K,641.60 K
2019-06-14 19:58:58,15.12 G,227.14 G,161.50 K,754.34 K
2019-06-14 19:59:00,15.12 G,227.14 G,149.21 K,696.38 K
2019-06-14 19:59:02,15.12 G,227.14 G,164.11 K,745.95 K
2019-06-14 19:59:04,15.12 G,227.14 G,185.37 K,855.21 K
2019-06-14 19:59:06,15.12 G,227.14 G,72.82 K,331.16 K
2019-06-14 19:59:08,15.12 G,227.15 G,163.19 K,761.00 K
2019-06-14 19:59:10,15.12 G,227.15 G,163.95 K,753.80 K
2019-06-14 19:59:12,15.12 G,227.15 G,178.33 K,823.28 K
2019-06-14 19:59:14,15.12 G,227.15 G,155.20 K,719.07 K
2019-06-14 19:59:16,15.12 G,227.15 G,138.63 K,649.61 K
2019-06-14 19:59:18,15.12 G,227.15 G,176.12 K,813.04 K
2019-06-14 19:59:20,15.12 G,227.15 G,172.38 K,801.66 K
2019-06-14 19:59:22,15.12 G,227.16 G,166.29 K,772.29 K
2019-06-14 19:59:24,15.12 G,227.16 G,159.96 K,726.18 K
2019-06-14 19:59:26,15.13 G,227.16 G,159.44 K,728.47 K
2019-06-14 19:59:29,15.13 G,227.16 G,133.76 K,618.06 K
2019-06-14 19:59:31,15.13 G,227.16 G,131.99 K,609.89 K
2019-06-14 19:59:33,15.13 G,227.16 G,152.49 K,706.64 K
2019-06-14 19:59:35,15.13 G,227.16 G,157.82 K,717.20 K
2019-06-14 19:59:37,15.13 G,227.17 G,165.75 K,780.29 K
2019-06-14 19:59:39,15.13 G,227.17 G,142.31 K,672.04 K
2019-06-14 19:59:41,15.13 G,227.17 G,144.07 K,663.56 K
2019-06-14 19:59:43,15.13 G,227.17 G,153.87 K,715.43 K
2019-06-14 19:59:45,15.13 G,227.17 G,159.84 K,748.12 K
2019-06-14 19:59:48,15.13 G,227.17 G,148.95 K,685.04 K
2019-06-14 19:59:50,15.13 G,227.17 G,142.38 K,655.02 K
2019-06-14 19:59:52,15.13 G,227.17 G,140.74 K,642.97 K
2019-06-14 19:59:54,15.13 G,227.18 G,142.64 K,673.98 K
2019-06-14 19:59:56,15.13 G,227.18 G,153.78 K,713.94 K
2019-06-14 19:59:58,15.13 G,227.18 G,120.21 K,559.60 K
2019-06-14 20:00:00,15.13 G,227.18 G,137.33 K,629.03 K
2019-06-14 20:00:02,15.13 G,227.18 G,148.89 K,680.51 K
2019-06-14 20:00:04,15.13 G,227.18 G,165.43 K,773.13 K
2019-06-14 20:00:06,15.13 G,227.18 G,184.32 K,874.01 K
2019-06-14 20:00:08,15.13 G,227.19 G,163.23 K,755.89 K
2019-06-14 20:00:10,15.13 G,227.19 G,176.09 K,817.81 K
2019-06-14 20:00:12,15.13 G,227.19 G,172.40 K,807.51 K
2019-06-14 20:00:14,15.13 G,227.19 G,290.08 K,1.32 M
2019-06-14 20:00:16,15.13 G,227.19 G,57.86 K,252.73 K
2019-06-14 20:00:18,15.13 G,227.19 G,82.33 K,374.73 K
2019-06-14 20:00:20,15.13 G,227.19 G,58.75 K,266.94 K
2019-06-14 20:00:22,15.13 G,227.19 G,80.75 K,367.94 K
2019-06-14 20:00:24,15.13 G,227.20 G,76.15 K,347.77 K
2019-06-14 20:00:26,15.13 G,227.20 G,25.95 K,130.27 K
2019-06-14 20:00:28,15.13 G,227.20 G,276.34 K,1.26 M
2019-06-14 20:00:30,15.13 G,227.20 G,164.74 K,762.52 K
2019-06-14 20:00:32,15.13 G,227.20 G,139.61 K,645.08 K
2019-06-14 20:00:34,15.13 G,227.20 G,137.14 K,633.66 K
2019-06-14 20:00:36,15.13 G,227.20 G,166.37 K,774.07 K
2019-06-14 20:00:38,15.13 G,227.20 G,155.63 K,724.51 K
2019-06-14 20:00:40,15.14 G,227.21 G,144.60 K,681.44 K
2019-06-14 20:00:42,15.14 G,227.21 G,134.58 K,628.95 K
2019-06-14 20:00:44,15.14 G,227.21 G,128.68 K,587.82 K
2019-06-14 20:00:46,15.14 G,227.21 G,151.67 K,699.48 K
2019-06-14 20:00:48,15.14 G,227.21 G,168.75 K,786.94 K
2019-06-14 20:00:50,15.14 G,227.21 G,151.36 K,698.96 K
2019-06-14 20:00:52,15.14 G,227.21 G,144.21 K,677.21 K
2019-06-14 20:00:54,15.14 G,227.21 G,157.14 K,738.01 K
2019-06-14 20:00:56,15.14 G,227.22 G,176.18 K,836.10 K
2019-06-14 20:00:58,15.14 G,227.22 G,157.45 K,728.90 K
2019-06-14 20:01:00,15.14 G,227.22 G,157.95 K,756.50 K
2019-06-14 20:01:02,15.14 G,227.22 G,164.80 K,771.84 K
2019-06-14 20:01:04,15.14 G,227.22 G,151.43 K,704.46 K
2019-06-14 20:01:06,15.14 G,227.22 G,122.01 K,569.84 K
2019-06-14 20:01:08,15.14 G,227.22 G,166.37 K,777.88 K
2019-06-14 20:01:10,15.14 G,227.23 G,124.86 K,572.53 K
2019-06-14 20:01:12,15.14 G,227.23 G,119.38 K,554.39 K
2019-06-14 20:01:14,15.14 G,227.23 G,126.98 K,590.92 K
2019-06-14 20:01:16,15.14 G,227.23 G,129.17 K,600.62 K
2019-06-14 20:01:18,15.14 G,227.23 G,143.69 K,669.17 K
2019-06-14 20:01:20,15.14 G,227.23 G,120.82 K,554.66 K
2019-06-14 20:01:22,15.14 G,227.23 G,138.36 K,653.47 K
2019-06-14 20:01:24,15.14 G,227.23 G,131.57 K,610.44 K
2019-06-14 20:01:26,15.14 G,227.23 G,118.04 K,553.99 K
2019-06-14 20:01:28,15.14 G,227.24 G,89.34 K,408.40 K
2019-06-14 20:01:30,15.14 G,227.24 G,142.04 K,649.71 K
2019-06-14 20:01:32,15.14 G,227.24 G,142.18 K,652.02 K
2019-06-14 20:01:34,15.14 G,227.24 G,137.71 K,630.50 K
2019-06-14 20:01:36,15.14 G,227.24 G,117.95 K,535.60 K
2019-06-14 20:01:38,15.14 G,227.24 G,142.42 K,663.95 K
2019-06-14 20:01:40,15.14 G,227.24 G,144.07 K,683.78 K
2019-06-14 20:01:42,15.14 G,227.24 G,147.22 K,692.06 K
2019-06-14 20:01:44,15.14 G,227.25 G,150.59 K,691.08 K
2019-06-14 20:01:46,15.14 G,227.25 G,162.61 K,763.69 K
2019-06-14 20:01:48,15.14 G,227.25 G,143.50 K,666.99 K
2019-06-14 20:01:50,15.14 G,227.25 G,161.34 K,756.46 K
2019-06-14 20:01:52,15.14 G,227.25 G,166.11 K,779.53 K
2019-06-14 20:01:54,15.15 G,227.25 G,146.33 K,686.94 K
2019-06-14 20:01:56,15.15 G,227.25 G,140.48 K,648.37 K
2019-06-14 20:01:58,15.15 G,227.26 G,143.62 K,659.06 K
2019-06-14 20:02:00,15.15 G,227.26 G,160.29 K,768.03 K
2019-06-14 20:02:02,15.15 G,227.26 G,166.55 K,763.77 K
2019-06-14 20:02:04,15.15 G,227.26 G,143.88 K,678.54 K
2019-06-14 20:02:06,15.15 G,227.26 G,162.46 K,760.10 K
2019-06-14 20:02:08,15.15 G,227.26 G,161.42 K,756.63 K
2019-06-14 20:02:10,15.15 G,227.26 G,169.19 K,789.09 K
2019-06-14 20:02:12,15.15 G,227.26 G,132.76 K,617.28 K
2019-06-14 20:02:14,15.15 G,227.27 G,146.71 K,676.97 K
2019-06-14 20:02:16,15.15 G,227.27 G,163.22 K,749.63 K
2019-06-14 20:02:18,15.15 G,227.27 G,145.45 K,662.73 K
2019-06-14 20:02:20,15.15 G,227.27 G,155.26 K,721.12 K
2019-06-14 20:02:22,15.15 G,227.27 G,160.40 K,750.19 K
2019-06-14 20:02:24,15.15 G,227.27 G,146.21 K,687.96 K
2019-06-14 20:02:26,15.15 G,227.27 G,140.95 K,669.71 K
2019-06-14 20:02:28,15.15 G,227.28 G,156.45 K,723.22 K
2019-06-14 20:02:30,15.15 G,227.28 G,158.99 K,745.32 K
2019-06-14 20:02:32,15.15 G,227.28 G,164.99 K,773.07 K
2019-06-14 20:02:34,15.15 G,227.28 G,150.80 K,712.07 K
2019-06-14 20:02:36,15.15 G,227.28 G,146.76 K,678.30 K
2019-06-14 20:02:38,15.15 G,227.28 G,145.50 K,667.58 K
2019-06-14 20:02:40,15.15 G,227.28 G,148.92 K,700.97 K
2019-06-14 20:02:42,15.15 G,227.28 G,145.21 K,679.42 K
2019-06-14 20:02:44,15.15 G,227.29 G,139.55 K,656.62 K
2019-06-14 20:02:46,15.15 G,227.29 G,136.02 K,635.91 K
2019-06-14 20:02:48,15.15 G,227.29 G,147.32 K,690.53 K
2019-06-14 20:02:50,15.15 G,227.29 G,167.26 K,781.22 K
2019-06-14 20:02:52,15.15 G,227.29 G,146.69 K,678.42 K
2019-06-14 20:02:54,15.15 G,227.29 G,143.94 K,683.68 K
2019-06-14 20:02:56,15.15 G,227.29 G,145.84 K,691.70 K
2019-06-14 20:02:58,15.15 G,227.30 G,156.70 K,721.45 K
2019-06-14 20:03:00,15.15 G,227.30 G,141.56 K,682.03 K
2019-06-14 20:03:02,15.15 G,227.30 G,137.59 K,630.41 K
2019-06-14 20:03:04,15.16 G,227.30 G,175.80 K,842.66 K
2019-06-14 20:03:06,15.16 G,227.30 G,159.84 K,749.12 K
2019-06-14 20:03:08,15.16 G,227.30 G,148.26 K,679.07 K
2019-06-14 20:03:10,15.16 G,227.30 G,147.33 K,679.05 K
2019-06-14 20:03:12,15.16 G,227.30 G,153.12 K,697.89 K
2019-06-14 20:03:14,15.16 G,227.31 G,138.02 K,630.21 K
2019-06-14 20:03:16,15.16 G,227.31 G,118.51 K,545.74 K
2019-06-14 20:03:20,15.16 G,227.31 G,53.01 K,239.65 K
2019-06-14 20:03:23,15.16 G,227.31 G,140.68 K,632.27 K
2019-06-14 20:03:25,15.16 G,227.31 G,175.53 K,774.39 K
2019-06-14 20:03:27,15.16 G,227.31 G,159.96 K,719.58 K
2019-06-14 20:03:29,15.16 G,227.31 G,172.11 K,778.11 K
2019-06-14 20:03:31,15.16 G,227.31 G,146.00 K,656.74 K
2019-06-14 20:03:33,15.16 G,227.32 G,148.77 K,655.62 K
2019-06-14 20:03:35,15.16 G,227.32 G,160.65 K,723.43 K
2019-06-14 20:03:37,15.16 G,227.32 G,155.82 K,703.88 K
2019-06-14 20:03:39,15.16 G,227.32 G,166.15 K,742.37 K
2019-06-14 20:03:42,15.16 G,227.32 G,163.05 K,732.79 K
2019-06-14 20:03:44,15.16 G,227.32 G,159.13 K,703.33 K
2019-06-14 20:03:46,15.16 G,227.32 G,180.80 K,808.24 K
2019-06-14 20:03:48,15.16 G,227.33 G,177.02 K,793.24 K
2019-06-14 20:03:50,15.16 G,227.33 G,155.79 K,698.40 K
2019-06-14 20:03:52,15.16 G,227.33 G,176.93 K,788.19 K
2019-06-14 20:03:54,15.16 G,227.33 G,148.84 K,665.38 K
2019-06-14 20:03:56,15.16 G,227.33 G,175.93 K,782.66 K
2019-06-14 20:03:58,15.16 G,227.33 G,179.20 K,795.66 K
2019-06-14 20:04:00,15.16 G,227.33 G,136.20 K,633.06 K
2019-06-14 20:04:02,15.16 G,227.34 G,151.86 K,681.92 K
2019-06-14 20:04:04,15.16 G,227.34 G,165.03 K,737.73 K
2019-06-14 20:04:06,15.16 G,227.34 G,157.46 K,706.46 K
2019-06-14 20:04:08,15.16 G,227.34 G,162.29 K,729.57 K
2019-06-14 20:04:10,15.16 G,227.34 G,104.41 K,453.69 K
2019-06-14 20:04:12,15.16 G,227.34 G,165.47 K,732.34 K
2019-06-14 20:04:14,15.16 G,227.34 G,172.95 K,756.43 K
2019-06-14 20:04:16,15.17 G,227.35 G,151.23 K,674.09 K
2019-06-14 20:04:18,15.17 G,227.35 G,181.14 K,800.24 K
2019-06-14 20:04:20,15.17 G,227.35 G,166.39 K,732.97 K
2019-06-14 20:04:22,15.17 G,227.35 G,172.78 K,785.04 K
2019-06-14 20:04:24,15.17 G,227.35 G,134.91 K,600.87 K
2019-06-14 20:04:26,15.17 G,227.35 G,196.49 K,890.31 K
2019-06-14 20:04:28,15.17 G,227.35 G,156.53 K,717.47 K
2019-06-14 20:04:30,15.17 G,227.36 G,174.04 K,788.95 K
2019-06-14 20:04:32,15.17 G,227.36 G,167.28 K,746.59 K
2019-06-14 20:04:34,15.17 G,227.36 G,177.40 K,793.82 K
2019-06-14 20:04:36,15.17 G,227.36 G,153.37 K,692.76 K
2019-06-14 20:04:38,15.17 G,227.36 G,158.41 K,726.79 K
2019-06-14 20:04:40,15.17 G,227.36 G,143.56 K,638.88 K
2019-06-14 20:04:42,15.17 G,227.36 G,159.16 K,712.27 K
2019-06-14 20:04:44,15.17 G,227.37 G,163.25 K,756.40 K
2019-06-14 20:04:46,15.17 G,227.37 G,163.13 K,747.46 K
2019-06-14 20:04:48,15.17 G,227.37 G,173.46 K,772.47 K
2019-06-14 20:04:50,15.17 G,227.37 G,176.07 K,793.74 K
2019-06-14 20:04:52,15.17 G,227.37 G,178.18 K,809.54 K
2019-06-14 20:04:54,15.17 G,227.37 G,168.88 K,770.66 K
2019-06-14 20:04:56,15.17 G,227.37 G,174.14 K,789.81 K
2019-06-14 20:04:58,15.17 G,227.38 G,154.92 K,691.98 K
2019-06-14 20:05:00,15.17 G,227.38 G,164.24 K,724.66 K
2019-06-14 20:05:02,15.17 G,227.38 G,129.73 K,588.44 K
2019-06-14 20:05:04,15.17 G,227.38 G,169.41 K,758.80 K
2019-06-14 20:05:06,15.17 G,227.38 G,4.03 K,17.46 K
2019-06-14 20:05:08,15.17 G,227.38 G,163.66 K,724.33 K
2019-06-14 20:05:10,15.17 G,227.38 G,169.31 K,767.40 K
2019-06-14 20:05:12,15.17 G,227.38 G,160.55 K,713.17 K
2019-06-14 20:05:14,15.17 G,227.39 G,146.81 K,677.00 K
2019-06-14 20:05:16,15.17 G,227.39 G,186.89 K,843.16 K
2019-06-14 20:05:18,15.17 G,227.39 G,158.66 K,695.91 K
2019-06-14 20:05:20,15.18 G,227.39 G,160.42 K,706.32 K
2019-06-14 20:05:22,15.18 G,227.39 G,161.99 K,744.27 K
2019-06-14 20:05:24,15.18 G,227.39 G,142.36 K,635.22 K
2019-06-14 20:05:26,15.18 G,227.39 G,172.60 K,789.13 K
2019-06-14 20:05:28,15.18 G,227.39 G,156.51 K,717.37 K
2019-06-14 20:05:30,15.18 G,227.40 G,164.12 K,728.93 K
2019-06-14 20:05:32,15.18 G,227.40 G,175.88 K,773.78 K
2019-06-14 20:05:34,15.18 G,227.40 G,164.71 K,732.29 K
2019-06-14 20:05:36,15.18 G,227.40 G,170.14 K,753.88 K
2019-06-14 20:05:38,15.18 G,227.40 G,178.63 K,805.32 K
2019-06-14 20:05:40,15.18 G,227.40 G,162.39 K,740.27 K
2019-06-14 20:05:42,15.18 G,227.40 G,167.37 K,772.33 K
2019-06-14 20:05:44,15.18 G,227.41 G,154.06 K,677.14 K
2019-06-14 20:05:46,15.18 G,227.41 G,164.22 K,750.85 K
2019-06-14 20:05:48,15.18 G,227.41 G,172.87 K,785.65 K
2019-06-14 20:05:50,15.18 G,227.41 G,153.92 K,712.13 K
2019-06-14 20:05:52,15.18 G,227.41 G,165.15 K,752.05 K
2019-06-14 20:05:55,15.18 G,227.41 G,154.17 K,708.42 K
2019-06-14 20:05:57,15.18 G,227.41 G,169.04 K,750.12 K
2019-06-14 20:05:59,15.18 G,227.42 G,154.37 K,709.43 K
2019-06-14 20:06:01,15.18 G,227.42 G,184.16 K,832.24 K
2019-06-14 20:06:03,15.18 G,227.42 G,148.10 K,658.70 K
2019-06-14 20:06:06,15.18 G,227.42 G,141.04 K,629.69 K
2019-06-14 20:06:08,15.18 G,227.42 G,141.30 K,632.81 K
2019-06-14 20:06:10,15.18 G,227.42 G,145.25 K,651.59 K
2019-06-14 20:06:12,15.18 G,227.42 G,131.71 K,600.77 K
2019-06-14 20:06:14,15.18 G,227.42 G,156.57 K,689.65 K
2019-06-14 20:06:16,15.18 G,227.43 G,128.75 K,562.94 K
2019-06-14 20:06:18,15.18 G,227.43 G,126.63 K,543.97 K
2019-06-14 20:06:20,15.18 G,227.43 G,140.84 K,634.24 K
2019-06-14 20:06:22,15.18 G,227.43 G,148.29 K,656.27 K
2019-06-14 20:06:24,15.18 G,227.43 G,163.35 K,732.25 K
2019-06-14 20:06:26,15.18 G,227.43 G,142.92 K,641.05 K
2019-06-14 20:06:28,15.18 G,227.43 G,151.77 K,673.22 K
2019-06-14 20:06:30,15.19 G,227.43 G,135.86 K,618.05 K
2019-06-14 20:06:32,15.19 G,227.44 G,172.45 K,783.92 K
2019-06-14 20:06:34,15.19 G,227.44 G,146.88 K,687.78 K
2019-06-14 20:06:36,15.19 G,227.44 G,132.39 K,594.82 K
2019-06-14 20:06:38,15.19 G,227.44 G,133.33 K,591.91 K
2019-06-14 20:06:40,15.19 G,227.44 G,143.82 K,650.80 K
2019-06-14 20:06:42,15.19 G,227.44 G,147.77 K,659.83 K
2019-06-14 20:06:44,15.19 G,227.44 G,154.81 K,694.52 K
2019-06-14 20:06:46,15.19 G,227.44 G,161.13 K,707.24 K
2019-06-14 20:06:48,15.19 G,227.45 G,136.07 K,600.58 K
2019-06-14 20:06:50,15.19 G,227.45 G,139.17 K,628.90 K
2019-06-14 20:06:52,15.19 G,227.45 G,141.24 K,635.31 K
2019-06-14 20:06:54,15.19 G,227.45 G,134.65 K,599.73 K
2019-06-14 20:06:56,15.19 G,227.45 G,136.52 K,609.43 K
2019-06-14 20:06:58,15.19 G,227.45 G,149.43 K,661.21 K
2019-06-14 20:07:00,15.19 G,227.45 G,145.27 K,679.77 K
2019-06-14 20:07:02,15.19 G,227.45 G,133.59 K,592.83 K
2019-06-14 20:07:04,15.19 G,227.46 G,162.97 K,721.25 K
2019-06-14 20:07:06,15.19 G,227.46 G,133.89 K,595.23 K
2019-06-14 20:07:08,15.19 G,227.46 G,42.17 K,188.66 K
2019-06-14 20:07:10,15.19 G,227.46 G,127.89 K,596.10 K
2019-06-14 20:07:12,15.19 G,227.46 G,137.82 K,640.81 K
2019-06-14 20:07:14,15.19 G,227.46 G,140.39 K,643.65 K
2019-06-14 20:07:16,15.19 G,227.46 G,134.53 K,630.03 K
2019-06-14 20:07:18,15.19 G,227.46 G,147.77 K,673.61 K
2019-06-14 20:07:20,15.19 G,227.46 G,121.89 K,547.11 K
2019-06-14 20:07:22,15.19 G,227.47 G,138.26 K,639.29 K
2019-06-14 20:07:24,15.19 G,227.47 G,127.03 K,590.67 K
2019-06-14 20:07:26,15.19 G,227.47 G,145.82 K,667.92 K
2019-06-14 20:07:28,15.19 G,227.47 G,114.98 K,525.74 K
2019-06-14 20:07:30,15.19 G,227.47 G,135.02 K,609.41 K
2019-06-14 20:07:32,15.19 G,227.47 G,148.05 K,675.90 K
2019-06-14 20:07:34,15.19 G,227.47 G,118.44 K,554.27 K
2019-06-14 20:07:36,15.19 G,227.47 G,127.47 K,588.17 K
2019-06-14 20:07:38,15.19 G,227.47 G,131.38 K,608.37 K
2019-06-14 20:07:40,15.19 G,227.48 G,135.97 K,608.26 K
2019-06-14 20:07:42,15.19 G,227.48 G,125.45 K,577.46 K
2019-06-14 20:07:44,15.19 G,227.48 G,134.66 K,624.00 K
2019-06-14 20:07:46,15.19 G,227.48 G,148.60 K,675.42 K
2019-06-14 20:07:48,15.20 G,227.48 G,128.34 K,588.81 K
2019-06-14 20:07:50,15.20 G,227.48 G,144.04 K,644.70 K
2019-06-14 20:07:52,15.20 G,227.48 G,137.59 K,613.95 K
2019-06-14 20:07:54,15.20 G,227.48 G,125.63 K,580.40 K
2019-06-14 20:07:56,15.20 G,227.48 G,120.45 K,544.09 K
2019-06-14 20:07:58,15.20 G,227.49 G,121.60 K,546.32 K
2019-06-14 20:08:01,15.20 G,227.49 G,147.15 K,673.64 K
2019-06-14 20:08:03,15.20 G,227.49 G,156.16 K,707.67 K
2019-06-14 20:08:05,15.20 G,227.49 G,153.21 K,711.10 K
2019-06-14 20:08:07,15.20 G,227.49 G,140.26 K,642.14 K
2019-06-14 20:08:09,15.20 G,227.49 G,155.40 K,707.95 K
2019-06-14 20:08:11,15.20 G,227.49 G,146.01 K,674.85 K
2019-06-14 20:08:13,15.20 G,227.50 G,149.55 K,680.77 K
2019-06-14 20:08:15,15.20 G,227.50 G,175.91 K,810.62 K
2019-06-14 20:08:17,15.20 G,227.50 G,145.26 K,671.73 K
2019-06-14 20:08:19,15.20 G,227.50 G,160.78 K,731.17 K
2019-06-14 20:08:21,15.20 G,227.50 G,156.54 K,716.94 K
2019-06-14 20:08:23,15.20 G,227.50 G,138.90 K,641.96 K
2019-06-14 20:08:25,15.20 G,227.50 G,115.16 K,514.85 K
2019-06-14 20:08:27,15.20 G,227.50 G,168.98 K,769.38 K
2019-06-14 20:08:29,15.20 G,227.51 G,166.77 K,767.05 K
2019-06-14 20:08:31,15.20 G,227.51 G,157.75 K,729.38 K
2019-06-14 20:08:33,15.20 G,227.51 G,166.02 K,750.39 K
2019-06-14 20:08:35,15.20 G,227.51 G,162.87 K,747.25 K
2019-06-14 20:08:37,15.20 G,227.51 G,151.62 K,691.74 K
2019-06-14 20:08:39,15.20 G,227.51 G,176.21 K,799.36 K
2019-06-14 20:08:41,15.20 G,227.51 G,150.80 K,700.04 K
2019-06-14 20:08:43,15.20 G,227.51 G,55.98 K,237.33 K
2019-06-14 20:08:45,15.20 G,227.52 G,140.17 K,618.33 K
2019-06-14 20:08:47,15.20 G,227.52 G,158.76 K,718.83 K
2019-06-14 20:08:49,15.20 G,227.52 G,146.54 K,648.31 K
2019-06-14 20:08:51,15.20 G,227.52 G,175.90 K,767.25 K
2019-06-14 20:08:53,15.20 G,227.52 G,152.27 K,679.39 K
2019-06-14 20:08:55,15.20 G,227.52 G,146.86 K,662.14 K
2019-06-14 20:08:57,15.20 G,227.52 G,152.35 K,671.78 K
2019-06-14 20:08:59,15.20 G,227.52 G,150.05 K,664.64 K
2019-06-14 20:09:01,15.21 G,227.53 G,167.05 K,757.59 K
2019-06-14 20:09:03,15.21 G,227.53 G,166.69 K,752.48 K
2019-06-14 20:09:05,15.21 G,227.53 G,135.42 K,594.50 K
2019-06-14 20:09:07,15.21 G,227.53 G,161.29 K,703.96 K
2019-06-14 20:09:09,15.21 G,227.53 G,136.09 K,600.05 K
2019-06-14 20:09:11,15.21 G,227.53 G,174.38 K,776.00 K
2019-06-14 20:09:13,15.21 G,227.53 G,148.82 K,658.88 K
2019-06-14 20:09:16,15.21 G,227.54 G,158.82 K,715.66 K
2019-06-14 20:09:18,15.21 G,227.54 G,164.74 K,741.91 K
2019-06-14 20:09:20,15.21 G,227.54 G,198.42 K,882.81 K
2019-06-14 20:09:22,15.21 G,227.54 G,180.63 K,796.94 K
2019-06-14 20:09:24,15.21 G,227.54 G,42.00 K,177.12 K
2019-06-14 20:09:26,15.21 G,227.54 G,149.79 K,675.61 K
2019-06-14 20:09:28,15.21 G,227.54 G,175.79 K,775.37 K
2019-06-14 20:09:30,15.21 G,227.54 G,158.22 K,703.07 K
2019-06-14 20:09:32,15.21 G,227.55 G,155.71 K,688.38 K
2019-06-14 20:09:34,15.21 G,227.55 G,151.85 K,685.85 K
2019-06-14 20:09:36,15.21 G,227.55 G,159.40 K,704.76 K
2019-06-14 20:09:38,15.21 G,227.55 G,167.47 K,743.22 K
2019-06-14 20:09:40,15.21 G,227.55 G,166.04 K,732.82 K
2019-06-14 20:09:42,15.21 G,227.55 G,179.41 K,779.05 K
2019-06-14 20:09:44,15.21 G,227.55 G,185.83 K,815.21 K
2019-06-14 20:09:46,15.21 G,227.56 G,152.12 K,660.31 K
2019-06-14 20:09:48,15.21 G,227.56 G,159.48 K,701.84 K
2019-06-14 20:09:50,15.21 G,227.56 G,173.97 K,745.93 K
2019-06-14 20:09:52,15.21 G,227.56 G,143.55 K,632.23 K
2019-06-14 20:09:54,15.21 G,227.56 G,138.31 K,612.98 K
2019-06-14 20:09:56,15.21 G,227.56 G,165.72 K,729.66 K
2019-06-14 20:09:58,15.21 G,227.56 G,162.87 K,718.25 K
2019-06-14 20:10:00,15.21 G,227.57 G,146.83 K,645.74 K
2019-06-14 20:10:02,15.21 G,227.57 G,186.29 K,809.54 K
2019-06-14 20:10:04,15.21 G,227.57 G,176.44 K,762.00 K
2019-06-14 20:10:06,15.22 G,227.57 G,218.92 K,964.58 K
2019-06-14 20:10:08,15.22 G,227.57 G,215.09 K,951.88 K
2019-06-14 20:10:10,15.22 G,227.57 G,181.96 K,795.98 K
2019-06-14 20:10:12,15.22 G,227.57 G,156.90 K,681.75 K
2019-06-14 20:10:14,15.22 G,227.58 G,268.33 K,1.15 M
2019-06-14 20:10:16,15.22 G,227.58 G,20.53 K,78.71 K
2019-06-14 20:10:18,15.22 G,227.58 G,39.84 K,163.85 K
2019-06-14 20:10:20,15.22 G,227.58 G,169.06 K,748.76 K
2019-06-14 20:10:22,15.22 G,227.58 G,270.65 K,1.16 M
2019-06-14 20:10:25,15.22 G,227.58 G,39.97 K,185.03 K
2019-06-14 20:10:27,15.22 G,227.58 G,52.36 K,231.40 K
2019-06-14 20:10:29,15.22 G,227.58 G,138.63 K,613.47 K
2019-06-14 20:10:31,15.22 G,227.59 G,165.44 K,716.12 K
2019-06-14 20:10:33,15.22 G,227.59 G,159.71 K,708.60 K
2019-06-14 20:10:35,15.22 G,227.59 G,134.40 K,597.12 K
2019-06-14 20:10:37,15.22 G,227.59 G,146.20 K,641.42 K
2019-06-14 20:10:39,15.22 G,227.59 G,173.86 K,760.09 K
2019-06-14 20:10:41,15.22 G,227.59 G,159.83 K,687.75 K
2019-06-14 20:10:43,15.22 G,227.59 G,160.92 K,716.40 K
2019-06-14 20:10:45,15.22 G,227.59 G,144.01 K,632.37 K
2019-06-14 20:10:47,15.22 G,227.60 G,149.76 K,668.87 K
2019-06-14 20:10:49,15.22 G,227.60 G,136.57 K,597.16 K
2019-06-14 20:10:51,15.22 G,227.60 G,161.46 K,710.00 K
2019-06-14 20:10:53,15.22 G,227.60 G,163.74 K,720.54 K
2019-06-14 20:10:55,15.22 G,227.60 G,162.27 K,710.26 K
2019-06-14 20:10:57,15.22 G,227.60 G,164.68 K,704.68 K
2019-06-14 20:10:59,15.22 G,227.60 G,153.32 K,662.66 K
2019-06-14 20:11:01,15.22 G,227.60 G,145.73 K,645.55 K
2019-06-14 20:11:03,15.22 G,227.61 G,145.54 K,641.25 K
2019-06-14 20:11:05,15.22 G,227.61 G,158.61 K,693.03 K
2019-06-14 20:11:07,15.22 G,227.61 G,135.85 K,599.30 K
2019-06-14 20:11:09,15.22 G,227.61 G,162.82 K,704.42 K
2019-06-14 20:11:11,15.22 G,227.61 G,182.42 K,784.54 K
2019-06-14 20:11:13,15.22 G,227.61 G,169.23 K,751.28 K
2019-06-14 20:11:15,15.23 G,227.61 G,131.46 K,572.32 K
2019-06-14 20:11:17,15.23 G,227.62 G,169.14 K,752.49 K
2019-06-14 20:11:19,15.23 G,227.62 G,168.89 K,754.39 K
2019-06-14 20:11:21,15.23 G,227.62 G,152.95 K,669.54 K
2019-06-14 20:11:23,15.23 G,227.62 G,161.48 K,707.46 K
2019-06-14 20:11:25,15.23 G,227.62 G,153.30 K,673.05 K
2019-06-14 20:11:27,15.23 G,227.62 G,151.75 K,664.90 K
2019-06-14 20:11:29,15.23 G,227.62 G,136.38 K,599.19 K
2019-06-14 20:11:32,15.23 G,227.62 G,154.40 K,672.08 K
2019-06-14 20:11:34,15.23 G,227.63 G,154.51 K,684.09 K
2019-06-14 20:11:36,15.23 G,227.63 G,157.73 K,682.93 K
2019-06-14 20:11:38,15.23 G,227.63 G,177.46 K,777.93 K
2019-06-14 20:11:40,15.23 G,227.63 G,158.34 K,693.95 K
2019-06-14 20:11:42,15.23 G,227.63 G,176.28 K,770.32 K
2019-06-14 20:11:44,15.23 G,227.63 G,172.77 K,751.55 K
2019-06-14 20:11:46,15.23 G,227.63 G,177.06 K,763.13 K
2019-06-14 20:11:48,15.23 G,227.64 G,154.44 K,681.89 K
2019-06-14 20:11:50,15.23 G,227.64 G,158.42 K,690.74 K
2019-06-14 20:11:52,15.23 G,227.64 G,157.69 K,677.06 K
2019-06-14 20:11:54,15.23 G,227.64 G,177.81 K,759.40 K
2019-06-14 20:11:56,15.23 G,227.64 G,155.58 K,674.27 K
2019-06-14 20:11:58,15.23 G,227.64 G,173.75 K,749.27 K
2019-06-14 20:12:00,15.23 G,227.64 G,153.56 K,668.92 K
2019-06-14 20:12:02,15.23 G,227.65 G,178.52 K,784.89 K
2019-06-14 20:12:04,15.23 G,227.65 G,173.53 K,771.89 K
2019-06-14 20:12:06,15.23 G,227.65 G,179.44 K,796.00 K
2019-06-14 20:12:08,15.23 G,227.65 G,186.03 K,815.35 K
2019-06-14 20:12:10,15.23 G,227.65 G,180.12 K,799.34 K
2019-06-14 20:12:12,15.23 G,227.65 G,160.86 K,696.52 K
2019-06-14 20:12:14,15.23 G,227.65 G,181.09 K,781.24 K
2019-06-14 20:12:16,15.23 G,227.66 G,156.89 K,687.78 K
2019-06-14 20:12:18,15.24 G,227.66 G,182.04 K,801.55 K
2019-06-14 20:12:20,15.24 G,227.66 G,164.00 K,727.14 K
2019-06-14 20:12:22,15.24 G,227.66 G,151.46 K,668.17 K
2019-06-14 20:12:24,15.24 G,227.66 G,153.51 K,673.87 K
2019-06-14 20:12:26,15.24 G,227.66 G,172.63 K,762.25 K
2019-06-14 20:12:28,15.24 G,227.66 G,161.57 K,708.90 K
2019-06-14 20:12:32,15.24 G,227.67 G,192.19 K,889.61 K
2019-06-14 20:12:34,15.24 G,227.67 G,185.61 K,830.74 K
2019-06-14 20:12:36,15.24 G,227.67 G,163.90 K,741.32 K
2019-06-14 20:12:38,15.24 G,227.67 G,180.84 K,814.92 K
2019-06-14 20:12:40,15.24 G,227.67 G,182.97 K,822.54 K
2019-06-14 20:12:42,15.24 G,227.67 G,192.93 K,868.74 K
2019-06-14 20:12:44,15.24 G,227.68 G,192.54 K,884.03 K
2019-06-14 20:12:46,15.24 G,227.68 G,178.28 K,813.36 K
2019-06-14 20:12:49,15.24 G,227.68 G,163.26 K,728.67 K
2019-06-14 20:12:51,15.24 G,227.68 G,155.95 K,682.71 K
2019-06-14 20:12:53,15.24 G,227.68 G,140.42 K,625.19 K
2019-06-14 20:12:55,15.24 G,227.68 G,172.63 K,762.13 K
2019-06-14 20:12:57,15.24 G,227.68 G,157.49 K,697.05 K
2019-06-14 20:12:59,15.24 G,227.69 G,163.96 K,742.18 K
2019-06-14 20:13:01,15.24 G,227.69 G,171.91 K,774.14 K
2019-06-14 20:13:03,15.24 G,227.69 G,150.15 K,679.72 K
2019-06-14 20:13:05,15.24 G,227.69 G,152.28 K,679.11 K
2019-06-14 20:13:07,15.24 G,227.69 G,147.37 K,657.48 K
2019-06-14 20:13:09,15.24 G,227.69 G,181.90 K,808.69 K
2019-06-14 20:13:11,15.24 G,227.69 G,158.09 K,701.20 K
2019-06-14 20:13:13,15.24 G,227.69 G,157.68 K,712.19 K
2019-06-14 20:13:15,15.24 G,227.70 G,153.16 K,687.35 K
2019-06-14 20:13:17,15.24 G,227.70 G,150.54 K,682.04 K
2019-06-14 20:13:19,15.24 G,227.70 G,165.63 K,721.77 K
2019-06-14 20:13:21,15.24 G,227.70 G,182.46 K,798.96 K
2019-06-14 20:13:23,15.24 G,227.70 G,152.10 K,691.14 K
