2019-06-09 11:30:17,3.04 G,45.07 G,0.00 B,0.00 B
2019-06-09 11:30:19,3.04 G,45.07 G,0.00 B,0.00 B
2019-06-09 11:30:21,3.04 G,45.07 G,42.00 B,60.00 B
2019-06-09 11:30:23,3.04 G,45.07 G,204.00 B,138.00 B
2019-06-09 11:30:25,3.04 G,45.07 G,0.00 B,0.00 B
2019-06-09 11:30:27,3.04 G,45.07 G,0.00 B,0.00 B
2019-06-09 11:30:29,3.04 G,45.07 G,84.00 B,120.00 B
2019-06-09 11:30:31,3.04 G,45.07 G,0.00 B,0.00 B
2019-06-09 11:30:33,3.04 G,45.07 G,0.00 B,0.00 B
2019-06-09 11:30:35,3.04 G,45.07 G,0.00 B,0.00 B
2019-06-09 11:30:37,3.04 G,45.07 G,0.00 B,60.00 B
2019-06-09 11:30:39,3.04 G,45.07 G,0.00 B,0.00 B
2019-06-09 11:30:41,3.04 G,45.07 G,1.68 K,82.26 K
2019-06-09 11:30:43,3.04 G,45.07 G,0.00 B,0.00 B
2019-06-09 11:30:45,3.04 G,45.07 G,0.00 B,0.00 B
2019-06-09 11:30:47,3.04 G,45.07 G,42.00 B,60.00 B
2019-06-09 11:30:49,3.04 G,45.07 G,0.00 B,0.00 B
2019-06-09 11:30:51,3.04 G,45.07 G,0.00 B,0.00 B
2019-06-09 11:30:53,3.04 G,45.07 G,0.00 B,0.00 B
2019-06-09 11:30:55,3.04 G,45.07 G,0.00 B,0.00 B
2019-06-09 11:30:57,3.04 G,45.07 G,0.00 B,0.00 B
2019-06-09 11:30:59,3.04 G,45.07 G,0.00 B,720.00 B
2019-06-09 11:31:01,3.04 G,45.07 G,0.00 B,0.00 B
2019-06-09 11:31:03,3.04 G,45.07 G,0.00 B,0.00 B
2019-06-09 11:31:05,3.04 G,45.07 G,0.00 B,0.00 B
2019-06-09 11:31:07,3.04 G,45.07 G,0.00 B,0.00 B
2019-06-09 11:31:09,3.04 G,45.07 G,6.17 K,37.96 K
2019-06-09 11:31:11,3.04 G,45.07 G,0.00 B,0.00 B
2019-06-09 11:31:13,3.04 G,45.07 G,0.00 B,0.00 B
2019-06-09 11:31:15,3.04 G,45.07 G,0.00 B,60.00 B
2019-06-09 11:31:17,3.04 G,45.07 G,0.00 B,0.00 B
2019-06-09 11:31:19,3.04 G,45.07 G,0.00 B,0.00 B
2019-06-09 11:31:21,3.04 G,45.07 G,42.00 B,60.00 B
2019-06-09 11:31:23,3.04 G,45.07 G,0.00 B,0.00 B
2019-06-09 11:31:25,3.04 G,45.07 G,204.00 B,138.00 B
2019-06-09 11:31:27,3.04 G,45.07 G,0.00 B,0.00 B
2019-06-09 11:31:29,3.04 G,45.07 G,0.00 B,0.00 B
2019-06-09 11:31:31,3.04 G,45.07 G,0.00 B,0.00 B
2019-06-09 11:31:34,3.04 G,45.07 G,0.00 B,0.00 B
2019-06-09 11:31:36,3.04 G,45.07 G,0.00 B,0.00 B
2019-06-09 11:31:38,3.04 G,45.07 G,0.00 B,0.00 B
2019-06-09 11:31:40,3.04 G,45.07 G,0.00 B,0.00 B
2019-06-09 11:31:42,3.04 G,45.07 G,0.00 B,0.00 B
2019-06-09 11:31:44,3.04 G,45.07 G,0.00 B,0.00 B
2019-06-09 11:31:46,3.04 G,45.07 G,2.27 K,4.70 K
2019-06-09 11:31:48,3.04 G,45.07 G,0.00 B,0.00 B
2019-06-09 11:31:50,3.04 G,45.07 G,193.00 B,345.00 B
2019-06-09 11:31:52,3.04 G,45.07 G,0.00 B,0.00 B
2019-06-09 11:31:54,3.04 G,45.07 G,0.00 B,0.00 B
2019-06-09 11:31:56,3.04 G,45.07 G,7.72 K,70.33 K
2019-06-09 11:31:58,3.04 G,45.07 G,0.00 B,0.00 B
2019-06-09 11:32:00,3.04 G,45.07 G,0.00 B,720.00 B
2019-06-09 11:32:02,3.04 G,45.07 G,0.00 B,0.00 B
2019-06-09 11:32:04,3.04 G,45.07 G,0.00 B,0.00 B
2019-06-09 11:32:06,3.04 G,45.07 G,0.00 B,0.00 B
2019-06-09 11:32:08,3.04 G,45.07 G,42.00 B,60.00 B
2019-06-09 11:32:10,3.04 G,45.07 G,0.00 B,0.00 B
2019-06-09 11:32:12,3.04 G,45.07 G,0.00 B,0.00 B
2019-06-09 11:32:14,3.04 G,45.07 G,0.00 B,0.00 B
2019-06-09 11:32:16,3.04 G,45.07 G,0.00 B,60.00 B
2019-06-09 11:32:18,3.04 G,45.07 G,0.00 B,0.00 B
2019-06-09 11:32:20,3.04 G,45.07 G,8.34 K,51.44 K
2019-06-09 11:32:22,3.04 G,45.07 G,0.00 B,0.00 B
2019-06-09 11:32:24,3.04 G,45.07 G,0.00 B,60.00 B
2019-06-09 11:32:26,3.04 G,45.07 G,0.00 B,0.00 B
2019-06-09 11:32:28,3.04 G,45.07 G,0.00 B,0.00 B
2019-06-09 11:32:30,3.04 G,45.07 G,0.00 B,60.00 B
2019-06-09 11:32:32,3.04 G,45.07 G,84.00 B,180.00 B
2019-06-09 11:32:34,3.04 G,45.07 G,0.00 B,0.00 B
2019-06-09 11:32:36,3.04 G,45.07 G,0.00 B,0.00 B
2019-06-09 11:32:38,3.04 G,45.07 G,0.00 B,0.00 B
2019-06-09 11:32:40,3.04 G,45.07 G,0.00 B,0.00 B
2019-06-09 11:32:42,3.04 G,45.07 G,0.00 B,0.00 B
2019-06-09 11:32:44,3.04 G,45.07 G,0.00 B,0.00 B
2019-06-09 11:32:46,3.04 G,45.07 G,0.00 B,0.00 B
2019-06-09 11:32:48,3.04 G,45.07 G,0.00 B,0.00 B
2019-06-09 11:32:50,3.04 G,45.07 G,0.00 B,0.00 B
2019-06-09 11:32:52,3.04 G,45.07 G,0.00 B,0.00 B
2019-06-09 11:32:54,3.04 G,45.07 G,0.00 B,0.00 B
2019-06-09 11:32:56,3.04 G,45.07 G,0.00 B,0.00 B
2019-06-09 11:32:58,3.04 G,45.07 G,0.00 B,0.00 B
2019-06-09 11:33:00,3.04 G,45.07 G,42.00 B,780.00 B
2019-06-09 11:33:02,3.04 G,45.07 G,7.66 K,52.63 K
2019-06-09 11:33:04,3.04 G,45.07 G,0.00 B,0.00 B
2019-06-09 11:33:06,3.04 G,45.07 G,0.00 B,0.00 B
2019-06-09 11:33:08,3.04 G,45.07 G,0.00 B,0.00 B
2019-06-09 11:33:10,3.04 G,45.07 G,0.00 B,0.00 B
2019-06-09 11:33:12,3.04 G,45.07 G,0.00 B,60.00 B
2019-06-09 11:33:14,3.04 G,45.07 G,0.00 B,0.00 B
2019-06-09 11:33:16,3.04 G,45.07 G,0.00 B,0.00 B
2019-06-09 11:33:18,3.04 G,45.07 G,0.00 B,0.00 B
2019-06-09 11:33:20,3.04 G,45.07 G,0.00 B,0.00 B
2019-06-09 11:33:22,3.04 G,45.07 G,0.00 B,0.00 B
2019-06-09 11:33:24,3.04 G,45.07 G,0.00 B,0.00 B
2019-06-09 11:33:26,3.04 G,45.07 G,0.00 B,0.00 B
2019-06-09 11:33:28,3.04 G,45.07 G,204.00 B,138.00 B
2019-06-09 11:33:30,3.04 G,45.07 G,0.00 B,0.00 B
2019-06-09 11:33:32,3.04 G,45.07 G,0.00 B,0.00 B
2019-06-09 11:33:34,3.04 G,45.07 G,0.00 B,0.00 B
2019-06-09 11:33:36,3.04 G,45.07 G,0.00 B,0.00 B
2019-06-09 11:33:38,3.04 G,45.07 G,0.00 B,0.00 B
2019-06-09 11:33:40,3.04 G,45.07 G,0.00 B,0.00 B
2019-06-09 11:33:42,3.04 G,45.07 G,0.00 B,0.00 B
2019-06-09 11:33:44,3.04 G,45.07 G,7.27 K,43.79 K
2019-06-09 11:33:46,3.04 G,45.07 G,0.00 B,0.00 B
2019-06-09 11:33:48,3.04 G,45.07 G,0.00 B,0.00 B
2019-06-09 11:33:50,3.04 G,45.07 G,0.00 B,0.00 B
2019-06-09 11:33:52,3.04 G,45.07 G,0.00 B,0.00 B
2019-06-09 11:33:54,3.04 G,45.07 G,0.00 B,0.00 B
2019-06-09 11:33:56,3.04 G,45.07 G,0.00 B,0.00 B
2019-06-09 11:33:58,3.04 G,45.07 G,0.00 B,0.00 B
2019-06-09 11:34:00,3.04 G,45.07 G,0.00 B,144.00 B
2019-06-09 11:34:02,3.04 G,45.07 G,0.00 B,0.00 B
2019-06-09 11:34:04,3.04 G,45.07 G,0.00 B,0.00 B
2019-06-09 11:34:06,3.04 G,45.07 G,7.19 K,56.63 K
2019-06-09 11:34:08,3.04 G,45.07 G,0.00 B,60.00 B
2019-06-09 11:34:10,3.04 G,45.07 G,0.00 B,0.00 B
2019-06-09 11:34:12,3.04 G,45.07 G,0.00 B,0.00 B
2019-06-09 11:34:14,3.04 G,45.07 G,0.00 B,0.00 B
2019-06-09 11:34:16,3.04 G,45.07 G,0.00 B,0.00 B
2019-06-09 11:34:18,3.04 G,45.07 G,42.00 B,60.00 B
2019-06-09 11:34:20,3.04 G,45.07 G,0.00 B,0.00 B
2019-06-09 11:34:22,3.04 G,45.07 G,0.00 B,0.00 B
2019-06-09 11:34:24,3.04 G,45.07 G,0.00 B,0.00 B
2019-06-09 11:34:26,3.04 G,45.07 G,5.90 K,37.90 K
2019-06-09 11:34:28,3.04 G,45.07 G,0.00 B,0.00 B
2019-06-09 11:34:30,3.04 G,45.07 G,0.00 B,0.00 B
2019-06-09 11:34:32,3.04 G,45.07 G,0.00 B,0.00 B
2019-06-09 11:34:34,3.04 G,45.07 G,84.00 B,120.00 B
2019-06-09 11:34:36,3.04 G,45.07 G,0.00 B,0.00 B
2019-06-09 11:34:38,3.04 G,45.07 G,0.00 B,0.00 B
2019-06-09 11:34:40,3.04 G,45.07 G,0.00 B,0.00 B
2019-06-09 11:34:42,3.04 G,45.07 G,0.00 B,0.00 B
2019-06-09 11:34:45,3.04 G,45.07 G,0.00 B,0.00 B
2019-06-09 11:34:47,3.04 G,45.07 G,0.00 B,0.00 B
2019-06-09 11:34:49,3.04 G,45.07 G,0.00 B,0.00 B
2019-06-09 11:34:51,3.04 G,45.07 G,0.00 B,0.00 B
2019-06-09 11:34:53,3.04 G,45.07 G,0.00 B,0.00 B
2019-06-09 11:34:55,3.04 G,45.07 G,0.00 B,0.00 B
2019-06-09 11:34:57,3.04 G,45.07 G,0.00 B,0.00 B
2019-06-09 11:34:59,3.04 G,45.07 G,0.00 B,0.00 B
2019-06-09 11:35:01,3.04 G,45.07 G,0.00 B,0.00 B
2019-06-09 11:35:03,3.04 G,45.07 G,0.00 B,0.00 B
2019-06-09 11:35:05,3.04 G,45.07 G,0.00 B,0.00 B
2019-06-09 11:35:07,3.04 G,45.07 G,0.00 B,0.00 B
2019-06-09 11:35:09,3.04 G,45.07 G,0.00 B,0.00 B
2019-06-09 11:35:11,3.04 G,45.07 G,42.00 B,60.00 B
2019-06-09 11:35:13,3.04 G,45.07 G,0.00 B,0.00 B
2019-06-09 11:35:15,3.04 G,45.07 G,0.00 B,0.00 B
2019-06-09 11:35:18,3.04 G,45.07 G,0.00 B,0.00 B
2019-06-09 11:35:20,3.04 G,45.07 G,0.00 B,0.00 B
2019-06-09 11:35:22,3.04 G,45.07 G,0.00 B,0.00 B
2019-06-09 11:35:24,3.04 G,45.07 G,324.00 B,5.54 K
2019-06-09 11:35:26,3.04 G,45.07 G,0.00 B,0.00 B
2019-06-09 11:35:28,3.04 G,45.07 G,0.00 B,0.00 B
2019-06-09 11:35:30,3.04 G,45.07 G,0.00 B,0.00 B
2019-06-09 11:35:32,3.04 G,45.07 G,0.00 B,0.00 B
2019-06-09 11:35:34,3.04 G,45.07 G,0.00 B,0.00 B
2019-06-09 11:35:36,3.04 G,45.07 G,84.00 B,120.00 B
2019-06-09 11:35:38,3.04 G,45.07 G,4.28 K,40.63 K
2019-06-09 11:35:40,3.04 G,45.07 G,0.00 B,0.00 B
2019-06-09 11:35:42,3.04 G,45.07 G,0.00 B,0.00 B
2019-06-09 11:35:44,3.04 G,45.07 G,0.00 B,0.00 B
2019-06-09 11:35:46,3.04 G,45.07 G,0.00 B,0.00 B
2019-06-09 11:35:48,3.04 G,45.07 G,0.00 B,0.00 B
2019-06-09 11:35:50,3.04 G,45.07 G,0.00 B,0.00 B
2019-06-09 11:35:52,3.04 G,45.07 G,0.00 B,0.00 B
2019-06-09 11:35:54,3.04 G,45.07 G,4.48 K,26.03 K
2019-06-09 11:35:56,3.04 G,45.07 G,0.00 B,60.00 B
2019-06-09 11:35:58,3.04 G,45.07 G,0.00 B,0.00 B
2019-06-09 11:36:00,3.04 G,45.07 G,0.00 B,720.00 B
2019-06-09 11:36:02,3.04 G,45.07 G,0.00 B,0.00 B
2019-06-09 11:36:04,3.04 G,45.07 G,0.00 B,0.00 B
2019-06-09 11:36:06,3.04 G,45.07 G,0.00 B,0.00 B
2019-06-09 11:36:08,3.04 G,45.07 G,0.00 B,0.00 B
2019-06-09 11:36:10,3.04 G,45.07 G,0.00 B,0.00 B
2019-06-09 11:36:12,3.04 G,45.07 G,0.00 B,0.00 B
2019-06-09 11:36:14,3.04 G,45.07 G,0.00 B,0.00 B
2019-06-09 11:36:16,3.04 G,45.07 G,0.00 B,0.00 B
2019-06-09 11:36:18,3.04 G,45.07 G,0.00 B,0.00 B
2019-06-09 11:36:20,3.04 G,45.07 G,0.00 B,0.00 B
2019-06-09 11:36:22,3.04 G,45.07 G,0.00 B,0.00 B
2019-06-09 11:36:25,3.04 G,45.07 G,0.00 B,0.00 B
2019-06-09 11:36:27,3.04 G,45.07 G,0.00 B,0.00 B
2019-06-09 11:36:29,3.04 G,45.07 G,0.00 B,0.00 B
2019-06-09 11:36:31,3.04 G,45.07 G,0.00 B,0.00 B
2019-06-09 11:36:33,3.04 G,45.07 G,3.42 K,5.06 K
2019-06-09 11:36:35,3.04 G,45.07 G,0.00 B,0.00 B
2019-06-09 11:36:37,3.04 G,45.07 G,84.00 B,120.00 B
2019-06-09 11:36:39,3.04 G,45.07 G,0.00 B,0.00 B
2019-06-09 11:36:41,3.04 G,45.07 G,0.00 B,0.00 B
2019-06-09 11:36:43,3.04 G,45.07 G,0.00 B,0.00 B
2019-06-09 11:36:45,3.04 G,45.07 G,0.00 B,0.00 B
2019-06-09 11:36:47,3.04 G,45.07 G,0.00 B,0.00 B
2019-06-09 11:36:49,3.04 G,45.07 G,2.70 K,5.31 K
2019-06-09 11:36:51,3.04 G,45.07 G,0.00 B,0.00 B
2019-06-09 11:36:53,3.04 G,45.07 G,193.00 B,345.00 B
2019-06-09 11:36:55,3.04 G,45.07 G,0.00 B,0.00 B
2019-06-09 11:36:57,3.04 G,45.07 G,0.00 B,0.00 B
2019-06-09 11:36:59,3.04 G,45.07 G,0.00 B,720.00 B
2019-06-09 11:37:01,3.04 G,45.07 G,0.00 B,0.00 B
2019-06-09 11:37:03,3.04 G,45.07 G,3.91 K,6.27 K
2019-06-09 11:37:05,3.04 G,45.07 G,0.00 B,0.00 B
2019-06-09 11:37:07,3.04 G,45.07 G,0.00 B,0.00 B
2019-06-09 11:37:09,3.04 G,45.07 G,0.00 B,0.00 B
2019-06-09 11:37:11,3.04 G,45.07 G,0.00 B,0.00 B
2019-06-09 11:37:13,3.04 G,45.07 G,0.00 B,0.00 B
2019-06-09 11:37:15,3.04 G,45.07 G,0.00 B,60.00 B
2019-06-09 11:37:17,3.04 G,45.07 G,330.00 B,1.53 K
2019-06-09 11:37:20,3.04 G,45.07 G,0.00 B,0.00 B
2019-06-09 11:37:22,3.04 G,45.07 G,0.00 B,0.00 B
2019-06-09 11:37:24,3.04 G,45.07 G,0.00 B,0.00 B
2019-06-09 11:37:26,3.04 G,45.07 G,0.00 B,0.00 B
2019-06-09 11:37:28,3.04 G,45.07 G,3.31 K,4.19 K
2019-06-09 11:37:30,3.04 G,45.07 G,0.00 B,0.00 B
2019-06-09 11:37:32,3.04 G,45.07 G,0.00 B,0.00 B
2019-06-09 11:37:34,3.04 G,45.07 G,204.00 B,138.00 B
2019-06-09 11:37:36,3.04 G,45.07 G,0.00 B,0.00 B
2019-06-09 11:37:38,3.04 G,45.07 G,0.00 B,0.00 B
2019-06-09 11:37:40,3.04 G,45.07 G,0.00 B,0.00 B
2019-06-09 11:37:42,3.04 G,45.07 G,0.00 B,0.00 B
2019-06-09 11:37:44,3.04 G,45.07 G,3.95 K,4.00 K
2019-06-09 11:37:46,3.04 G,45.07 G,0.00 B,0.00 B
2019-06-09 11:37:48,3.04 G,45.07 G,0.00 B,0.00 B
2019-06-09 11:37:50,3.04 G,45.07 G,0.00 B,0.00 B
2019-06-09 11:37:52,3.04 G,45.07 G,0.00 B,0.00 B
2019-06-09 11:37:54,3.04 G,45.07 G,0.00 B,0.00 B
2019-06-09 11:37:56,3.04 G,45.07 G,0.00 B,0.00 B
2019-06-09 11:37:58,3.04 G,45.07 G,0.00 B,0.00 B
2019-06-09 11:38:00,3.04 G,45.07 G,0.00 B,720.00 B
2019-06-09 11:38:02,3.04 G,45.07 G,0.00 B,0.00 B
2019-06-09 11:38:04,3.04 G,45.07 G,0.00 B,0.00 B
2019-06-09 11:38:06,3.04 G,45.07 G,0.00 B,0.00 B
2019-06-09 11:38:08,3.04 G,45.07 G,42.00 B,60.00 B
2019-06-09 11:38:10,3.04 G,45.07 G,0.00 B,0.00 B
2019-06-09 11:38:12,3.04 G,45.07 G,0.00 B,0.00 B
2019-06-09 11:38:15,3.04 G,45.07 G,0.00 B,0.00 B
2019-06-09 11:38:17,3.04 G,45.07 G,0.00 B,0.00 B
2019-06-09 11:38:19,3.04 G,45.07 G,0.00 B,0.00 B
2019-06-09 11:38:21,3.04 G,45.07 G,0.00 B,0.00 B
2019-06-09 11:38:23,3.04 G,45.07 G,5.03 K,221.02 K
2019-06-09 11:38:25,3.04 G,45.07 G,0.00 B,0.00 B
2019-06-09 11:38:27,3.04 G,45.07 G,0.00 B,0.00 B
2019-06-09 11:38:29,3.04 G,45.07 G,0.00 B,0.00 B
2019-06-09 11:38:31,3.04 G,45.07 G,0.00 B,0.00 B
2019-06-09 11:38:33,3.04 G,45.07 G,0.00 B,0.00 B
2019-06-09 11:38:35,3.04 G,45.07 G,204.00 B,138.00 B
2019-06-09 11:38:37,3.04 G,45.07 G,0.00 B,0.00 B
2019-06-09 11:38:39,3.04 G,45.07 G,0.00 B,0.00 B
2019-06-09 11:38:41,3.04 G,45.07 G,0.00 B,0.00 B
2019-06-09 11:38:43,3.04 G,45.07 G,0.00 B,0.00 B
2019-06-09 11:38:45,3.04 G,45.07 G,0.00 B,0.00 B
2019-06-09 11:38:47,3.04 G,45.07 G,0.00 B,0.00 B
2019-06-09 11:38:49,3.04 G,45.07 G,0.00 B,0.00 B
2019-06-09 11:38:51,3.04 G,45.07 G,0.00 B,0.00 B
2019-06-09 11:38:53,3.04 G,45.07 G,0.00 B,0.00 B
2019-06-09 11:38:55,3.04 G,45.07 G,0.00 B,0.00 B
2019-06-09 11:38:57,3.04 G,45.07 G,8.92 K,266.93 K
2019-06-09 11:38:59,3.04 G,45.07 G,0.00 B,0.00 B
2019-06-09 11:39:01,3.04 G,45.07 G,0.00 B,60.00 B
2019-06-09 11:39:03,3.04 G,45.07 G,0.00 B,60.00 B
2019-06-09 11:39:05,3.04 G,45.07 G,0.00 B,0.00 B
2019-06-09 11:39:07,3.04 G,45.07 G,0.00 B,0.00 B
2019-06-09 11:39:09,3.04 G,45.07 G,42.00 B,60.00 B
2019-06-09 11:39:11,3.04 G,45.07 G,0.00 B,0.00 B
2019-06-09 11:39:13,3.04 G,45.07 G,0.00 B,0.00 B
2019-06-09 11:39:16,3.04 G,45.07 G,0.00 B,60.00 B
2019-06-09 11:39:18,3.04 G,45.07 G,0.00 B,0.00 B
2019-06-09 11:39:20,3.04 G,45.07 G,0.00 B,0.00 B
2019-06-09 11:39:22,3.04 G,45.07 G,0.00 B,0.00 B
2019-06-09 11:39:26,3.04 G,45.07 G,0.00 B,0.00 B
2019-06-09 11:39:28,3.04 G,45.07 G,0.00 B,0.00 B
2019-06-09 11:39:30,3.04 G,45.07 G,0.00 B,0.00 B
2019-06-09 11:39:32,3.04 G,45.07 G,0.00 B,0.00 B
2019-06-09 11:39:34,3.04 G,45.07 G,0.00 B,0.00 B
2019-06-09 11:39:36,3.04 G,45.07 G,0.00 B,0.00 B
2019-06-09 11:39:39,3.04 G,45.07 G,42.00 B,60.00 B
2019-06-09 11:39:41,3.04 G,45.07 G,2.13 K,89.42 K
2019-06-09 11:39:44,3.04 G,45.07 G,0.00 B,0.00 B
2019-06-09 11:39:46,3.04 G,45.07 G,0.00 B,0.00 B
2019-06-09 11:39:48,3.04 G,45.07 G,0.00 B,0.00 B
2019-06-09 11:39:50,3.04 G,45.07 G,0.00 B,0.00 B
2019-06-09 11:39:53,3.04 G,45.07 G,594.00 B,4.93 K
2019-06-09 11:39:55,3.04 G,45.07 G,0.00 B,0.00 B
2019-06-09 11:39:57,3.04 G,45.07 G,0.00 B,0.00 B
2019-06-09 11:39:59,3.04 G,45.07 G,4.25 K,226.18 K
2019-06-09 11:40:01,3.04 G,45.07 G,0.00 B,0.00 B
2019-06-09 11:40:03,3.04 G,45.07 G,0.00 B,0.00 B
2019-06-09 11:40:05,3.04 G,45.07 G,0.00 B,0.00 B
2019-06-09 11:40:07,3.04 G,45.07 G,0.00 B,0.00 B
2019-06-09 11:40:09,3.04 G,45.07 G,0.00 B,0.00 B
2019-06-09 11:40:11,3.04 G,45.07 G,42.00 B,60.00 B
2019-06-09 11:40:13,3.04 G,45.07 G,0.00 B,0.00 B
2019-06-09 11:40:15,3.04 G,45.07 G,0.00 B,60.00 B
2019-06-09 11:40:17,3.04 G,45.07 G,0.00 B,0.00 B
2019-06-09 11:40:19,3.04 G,45.07 G,0.00 B,0.00 B
2019-06-09 11:40:21,3.04 G,45.07 G,0.00 B,0.00 B
2019-06-09 11:40:23,3.04 G,45.07 G,0.00 B,0.00 B
2019-06-09 11:40:25,3.04 G,45.07 G,0.00 B,0.00 B
2019-06-09 11:40:27,3.04 G,45.07 G,0.00 B,0.00 B
2019-06-09 11:40:29,3.04 G,45.07 G,0.00 B,0.00 B
2019-06-09 11:40:31,3.04 G,45.07 G,0.00 B,0.00 B
2019-06-09 11:40:33,3.04 G,45.07 G,0.00 B,0.00 B
2019-06-09 11:40:35,3.04 G,45.07 G,0.00 B,0.00 B
2019-06-09 11:40:37,3.04 G,45.07 G,7.29 K,385.79 K
2019-06-09 11:40:39,3.04 G,45.07 G,0.00 B,0.00 B
2019-06-09 11:40:41,3.04 G,45.07 G,42.00 B,60.00 B
2019-06-09 11:40:43,3.04 G,45.07 G,84.00 B,120.00 B
2019-06-09 11:40:45,3.04 G,45.07 G,0.00 B,0.00 B
2019-06-09 11:40:47,3.04 G,45.07 G,0.00 B,0.00 B
2019-06-09 11:40:49,3.04 G,45.07 G,0.00 B,0.00 B
2019-06-09 11:40:51,3.04 G,45.07 G,0.00 B,0.00 B
2019-06-09 11:40:53,3.04 G,45.07 G,660.00 B,15.08 K
2019-06-09 11:40:55,3.04 G,45.07 G,0.00 B,0.00 B
2019-06-09 11:40:57,3.04 G,45.07 G,0.00 B,0.00 B
2019-06-09 11:40:59,3.04 G,45.07 G,0.00 B,0.00 B
2019-06-09 11:41:01,3.04 G,45.07 G,0.00 B,0.00 B
2019-06-09 11:41:03,3.04 G,45.07 G,0.00 B,0.00 B
2019-06-09 11:41:05,3.04 G,45.07 G,0.00 B,60.00 B
2019-06-09 11:41:07,3.04 G,45.07 G,0.00 B,0.00 B
2019-06-09 11:41:09,3.04 G,45.07 G,0.00 B,0.00 B
2019-06-09 11:41:11,3.04 G,45.07 G,42.00 B,60.00 B
2019-06-09 11:41:13,3.04 G,45.07 G,10.91 K,480.70 K
2019-06-09 11:41:15,3.04 G,45.07 G,0.00 B,60.00 B
2019-06-09 11:41:17,3.04 G,45.07 G,0.00 B,0.00 B
2019-06-09 11:41:19,3.04 G,45.07 G,0.00 B,0.00 B
2019-06-09 11:41:22,3.04 G,45.07 G,0.00 B,0.00 B
2019-06-09 11:41:24,3.04 G,45.07 G,0.00 B,0.00 B
2019-06-09 11:41:26,3.04 G,45.07 G,0.00 B,0.00 B
2019-06-09 11:41:28,3.04 G,45.07 G,0.00 B,0.00 B
2019-06-09 11:41:30,3.04 G,45.07 G,0.00 B,0.00 B
2019-06-09 11:41:32,3.04 G,45.07 G,5.99 K,456.76 K
2019-06-09 11:41:34,3.04 G,45.07 G,0.00 B,0.00 B
2019-06-09 11:41:36,3.04 G,45.07 G,0.00 B,60.00 B
2019-06-09 11:41:38,3.04 G,45.07 G,0.00 B,0.00 B
2019-06-09 11:41:40,3.04 G,45.07 G,204.00 B,138.00 B
2019-06-09 11:41:42,3.04 G,45.07 G,42.00 B,60.00 B
2019-06-09 11:41:44,3.04 G,45.07 G,0.00 B,0.00 B
2019-06-09 11:41:46,3.04 G,45.07 G,0.00 B,0.00 B
2019-06-09 11:41:48,3.04 G,45.08 G,7.67 K,520.57 K
2019-06-09 11:41:50,3.04 G,45.08 G,0.00 B,0.00 B
2019-06-09 11:41:52,3.04 G,45.08 G,0.00 B,0.00 B
2019-06-09 11:41:54,3.04 G,45.08 G,3.34 K,5.85 K
2019-06-09 11:41:56,3.04 G,45.08 G,0.00 B,0.00 B
2019-06-09 11:41:58,3.04 G,45.08 G,0.00 B,0.00 B
2019-06-09 11:42:00,3.04 G,45.08 G,0.00 B,720.00 B
2019-06-09 11:42:02,3.04 G,45.08 G,0.00 B,0.00 B
2019-06-09 11:42:04,3.04 G,45.08 G,0.00 B,0.00 B
2019-06-09 11:42:06,3.04 G,45.08 G,0.00 B,0.00 B
2019-06-09 11:42:08,3.04 G,45.08 G,10.21 K,475.50 K
2019-06-09 11:42:10,3.04 G,45.08 G,0.00 B,0.00 B
2019-06-09 11:42:12,3.04 G,45.08 G,0.00 B,0.00 B
2019-06-09 11:42:14,3.04 G,45.08 G,42.00 B,60.00 B
2019-06-09 11:42:16,3.04 G,45.08 G,0.00 B,60.00 B
2019-06-09 11:42:18,3.04 G,45.08 G,0.00 B,0.00 B
2019-06-09 11:42:20,3.04 G,45.08 G,0.00 B,0.00 B
2019-06-09 11:42:22,3.04 G,45.08 G,0.00 B,0.00 B
2019-06-09 11:42:24,3.04 G,45.08 G,0.00 B,0.00 B
2019-06-09 11:42:26,3.04 G,45.08 G,5.61 K,393.67 K
2019-06-09 11:42:28,3.04 G,45.08 G,0.00 B,0.00 B
2019-06-09 11:42:30,3.04 G,45.08 G,0.00 B,0.00 B
2019-06-09 11:42:32,3.04 G,45.08 G,0.00 B,0.00 B
2019-06-09 11:42:34,3.04 G,45.08 G,0.00 B,0.00 B
2019-06-09 11:42:36,3.04 G,45.08 G,0.00 B,0.00 B
2019-06-09 11:42:44,3.04 G,45.08 G,0.00 B,0.00 B
2019-06-09 11:42:47,3.04 G,45.08 G,42.00 B,60.00 B
2019-06-09 11:42:49,3.04 G,45.08 G,3.73 K,76.53 K
2019-06-09 11:42:51,3.04 G,45.08 G,0.00 B,0.00 B
2019-06-09 11:42:53,3.04 G,45.08 G,0.00 B,0.00 B
2019-06-09 11:42:55,3.04 G,45.08 G,0.00 B,0.00 B
2019-06-09 11:42:57,3.04 G,45.08 G,0.00 B,0.00 B
2019-06-09 11:42:59,3.04 G,45.08 G,0.00 B,0.00 B
2019-06-09 11:43:01,3.04 G,45.08 G,0.00 B,0.00 B
2019-06-09 11:43:03,3.04 G,45.08 G,2.45 K,43.06 K
2019-06-09 11:43:05,3.04 G,45.08 G,0.00 B,0.00 B
2019-06-09 11:43:07,3.04 G,45.08 G,0.00 B,0.00 B
2019-06-09 11:43:09,3.04 G,45.08 G,0.00 B,0.00 B
2019-06-09 11:43:11,3.04 G,45.08 G,0.00 B,0.00 B
2019-06-09 11:43:13,3.04 G,45.08 G,3.02 K,65.99 K
2019-06-09 11:43:15,3.04 G,45.08 G,42.00 B,60.00 B
2019-06-09 11:43:17,3.04 G,45.08 G,0.00 B,0.00 B
2019-06-09 11:43:19,3.04 G,45.08 G,0.00 B,0.00 B
2019-06-09 11:43:21,3.04 G,45.08 G,0.00 B,0.00 B
2019-06-09 11:43:23,3.04 G,45.08 G,0.00 B,0.00 B
2019-06-09 11:43:25,3.04 G,45.08 G,0.00 B,0.00 B
2019-06-09 11:43:27,3.04 G,45.08 G,3.80 K,57.50 K
2019-06-09 11:43:29,3.04 G,45.08 G,0.00 B,0.00 B
2019-06-09 11:43:31,3.04 G,45.08 G,0.00 B,0.00 B
2019-06-09 11:43:33,3.04 G,45.08 G,0.00 B,0.00 B
2019-06-09 11:43:35,3.04 G,45.08 G,0.00 B,0.00 B
2019-06-09 11:43:37,3.04 G,45.08 G,0.00 B,0.00 B
2019-06-09 11:43:39,3.04 G,45.08 G,0.00 B,0.00 B
2019-06-09 11:43:41,3.04 G,45.08 G,0.00 B,0.00 B
2019-06-09 11:43:43,3.04 G,45.08 G,4.01 K,54.85 K
2019-06-09 11:43:45,3.04 G,45.08 G,0.00 B,0.00 B
2019-06-09 11:43:47,3.04 G,45.08 G,0.00 B,0.00 B
2019-06-09 11:43:49,3.04 G,45.08 G,0.00 B,0.00 B
2019-06-09 11:43:51,3.04 G,45.08 G,0.00 B,0.00 B
2019-06-09 11:43:53,3.04 G,45.08 G,0.00 B,0.00 B
2019-06-09 11:43:55,3.04 G,45.08 G,0.00 B,0.00 B
2019-06-09 11:43:57,3.04 G,45.08 G,0.00 B,0.00 B
2019-06-09 11:43:59,3.04 G,45.08 G,0.00 B,0.00 B
2019-06-09 11:44:01,3.04 G,45.08 G,0.00 B,0.00 B
2019-06-09 11:44:03,3.04 G,45.08 G,0.00 B,0.00 B
2019-06-09 11:44:05,3.04 G,45.08 G,0.00 B,0.00 B
2019-06-09 11:44:07,3.04 G,45.08 G,0.00 B,0.00 B
2019-06-09 11:44:09,3.04 G,45.08 G,0.00 B,0.00 B
2019-06-09 11:44:11,3.04 G,45.08 G,0.00 B,0.00 B
2019-06-09 11:44:13,3.04 G,45.08 G,4.72 K,56.14 K
2019-06-09 11:44:15,3.04 G,45.08 G,0.00 B,60.00 B
2019-06-09 11:44:17,3.04 G,45.08 G,42.00 B,60.00 B
2019-06-09 11:44:19,3.04 G,45.08 G,0.00 B,0.00 B
2019-06-09 11:44:21,3.04 G,45.08 G,0.00 B,0.00 B
2019-06-09 11:44:23,3.04 G,45.08 G,0.00 B,0.00 B
2019-06-09 11:44:25,3.04 G,45.08 G,0.00 B,0.00 B
2019-06-09 11:44:27,3.04 G,45.08 G,0.00 B,0.00 B
2019-06-09 11:44:29,3.04 G,45.08 G,3.93 K,53.79 K
2019-06-09 11:44:31,3.04 G,45.08 G,0.00 B,0.00 B
2019-06-09 11:44:33,3.04 G,45.08 G,0.00 B,0.00 B
2019-06-09 11:44:35,3.04 G,45.08 G,0.00 B,0.00 B
2019-06-09 11:44:37,3.04 G,45.08 G,0.00 B,0.00 B
2019-06-09 11:44:39,3.04 G,45.08 G,0.00 B,0.00 B
2019-06-09 11:44:41,3.04 G,45.08 G,0.00 B,0.00 B
2019-06-09 11:44:43,3.04 G,45.08 G,0.00 B,0.00 B
2019-06-09 11:44:45,3.04 G,45.08 G,0.00 B,0.00 B
2019-06-09 11:44:47,3.04 G,45.08 G,42.00 B,60.00 B
2019-06-09 11:44:49,3.04 G,45.08 G,84.00 B,180.00 B
2019-06-09 11:44:51,3.04 G,45.08 G,0.00 B,0.00 B
2019-06-09 11:44:53,3.04 G,45.08 G,0.00 B,0.00 B
2019-06-09 11:44:55,3.04 G,45.08 G,0.00 B,0.00 B
2019-06-09 11:44:57,3.04 G,45.08 G,0.00 B,0.00 B
2019-06-09 11:44:59,3.04 G,45.08 G,0.00 B,0.00 B
2019-06-09 11:45:01,3.04 G,45.08 G,0.00 B,0.00 B
2019-06-09 11:45:03,3.04 G,45.08 G,0.00 B,0.00 B
2019-06-09 11:45:05,3.04 G,45.08 G,0.00 B,0.00 B
2019-06-09 11:45:07,3.04 G,45.08 G,0.00 B,0.00 B
2019-06-09 11:45:09,3.04 G,45.08 G,0.00 B,0.00 B
2019-06-09 11:45:11,3.04 G,45.08 G,0.00 B,0.00 B
2019-06-09 11:45:13,3.04 G,45.08 G,0.00 B,0.00 B
2019-06-09 11:45:15,3.04 G,45.08 G,4.14 K,50.23 K
2019-06-09 11:45:17,3.04 G,45.08 G,0.00 B,0.00 B
2019-06-09 11:45:19,3.04 G,45.08 G,42.00 B,60.00 B
2019-06-09 11:45:21,3.04 G,45.08 G,0.00 B,0.00 B
2019-06-09 11:45:23,3.04 G,45.08 G,0.00 B,0.00 B
2019-06-09 11:45:25,3.04 G,45.08 G,0.00 B,0.00 B
2019-06-09 11:45:27,3.04 G,45.08 G,0.00 B,0.00 B
2019-06-09 11:45:29,3.04 G,45.08 G,0.00 B,0.00 B
2019-06-09 11:45:31,3.04 G,45.08 G,0.00 B,0.00 B
2019-06-09 11:45:33,3.04 G,45.08 G,0.00 B,0.00 B
2019-06-09 11:45:35,3.04 G,45.08 G,0.00 B,0.00 B
2019-06-09 11:45:37,3.04 G,45.08 G,0.00 B,0.00 B
2019-06-09 11:45:39,3.04 G,45.08 G,0.00 B,0.00 B
2019-06-09 11:45:41,3.04 G,45.08 G,0.00 B,0.00 B
2019-06-09 11:45:43,3.04 G,45.08 G,0.00 B,0.00 B
2019-06-09 11:45:46,3.04 G,45.08 G,204.00 B,138.00 B
2019-06-09 11:45:48,3.04 G,45.08 G,0.00 B,0.00 B
2019-06-09 11:45:50,3.04 G,45.08 G,0.00 B,0.00 B
2019-06-09 11:45:52,3.04 G,45.08 G,0.00 B,0.00 B
2019-06-09 11:45:54,3.04 G,45.08 G,0.00 B,0.00 B
2019-06-09 11:45:56,3.04 G,45.08 G,0.00 B,0.00 B
2019-06-09 11:45:58,3.04 G,45.08 G,0.00 B,0.00 B
2019-06-09 11:46:00,3.04 G,45.08 G,0.00 B,0.00 B
2019-06-09 11:46:02,3.04 G,45.08 G,4.31 K,53.86 K
2019-06-09 11:46:04,3.04 G,45.08 G,0.00 B,0.00 B
2019-06-09 11:46:06,3.04 G,45.08 G,0.00 B,0.00 B
2019-06-09 11:46:08,3.04 G,45.08 G,0.00 B,0.00 B
2019-06-09 11:46:10,3.04 G,45.08 G,0.00 B,0.00 B
2019-06-09 11:46:12,3.04 G,45.08 G,0.00 B,0.00 B
2019-06-09 11:46:14,3.04 G,45.08 G,2.06 K,20.10 K
2019-06-09 11:46:16,3.04 G,45.08 G,0.00 B,60.00 B
2019-06-09 11:46:18,3.04 G,45.08 G,0.00 B,0.00 B
2019-06-09 11:46:20,3.04 G,45.08 G,0.00 B,0.00 B
2019-06-09 11:46:22,3.04 G,45.08 G,0.00 B,0.00 B
2019-06-09 11:46:24,3.04 G,45.08 G,0.00 B,0.00 B
2019-06-09 11:46:26,3.04 G,45.08 G,0.00 B,0.00 B
2019-06-09 11:46:28,3.04 G,45.08 G,3.54 K,80.09 K
2019-06-09 11:46:30,3.04 G,45.08 G,0.00 B,0.00 B
2019-06-09 11:46:32,3.04 G,45.08 G,0.00 B,0.00 B
2019-06-09 11:46:34,3.04 G,45.08 G,0.00 B,0.00 B
2019-06-09 11:46:36,3.04 G,45.08 G,0.00 B,0.00 B
2019-06-09 11:46:38,3.04 G,45.08 G,0.00 B,0.00 B
2019-06-09 11:46:40,3.04 G,45.08 G,0.00 B,0.00 B
2019-06-09 11:46:42,3.04 G,45.08 G,0.00 B,0.00 B
2019-06-09 11:46:44,3.04 G,45.08 G,4.25 K,57.12 K
2019-06-09 11:46:46,3.04 G,45.08 G,0.00 B,0.00 B
2019-06-09 11:46:48,3.04 G,45.08 G,0.00 B,0.00 B
2019-06-09 11:46:54,3.04 G,45.08 G,434.00 B,619.00 B
2019-06-09 11:46:56,3.04 G,45.08 G,54.00 B,120.00 B
2019-06-09 11:46:58,3.04 G,45.08 G,0.00 B,0.00 B
2019-06-09 11:47:00,3.04 G,45.08 G,0.00 B,720.00 B
2019-06-09 11:47:02,3.04 G,45.08 G,0.00 B,0.00 B
2019-06-09 11:47:04,3.04 G,45.08 G,0.00 B,0.00 B
2019-06-09 11:47:06,3.04 G,45.08 G,0.00 B,0.00 B
2019-06-09 11:47:08,3.04 G,45.08 G,0.00 B,0.00 B
2019-06-09 11:47:10,3.04 G,45.08 G,0.00 B,0.00 B
2019-06-09 11:47:12,3.04 G,45.08 G,0.00 B,0.00 B
2019-06-09 11:47:14,3.04 G,45.08 G,0.00 B,0.00 B
2019-06-09 11:47:16,3.04 G,45.08 G,0.00 B,0.00 B
2019-06-09 11:47:18,3.04 G,45.08 G,0.00 B,0.00 B
2019-06-09 11:47:20,3.04 G,45.08 G,42.00 B,60.00 B
2019-06-09 11:47:22,3.04 G,45.08 G,0.00 B,0.00 B
2019-06-09 11:47:24,3.04 G,45.08 G,0.00 B,0.00 B
2019-06-09 11:47:26,3.04 G,45.08 G,0.00 B,0.00 B
2019-06-09 11:47:28,3.04 G,45.08 G,0.00 B,0.00 B
2019-06-09 11:47:30,3.04 G,45.08 G,0.00 B,60.00 B
2019-06-09 11:47:32,3.04 G,45.08 G,0.00 B,0.00 B
2019-06-09 11:47:34,3.04 G,45.08 G,0.00 B,0.00 B
2019-06-09 11:47:36,3.04 G,45.08 G,6.45 K,384.50 K
2019-06-09 11:47:39,3.04 G,45.08 G,0.00 B,0.00 B
2019-06-09 11:47:41,3.04 G,45.08 G,0.00 B,0.00 B
2019-06-09 11:47:43,3.04 G,45.08 G,0.00 B,0.00 B
2019-06-09 11:47:45,3.04 G,45.08 G,0.00 B,0.00 B
2019-06-09 11:47:47,3.04 G,45.08 G,0.00 B,0.00 B
2019-06-09 11:47:49,3.04 G,45.08 G,204.00 B,138.00 B
2019-06-09 11:47:51,3.04 G,45.08 G,0.00 B,0.00 B
2019-06-09 11:47:53,3.04 G,45.08 G,7.26 K,413.77 K
2019-06-09 11:47:55,3.04 G,45.08 G,0.00 B,0.00 B
2019-06-09 11:47:57,3.04 G,45.08 G,0.00 B,60.00 B
2019-06-09 11:47:59,3.04 G,45.08 G,0.00 B,0.00 B
2019-06-09 11:48:01,3.04 G,45.08 G,0.00 B,720.00 B
2019-06-09 11:48:03,3.04 G,45.08 G,0.00 B,0.00 B
2019-06-09 11:48:05,3.04 G,45.08 G,0.00 B,0.00 B
2019-06-09 11:48:07,3.04 G,45.08 G,0.00 B,0.00 B
2019-06-09 11:48:09,3.04 G,45.08 G,0.00 B,0.00 B
2019-06-09 11:48:11,3.04 G,45.08 G,0.00 B,0.00 B
2019-06-09 11:48:13,3.04 G,45.08 G,0.00 B,0.00 B
2019-06-09 11:48:15,3.04 G,45.08 G,0.00 B,0.00 B
2019-06-09 11:48:17,3.04 G,45.08 G,0.00 B,0.00 B
2019-06-09 11:48:19,3.04 G,45.08 G,0.00 B,0.00 B
2019-06-09 11:48:21,3.04 G,45.08 G,0.00 B,0.00 B
2019-06-09 11:48:23,3.04 G,45.08 G,2.17 K,98.10 K
2019-06-09 11:48:26,3.04 G,45.08 G,0.00 B,0.00 B
2019-06-09 11:48:28,3.04 G,45.08 G,0.00 B,0.00 B
2019-06-09 11:48:30,3.04 G,45.08 G,0.00 B,0.00 B
2019-06-09 11:48:32,3.04 G,45.08 G,0.00 B,0.00 B
2019-06-09 11:48:34,3.04 G,45.08 G,0.00 B,0.00 B
2019-06-09 11:48:36,3.04 G,45.08 G,0.00 B,0.00 B
2019-06-09 11:48:38,3.04 G,45.08 G,0.00 B,0.00 B
2019-06-09 11:48:40,3.04 G,45.08 G,0.00 B,0.00 B
2019-06-09 11:48:42,3.04 G,45.08 G,0.00 B,0.00 B
2019-06-09 11:48:44,3.04 G,45.08 G,0.00 B,0.00 B
2019-06-09 11:48:46,3.04 G,45.08 G,0.00 B,0.00 B
2019-06-09 11:48:48,3.04 G,45.08 G,0.00 B,0.00 B
2019-06-09 11:48:50,3.04 G,45.08 G,204.00 B,138.00 B
2019-06-09 11:48:52,3.04 G,45.08 G,42.00 B,60.00 B
2019-06-09 11:48:54,3.04 G,45.08 G,6.51 K,412.69 K
2019-06-09 11:48:56,3.04 G,45.08 G,0.00 B,0.00 B
2019-06-09 11:48:58,3.04 G,45.08 G,0.00 B,0.00 B
2019-06-09 11:49:00,3.04 G,45.08 G,0.00 B,720.00 B
2019-06-09 11:49:02,3.04 G,45.08 G,0.00 B,0.00 B
2019-06-09 11:49:04,3.04 G,45.08 G,0.00 B,0.00 B
2019-06-09 11:49:06,3.04 G,45.08 G,0.00 B,0.00 B
2019-06-09 11:49:08,3.04 G,45.08 G,0.00 B,0.00 B
2019-06-09 11:49:10,3.04 G,45.08 G,7.73 K,397.85 K
2019-06-09 11:49:12,3.04 G,45.08 G,0.00 B,0.00 B
2019-06-09 11:49:14,3.04 G,45.08 G,0.00 B,0.00 B
2019-06-09 11:49:16,3.04 G,45.08 G,0.00 B,0.00 B
2019-06-09 11:49:18,3.04 G,45.08 G,0.00 B,0.00 B
2019-06-09 11:49:20,3.04 G,45.08 G,0.00 B,0.00 B
2019-06-09 11:49:22,3.04 G,45.08 G,0.00 B,0.00 B
2019-06-09 11:49:24,3.04 G,45.08 G,42.00 B,60.00 B
2019-06-09 11:49:26,3.04 G,45.08 G,0.00 B,0.00 B
2019-06-09 11:49:28,3.04 G,45.08 G,0.00 B,0.00 B
2019-06-09 11:49:30,3.04 G,45.08 G,0.00 B,0.00 B
2019-06-09 11:49:32,3.04 G,45.08 G,0.00 B,0.00 B
2019-06-09 11:49:34,3.04 G,45.08 G,0.00 B,0.00 B
2019-06-09 11:49:36,3.04 G,45.08 G,0.00 B,0.00 B
2019-06-09 11:49:38,3.04 G,45.08 G,0.00 B,0.00 B
2019-06-09 11:49:40,3.04 G,45.08 G,0.00 B,0.00 B
2019-06-09 11:49:42,3.04 G,45.08 G,5.05 K,210.09 K
2019-06-09 11:49:44,3.04 G,45.08 G,0.00 B,0.00 B
2019-06-09 11:49:46,3.04 G,45.08 G,0.00 B,0.00 B
2019-06-09 11:49:49,3.04 G,45.08 G,0.00 B,0.00 B
2019-06-09 11:49:51,3.04 G,45.08 G,0.00 B,0.00 B
2019-06-09 11:49:53,3.04 G,45.08 G,42.00 B,60.00 B
2019-06-09 11:49:55,3.04 G,45.08 G,0.00 B,0.00 B
2019-06-09 11:49:57,3.04 G,45.08 G,0.00 B,0.00 B
2019-06-09 11:50:00,3.04 G,45.08 G,0.00 B,720.00 B
2019-06-09 11:50:02,3.04 G,45.08 G,5.86 K,253.86 K
2019-06-09 11:50:04,3.04 G,45.08 G,0.00 B,0.00 B
2019-06-09 11:50:06,3.04 G,45.08 G,0.00 B,0.00 B
2019-06-09 11:50:08,3.04 G,45.08 G,0.00 B,0.00 B
2019-06-09 11:50:10,3.04 G,45.08 G,0.00 B,0.00 B
2019-06-09 11:50:12,3.04 G,45.08 G,0.00 B,0.00 B
2019-06-09 11:50:14,3.04 G,45.08 G,0.00 B,0.00 B
2019-06-09 11:50:16,3.04 G,45.08 G,0.00 B,60.00 B
2019-06-09 11:50:18,3.04 G,45.08 G,3.80 K,166.68 K
2019-06-09 11:50:20,3.04 G,45.08 G,0.00 B,0.00 B
2019-06-09 11:50:22,3.04 G,45.08 G,0.00 B,0.00 B
2019-06-09 11:50:24,3.04 G,45.08 G,0.00 B,0.00 B
2019-06-09 11:50:26,3.04 G,45.08 G,42.00 B,60.00 B
2019-06-09 11:50:28,3.04 G,45.08 G,0.00 B,0.00 B
2019-06-09 11:50:30,3.04 G,45.08 G,0.00 B,0.00 B
2019-06-09 11:50:32,3.04 G,45.08 G,0.00 B,0.00 B
2019-06-09 11:50:34,3.04 G,45.08 G,0.00 B,0.00 B
2019-06-09 11:50:36,3.04 G,45.08 G,0.00 B,0.00 B
2019-06-09 11:50:38,3.04 G,45.08 G,0.00 B,60.00 B
2019-06-09 11:50:40,3.04 G,45.08 G,0.00 B,0.00 B
2019-06-09 11:50:42,3.04 G,45.08 G,0.00 B,0.00 B
2019-06-09 11:50:44,3.04 G,45.08 G,0.00 B,0.00 B
2019-06-09 11:50:46,3.04 G,45.08 G,0.00 B,0.00 B
2019-06-09 11:50:48,3.04 G,45.08 G,0.00 B,0.00 B
2019-06-09 11:50:50,3.04 G,45.08 G,0.00 B,0.00 B
2019-06-09 11:50:52,3.04 G,45.08 G,0.00 B,0.00 B
2019-06-09 11:50:54,3.04 G,45.08 G,0.00 B,0.00 B
2019-06-09 11:50:56,3.04 G,45.08 G,0.00 B,0.00 B
2019-06-09 11:50:58,3.04 G,45.08 G,84.00 B,120.00 B
2019-06-09 11:51:00,3.04 G,45.08 G,0.00 B,0.00 B
2019-06-09 11:51:02,3.04 G,45.08 G,1.29 K,105.37 K
2019-06-09 11:51:04,3.04 G,45.08 G,0.00 B,0.00 B
2019-06-09 11:51:06,3.04 G,45.08 G,0.00 B,0.00 B
2019-06-09 11:51:08,3.04 G,45.08 G,0.00 B,0.00 B
2019-06-09 11:51:10,3.04 G,45.08 G,0.00 B,0.00 B
2019-06-09 11:51:12,3.04 G,45.08 G,0.00 B,0.00 B
2019-06-09 11:51:14,3.04 G,45.08 G,0.00 B,0.00 B
2019-06-09 11:51:16,3.04 G,45.08 G,0.00 B,60.00 B
2019-06-09 11:51:18,3.04 G,45.08 G,6.32 K,277.62 K
2019-06-09 11:51:20,3.04 G,45.08 G,0.00 B,0.00 B
2019-06-09 11:51:22,3.04 G,45.08 G,0.00 B,0.00 B
2019-06-09 11:51:24,3.04 G,45.08 G,0.00 B,0.00 B
2019-06-09 11:51:26,3.04 G,45.08 G,42.00 B,60.00 B
2019-06-09 11:51:28,3.04 G,45.08 G,2.13 K,107.82 K
2019-06-09 11:51:30,3.04 G,45.08 G,0.00 B,0.00 B
2019-06-09 11:51:35,3.04 G,45.08 G,0.00 B,0.00 B
2019-06-09 11:51:37,3.04 G,45.08 G,0.00 B,0.00 B
2019-06-09 11:51:39,3.04 G,45.08 G,0.00 B,0.00 B
2019-06-09 11:51:41,3.04 G,45.08 G,0.00 B,0.00 B
2019-06-09 11:51:43,3.04 G,45.08 G,0.00 B,0.00 B
2019-06-09 11:51:45,3.04 G,45.08 G,0.00 B,0.00 B
2019-06-09 11:51:47,3.04 G,45.08 G,4.93 K,150.72 K
2019-06-09 11:51:49,3.04 G,45.08 G,0.00 B,0.00 B
2019-06-09 11:51:51,3.04 G,45.08 G,0.00 B,0.00 B
2019-06-09 11:51:53,3.04 G,45.08 G,204.00 B,138.00 B
2019-06-09 11:51:55,3.04 G,45.08 G,2.68 K,5.37 K
2019-06-09 11:51:58,3.04 G,45.08 G,0.00 B,0.00 B
2019-06-09 11:52:00,3.04 G,45.08 G,0.00 B,720.00 B
2019-06-09 11:52:02,3.04 G,45.08 G,0.00 B,0.00 B
2019-06-09 11:52:05,3.04 G,45.08 G,0.00 B,0.00 B
2019-06-09 11:52:07,3.04 G,45.08 G,0.00 B,0.00 B
2019-06-09 11:52:09,3.04 G,45.08 G,0.00 B,0.00 B
2019-06-09 11:52:11,3.04 G,45.08 G,0.00 B,0.00 B
2019-06-09 11:52:13,3.04 G,45.08 G,0.00 B,0.00 B
2019-06-09 11:52:15,3.04 G,45.08 G,0.00 B,0.00 B
2019-06-09 11:52:17,3.04 G,45.08 G,0.00 B,0.00 B
2019-06-09 11:52:19,3.04 G,45.08 G,5.00 K,150.71 K
2019-06-09 11:52:21,3.04 G,45.08 G,0.00 B,0.00 B
2019-06-09 11:52:23,3.04 G,45.08 G,0.00 B,0.00 B
2019-06-09 11:52:25,3.04 G,45.08 G,0.00 B,0.00 B
2019-06-09 11:52:27,3.04 G,45.08 G,0.00 B,0.00 B
2019-06-09 11:52:29,3.04 G,45.08 G,0.00 B,0.00 B
2019-06-09 11:52:31,3.04 G,45.08 G,0.00 B,0.00 B
2019-06-09 11:52:33,3.04 G,45.08 G,0.00 B,0.00 B
2019-06-09 11:52:35,3.04 G,45.08 G,0.00 B,0.00 B
2019-06-09 11:52:37,3.04 G,45.08 G,0.00 B,0.00 B
2019-06-09 11:52:39,3.04 G,45.08 G,0.00 B,0.00 B
2019-06-09 11:52:42,3.04 G,45.08 G,0.00 B,0.00 B
2019-06-09 11:52:44,3.04 G,45.08 G,0.00 B,0.00 B
2019-06-09 11:52:46,3.04 G,45.08 G,0.00 B,0.00 B
2019-06-09 11:52:48,3.04 G,45.08 G,0.00 B,0.00 B
2019-06-09 11:52:50,3.04 G,45.08 G,0.00 B,0.00 B
2019-06-09 11:52:52,3.04 G,45.08 G,0.00 B,0.00 B
2019-06-09 11:52:54,3.04 G,45.08 G,4.22 K,116.35 K
2019-06-09 11:52:56,3.04 G,45.08 G,0.00 B,0.00 B
2019-06-09 11:52:58,3.04 G,45.08 G,0.00 B,0.00 B
2019-06-09 11:53:00,3.04 G,45.08 G,1.89 K,31.88 K
2019-06-09 11:53:02,3.04 G,45.08 G,0.00 B,0.00 B
2019-06-09 11:53:04,3.04 G,45.08 G,0.00 B,0.00 B
2019-06-09 11:53:06,3.04 G,45.08 G,0.00 B,0.00 B
2019-06-09 11:53:08,3.04 G,45.08 G,0.00 B,0.00 B
2019-06-09 11:53:10,3.04 G,45.08 G,0.00 B,0.00 B
2019-06-09 11:53:12,3.04 G,45.08 G,2.03 K,2.31 K
2019-06-09 11:53:14,3.04 G,45.08 G,0.00 B,0.00 B
2019-06-09 11:53:16,3.04 G,45.08 G,0.00 B,0.00 B
2019-06-09 11:53:18,3.04 G,45.08 G,0.00 B,0.00 B
2019-06-09 11:53:20,3.04 G,45.08 G,0.00 B,0.00 B
2019-06-09 11:53:22,3.04 G,45.08 G,0.00 B,0.00 B
2019-06-09 11:53:24,3.04 G,45.08 G,0.00 B,0.00 B
2019-06-09 11:53:26,3.04 G,45.08 G,0.00 B,0.00 B
2019-06-09 11:53:28,3.04 G,45.08 G,0.00 B,0.00 B
2019-06-09 11:53:30,3.04 G,45.08 G,0.00 B,0.00 B
2019-06-09 11:53:32,3.04 G,45.08 G,0.00 B,0.00 B
2019-06-09 11:53:34,3.04 G,45.08 G,0.00 B,0.00 B
2019-06-09 11:53:36,3.04 G,45.08 G,0.00 B,0.00 B
2019-06-09 11:53:38,3.04 G,45.08 G,0.00 B,0.00 B
2019-06-09 11:53:40,3.04 G,45.08 G,0.00 B,0.00 B
2019-06-09 11:53:42,3.04 G,45.08 G,2.26 K,2.12 K
2019-06-09 11:53:44,3.04 G,45.08 G,0.00 B,0.00 B
2019-06-09 11:53:46,3.04 G,45.08 G,0.00 B,0.00 B
2019-06-09 11:53:48,3.04 G,45.08 G,0.00 B,0.00 B
2019-06-09 11:53:50,3.04 G,45.08 G,0.00 B,0.00 B
2019-06-09 11:53:52,3.04 G,45.08 G,0.00 B,0.00 B
2019-06-09 11:53:54,3.04 G,45.08 G,0.00 B,0.00 B
2019-06-09 11:53:56,3.04 G,45.08 G,204.00 B,138.00 B
2019-06-09 11:53:58,3.04 G,45.08 G,2.62 K,2.35 K
2019-06-09 11:54:00,3.04 G,45.08 G,0.00 B,0.00 B
2019-06-09 11:54:02,3.04 G,45.08 G,42.00 B,60.00 B
2019-06-09 11:54:04,3.04 G,45.08 G,0.00 B,0.00 B
2019-06-09 11:54:06,3.04 G,45.08 G,0.00 B,0.00 B
2019-06-09 11:54:08,3.04 G,45.08 G,0.00 B,0.00 B
2019-06-09 11:54:10,3.04 G,45.08 G,0.00 B,0.00 B
2019-06-09 11:54:12,3.04 G,45.08 G,0.00 B,0.00 B
2019-06-09 11:54:14,3.04 G,45.08 G,2.81 K,2.67 K
2019-06-09 11:54:16,3.04 G,45.08 G,0.00 B,0.00 B
2019-06-09 11:54:18,3.04 G,45.08 G,0.00 B,0.00 B
2019-06-09 11:54:20,3.04 G,45.08 G,0.00 B,0.00 B
2019-06-09 11:54:22,3.04 G,45.08 G,0.00 B,0.00 B
2019-06-09 11:54:24,3.04 G,45.08 G,0.00 B,0.00 B
2019-06-09 11:54:27,3.04 G,45.08 G,0.00 B,0.00 B
2019-06-09 11:54:29,3.04 G,45.08 G,0.00 B,60.00 B
2019-06-09 11:54:31,3.04 G,45.08 G,2.60 K,2.33 K
2019-06-09 11:54:33,3.04 G,45.08 G,0.00 B,0.00 B
2019-06-09 11:54:35,3.04 G,45.08 G,0.00 B,0.00 B
2019-06-09 11:54:37,3.04 G,45.08 G,0.00 B,0.00 B
2019-06-09 11:54:39,3.04 G,45.08 G,0.00 B,0.00 B
2019-06-09 11:54:41,3.04 G,45.08 G,0.00 B,0.00 B
2019-06-09 11:54:44,3.04 G,45.08 G,0.00 B,0.00 B
2019-06-09 11:54:46,3.04 G,45.08 G,0.00 B,60.00 B
2019-06-09 11:54:48,3.04 G,45.08 G,0.00 B,60.00 B
2019-06-09 11:54:50,3.04 G,45.08 G,0.00 B,0.00 B
2019-06-09 11:54:52,3.04 G,45.08 G,0.00 B,0.00 B
2019-06-09 11:54:54,3.04 G,45.08 G,0.00 B,0.00 B
2019-06-09 11:54:56,3.04 G,45.08 G,0.00 B,0.00 B
2019-06-09 11:54:58,3.04 G,45.08 G,204.00 B,138.00 B
2019-06-09 11:55:00,3.04 G,45.08 G,42.00 B,780.00 B
2019-06-09 11:55:02,3.04 G,45.08 G,0.00 B,0.00 B
2019-06-09 11:55:04,3.04 G,45.08 G,84.00 B,120.00 B
2019-06-09 11:55:06,3.04 G,45.08 G,0.00 B,0.00 B
2019-06-09 11:55:08,3.04 G,45.08 G,0.00 B,0.00 B
2019-06-09 11:55:10,3.04 G,45.08 G,2.01 K,1.71 K
2019-06-09 11:55:12,3.04 G,45.08 G,0.00 B,0.00 B
2019-06-09 11:55:14,3.04 G,45.08 G,0.00 B,0.00 B
2019-06-09 11:55:16,3.04 G,45.08 G,0.00 B,60.00 B
2019-06-09 11:55:18,3.04 G,45.08 G,0.00 B,0.00 B
2019-06-09 11:55:20,3.04 G,45.08 G,0.00 B,0.00 B
2019-06-09 11:55:22,3.04 G,45.08 G,0.00 B,0.00 B
2019-06-09 11:55:24,3.04 G,45.08 G,0.00 B,0.00 B
2019-06-09 11:55:26,3.04 G,45.08 G,0.00 B,0.00 B
2019-06-09 11:55:28,3.04 G,45.08 G,0.00 B,0.00 B
2019-06-09 11:55:30,3.04 G,45.08 G,0.00 B,0.00 B
2019-06-09 11:55:32,3.04 G,45.08 G,0.00 B,0.00 B
2019-06-09 11:55:34,3.04 G,45.08 G,0.00 B,0.00 B
2019-06-09 11:55:36,3.04 G,45.08 G,0.00 B,0.00 B
2019-06-09 11:55:38,3.04 G,45.08 G,0.00 B,0.00 B
2019-06-09 11:55:40,3.04 G,45.08 G,1.88 K,1.59 K
2019-06-09 11:55:42,3.04 G,45.08 G,0.00 B,0.00 B
2019-06-09 11:55:44,3.04 G,45.08 G,0.00 B,0.00 B
2019-06-09 11:55:46,3.04 G,45.08 G,0.00 B,0.00 B
2019-06-09 11:55:48,3.04 G,45.08 G,0.00 B,0.00 B
2019-06-09 11:55:50,3.04 G,45.08 G,0.00 B,0.00 B
2019-06-09 11:55:52,3.04 G,45.08 G,0.00 B,0.00 B
2019-06-09 11:55:54,3.04 G,45.08 G,0.00 B,0.00 B
2019-06-09 11:55:56,3.04 G,45.08 G,2.06 K,1.92 K
2019-06-09 11:55:58,3.04 G,45.08 G,0.00 B,0.00 B
2019-06-09 11:56:00,3.04 G,45.08 G,204.00 B,138.00 B
2019-06-09 11:56:02,3.04 G,45.08 G,42.00 B,120.00 B
2019-06-09 11:56:04,3.04 G,45.08 G,0.00 B,0.00 B
2019-06-09 11:56:06,3.04 G,45.08 G,0.00 B,0.00 B
2019-06-09 11:56:08,3.04 G,45.08 G,0.00 B,0.00 B
2019-06-09 11:56:10,3.04 G,45.08 G,0.00 B,0.00 B
2019-06-09 11:56:12,3.04 G,45.08 G,0.00 B,0.00 B
2019-06-09 11:56:14,3.04 G,45.08 G,0.00 B,0.00 B
2019-06-09 11:56:16,3.04 G,45.08 G,0.00 B,0.00 B
2019-06-09 11:56:18,3.04 G,45.08 G,0.00 B,0.00 B
2019-06-09 11:56:20,3.04 G,45.08 G,0.00 B,0.00 B
2019-06-09 11:56:22,3.04 G,45.08 G,0.00 B,0.00 B
2019-06-09 11:56:25,3.04 G,45.08 G,0.00 B,0.00 B
2019-06-09 11:56:27,3.04 G,45.08 G,0.00 B,0.00 B
2019-06-09 11:56:29,3.04 G,45.08 G,0.00 B,0.00 B
2019-06-09 11:56:31,3.04 G,45.08 G,0.00 B,0.00 B
2019-06-09 11:56:33,3.04 G,45.08 G,0.00 B,60.00 B
2019-06-09 11:56:35,3.04 G,45.08 G,0.00 B,0.00 B
2019-06-09 11:56:37,3.04 G,45.08 G,1.83 K,2.11 K
2019-06-09 11:56:39,3.04 G,45.08 G,0.00 B,0.00 B
2019-06-09 11:56:41,3.04 G,45.08 G,0.00 B,0.00 B
2019-06-09 11:56:43,3.04 G,45.08 G,0.00 B,0.00 B
2019-06-09 11:56:45,3.04 G,45.08 G,0.00 B,0.00 B
2019-06-09 11:56:47,3.04 G,45.08 G,0.00 B,0.00 B
2019-06-09 11:56:49,3.04 G,45.08 G,0.00 B,0.00 B
2019-06-09 11:56:51,3.04 G,45.08 G,0.00 B,0.00 B
2019-06-09 11:56:53,3.04 G,45.08 G,0.00 B,0.00 B
2019-06-09 11:56:55,3.04 G,45.08 G,0.00 B,0.00 B
2019-06-09 11:56:57,3.04 G,45.08 G,0.00 B,0.00 B
2019-06-09 11:56:59,3.04 G,45.08 G,0.00 B,720.00 B
2019-06-09 11:57:01,3.04 G,45.08 G,204.00 B,138.00 B
2019-06-09 11:57:03,3.04 G,45.08 G,73.00 B,133.00 B
2019-06-09 11:57:05,3.04 G,45.08 G,0.00 B,0.00 B
2019-06-09 11:57:07,3.04 G,45.08 G,2.09 K,1.95 K
2019-06-09 11:57:09,3.04 G,45.08 G,193.00 B,345.00 B
2019-06-09 11:57:11,3.04 G,45.08 G,0.00 B,0.00 B
2019-06-09 11:57:14,3.04 G,45.08 G,0.00 B,60.00 B
2019-06-09 11:57:16,3.04 G,45.08 G,0.00 B,60.00 B
2019-06-09 11:57:18,3.04 G,45.08 G,0.00 B,0.00 B
2019-06-09 11:57:20,3.04 G,45.08 G,0.00 B,0.00 B
2019-06-09 11:57:22,3.04 G,45.08 G,0.00 B,0.00 B
2019-06-09 11:57:24,3.04 G,45.08 G,0.00 B,0.00 B
2019-06-09 11:57:26,3.04 G,45.08 G,0.00 B,0.00 B
2019-06-09 11:57:28,3.04 G,45.08 G,0.00 B,0.00 B
2019-06-09 11:57:30,3.04 G,45.08 G,0.00 B,0.00 B
2019-06-09 11:57:32,3.04 G,45.08 G,0.00 B,0.00 B
2019-06-09 11:57:34,3.04 G,45.08 G,0.00 B,0.00 B
2019-06-09 11:57:36,3.04 G,45.08 G,42.00 B,60.00 B
2019-06-09 11:57:38,3.04 G,45.08 G,0.00 B,0.00 B
2019-06-09 11:57:40,3.04 G,45.08 G,0.00 B,0.00 B
2019-06-09 11:57:42,3.04 G,45.08 G,0.00 B,0.00 B
2019-06-09 11:57:44,3.04 G,45.08 G,0.00 B,0.00 B
2019-06-09 11:57:46,3.04 G,45.08 G,0.00 B,0.00 B
2019-06-09 11:57:48,3.04 G,45.08 G,0.00 B,0.00 B
2019-06-09 11:57:50,3.04 G,45.08 G,0.00 B,0.00 B
2019-06-09 11:57:52,3.04 G,45.08 G,0.00 B,0.00 B
2019-06-09 11:57:54,3.04 G,45.08 G,1.83 K,1.54 K
2019-06-09 11:57:56,3.04 G,45.08 G,0.00 B,0.00 B
2019-06-09 11:57:58,3.04 G,45.08 G,0.00 B,0.00 B
2019-06-09 11:58:00,3.04 G,45.08 G,0.00 B,720.00 B
2019-06-09 11:58:02,3.04 G,45.08 G,0.00 B,0.00 B
2019-06-09 11:58:04,3.04 G,45.08 G,0.00 B,0.00 B
2019-06-09 11:58:06,3.04 G,45.08 G,0.00 B,0.00 B
2019-06-09 11:58:09,3.04 G,45.08 G,0.00 B,0.00 B
2019-06-09 11:58:11,3.04 G,45.08 G,0.00 B,0.00 B
2019-06-09 11:58:13,3.04 G,45.08 G,0.00 B,0.00 B
2019-06-09 11:58:15,3.04 G,45.08 G,0.00 B,0.00 B
2019-06-09 11:58:17,3.04 G,45.08 G,0.00 B,0.00 B
2019-06-09 11:58:19,3.04 G,45.08 G,0.00 B,0.00 B
2019-06-09 11:58:21,3.04 G,45.08 G,2.99 K,7.87 K
2019-06-09 11:58:23,3.04 G,45.08 G,0.00 B,0.00 B
2019-06-09 11:58:25,3.04 G,45.08 G,0.00 B,0.00 B
2019-06-09 11:58:27,3.04 G,45.08 G,0.00 B,0.00 B
2019-06-09 11:58:29,3.04 G,45.08 G,0.00 B,0.00 B
2019-06-09 11:58:31,3.04 G,45.08 G,0.00 B,0.00 B
2019-06-09 11:58:33,3.04 G,45.08 G,0.00 B,0.00 B
2019-06-09 11:58:35,3.04 G,45.08 G,0.00 B,0.00 B
2019-06-09 11:58:37,3.04 G,45.08 G,42.00 B,60.00 B
2019-06-09 11:58:39,3.04 G,45.08 G,0.00 B,0.00 B
2019-06-09 11:58:41,3.04 G,45.08 G,0.00 B,0.00 B
2019-06-09 11:58:43,3.04 G,45.08 G,0.00 B,60.00 B
2019-06-09 11:58:45,3.04 G,45.08 G,0.00 B,0.00 B
2019-06-09 11:58:47,3.04 G,45.08 G,0.00 B,0.00 B
2019-06-09 11:58:49,3.04 G,45.08 G,0.00 B,0.00 B
2019-06-09 11:58:51,3.04 G,45.08 G,0.00 B,0.00 B
2019-06-09 11:58:53,3.04 G,45.08 G,0.00 B,0.00 B
2019-06-09 11:58:55,3.04 G,45.08 G,0.00 B,0.00 B
2019-06-09 11:58:57,3.04 G,45.08 G,0.00 B,0.00 B
2019-06-09 11:58:59,3.04 G,45.08 G,0.00 B,0.00 B
2019-06-09 11:59:01,3.04 G,45.08 G,0.00 B,0.00 B
2019-06-09 11:59:03,3.04 G,45.08 G,0.00 B,0.00 B
2019-06-09 11:59:05,3.04 G,45.08 G,42.00 B,60.00 B
2019-06-09 11:59:07,3.04 G,45.08 G,2.99 K,7.16 K
2019-06-09 11:59:09,3.04 G,45.08 G,84.00 B,120.00 B
2019-06-09 11:59:11,3.04 G,45.08 G,0.00 B,0.00 B
2019-06-09 11:59:13,3.04 G,45.08 G,0.00 B,0.00 B
2019-06-09 11:59:15,3.04 G,45.08 G,0.00 B,60.00 B
2019-06-09 11:59:17,3.04 G,45.08 G,0.00 B,0.00 B
2019-06-09 11:59:19,3.04 G,45.08 G,0.00 B,0.00 B
2019-06-09 11:59:21,3.04 G,45.08 G,0.00 B,0.00 B
2019-06-09 11:59:23,3.04 G,45.08 G,3.13 K,8.43 K
2019-06-09 11:59:25,3.04 G,45.08 G,0.00 B,0.00 B
2019-06-09 11:59:27,3.04 G,45.08 G,0.00 B,0.00 B
2019-06-09 11:59:29,3.04 G,45.08 G,0.00 B,0.00 B
2019-06-09 11:59:31,3.04 G,45.08 G,0.00 B,0.00 B
2019-06-09 11:59:33,3.04 G,45.08 G,0.00 B,60.00 B
2019-06-09 11:59:35,3.04 G,45.08 G,0.00 B,0.00 B
2019-06-09 11:59:37,3.04 G,45.08 G,42.00 B,60.00 B
2019-06-09 11:59:39,3.04 G,45.08 G,2.79 K,5.97 K
2019-06-09 11:59:41,3.04 G,45.08 G,0.00 B,0.00 B
2019-06-09 11:59:43,3.04 G,45.08 G,0.00 B,0.00 B
2019-06-09 11:59:45,3.04 G,45.08 G,0.00 B,0.00 B
2019-06-09 11:59:47,3.04 G,45.08 G,0.00 B,0.00 B
2019-06-09 11:59:49,3.04 G,45.08 G,0.00 B,0.00 B
2019-06-09 11:59:51,3.04 G,45.08 G,0.00 B,60.00 B
2019-06-09 11:59:53,3.04 G,45.08 G,792.00 B,4.09 K
2019-06-09 11:59:56,3.04 G,45.08 G,0.00 B,0.00 B
2019-06-09 11:59:58,3.04 G,45.08 G,0.00 B,0.00 B
2019-06-09 12:00:00,3.04 G,45.08 G,0.00 B,720.00 B
2019-06-09 12:00:02,3.04 G,45.08 G,0.00 B,0.00 B
2019-06-09 12:00:04,3.04 G,45.08 G,0.00 B,0.00 B
2019-06-09 12:00:06,3.04 G,45.08 G,204.00 B,198.00 B
2019-06-09 12:00:08,3.04 G,45.08 G,0.00 B,0.00 B
2019-06-09 12:00:10,3.04 G,45.08 G,0.00 B,0.00 B
2019-06-09 12:00:12,3.04 G,45.08 G,0.00 B,60.00 B
2019-06-09 12:00:14,3.04 G,45.08 G,0.00 B,0.00 B
2019-06-09 12:00:16,3.04 G,45.08 G,0.00 B,60.00 B
2019-06-09 12:00:18,3.04 G,45.08 G,0.00 B,0.00 B
2019-06-09 12:00:20,3.04 G,45.08 G,0.00 B,0.00 B
2019-06-09 12:00:22,3.04 G,45.08 G,0.00 B,1.35 K
2019-06-09 12:00:24,3.04 G,45.08 G,0.00 B,0.00 B
2019-06-09 12:00:26,3.04 G,45.08 G,0.00 B,0.00 B
2019-06-09 12:00:28,3.04 G,45.08 G,0.00 B,0.00 B
2019-06-09 12:00:30,3.04 G,45.08 G,0.00 B,0.00 B
2019-06-09 12:00:32,3.04 G,45.08 G,0.00 B,0.00 B
2019-06-09 12:00:34,3.04 G,45.08 G,0.00 B,0.00 B
2019-06-09 12:00:36,3.04 G,45.08 G,0.00 B,0.00 B
2019-06-09 12:00:38,3.04 G,45.08 G,0.00 B,0.00 B
2019-06-09 12:00:40,3.04 G,45.08 G,42.00 B,60.00 B
2019-06-09 12:00:42,3.04 G,45.08 G,0.00 B,0.00 B
2019-06-09 12:00:44,3.04 G,45.08 G,0.00 B,0.00 B
2019-06-09 12:00:46,3.04 G,45.08 G,0.00 B,0.00 B
2019-06-09 12:00:48,3.04 G,45.08 G,0.00 B,0.00 B
2019-06-09 12:00:50,3.04 G,45.08 G,0.00 B,0.00 B
2019-06-09 12:00:52,3.04 G,45.08 G,0.00 B,60.00 B
2019-06-09 12:00:54,3.04 G,45.08 G,2.99 K,7.50 K
2019-06-09 12:00:56,3.04 G,45.08 G,0.00 B,0.00 B
2019-06-09 12:00:58,3.04 G,45.08 G,0.00 B,0.00 B
2019-06-09 12:01:00,3.04 G,45.08 G,0.00 B,720.00 B
2019-06-09 12:01:02,3.04 G,45.08 G,0.00 B,0.00 B
2019-06-09 12:01:04,3.04 G,45.08 G,0.00 B,60.00 B
2019-06-09 12:01:06,3.04 G,45.08 G,0.00 B,60.00 B
2019-06-09 12:01:08,3.04 G,45.08 G,42.00 B,60.00 B
2019-06-09 12:01:10,3.04 G,45.08 G,3.07 K,8.42 K
2019-06-09 12:01:12,3.04 G,45.08 G,84.00 B,180.00 B
2019-06-09 12:01:14,3.04 G,45.08 G,0.00 B,0.00 B
2019-06-09 12:01:16,3.04 G,45.08 G,0.00 B,60.00 B
2019-06-09 12:01:18,3.04 G,45.08 G,0.00 B,0.00 B
2019-06-09 12:01:20,3.04 G,45.08 G,0.00 B,0.00 B
2019-06-09 12:01:22,3.04 G,45.08 G,0.00 B,0.00 B
2019-06-09 12:01:24,3.04 G,45.08 G,0.00 B,0.00 B
2019-06-09 12:01:26,3.04 G,45.08 G,2.86 K,6.09 K
2019-06-09 12:01:28,3.04 G,45.08 G,0.00 B,0.00 B
2019-06-09 12:01:30,3.04 G,45.08 G,0.00 B,0.00 B
2019-06-09 12:01:32,3.04 G,45.08 G,0.00 B,60.00 B
2019-06-09 12:01:34,3.04 G,45.08 G,0.00 B,0.00 B
2019-06-09 12:01:36,3.04 G,45.08 G,0.00 B,0.00 B
2019-06-09 12:01:38,3.04 G,45.08 G,0.00 B,0.00 B
2019-06-09 12:01:40,3.04 G,45.08 G,1.03 K,5.02 K
2019-06-09 12:01:42,3.04 G,45.08 G,42.00 B,120.00 B
2019-06-09 12:01:44,3.04 G,45.08 G,0.00 B,0.00 B
2019-06-09 12:01:46,3.04 G,45.08 G,0.00 B,0.00 B
2019-06-09 12:01:48,3.04 G,45.08 G,0.00 B,0.00 B
2019-06-09 12:01:50,3.04 G,45.08 G,0.00 B,0.00 B
2019-06-09 12:01:52,3.04 G,45.08 G,0.00 B,0.00 B
2019-06-09 12:01:54,3.04 G,45.08 G,2.14 K,2.38 K
2019-06-09 12:01:56,3.04 G,45.08 G,0.00 B,0.00 B
2019-06-09 12:01:58,3.04 G,45.08 G,0.00 B,60.00 B
2019-06-09 12:02:00,3.04 G,45.08 G,0.00 B,720.00 B
2019-06-09 12:02:02,3.04 G,45.08 G,0.00 B,0.00 B
2019-06-09 12:02:04,3.04 G,45.08 G,0.00 B,0.00 B
2019-06-09 12:02:06,3.04 G,45.08 G,0.00 B,0.00 B
2019-06-09 12:02:08,3.04 G,45.08 G,204.00 B,138.00 B
2019-06-09 12:02:10,3.04 G,45.08 G,247.00 B,345.00 B
2019-06-09 12:02:12,3.04 G,45.08 G,0.00 B,0.00 B
2019-06-09 12:02:14,3.04 G,45.08 G,0.00 B,60.00 B
2019-06-09 12:02:16,3.04 G,45.08 G,0.00 B,60.00 B
2019-06-09 12:02:18,3.04 G,45.08 G,0.00 B,0.00 B
2019-06-09 12:02:20,3.04 G,45.08 G,0.00 B,0.00 B
2019-06-09 12:02:22,3.04 G,45.08 G,0.00 B,0.00 B
2019-06-09 12:02:24,3.04 G,45.08 G,792.00 B,3.62 K
2019-06-09 12:02:26,3.04 G,45.08 G,0.00 B,0.00 B
2019-06-09 12:02:28,3.04 G,45.08 G,0.00 B,0.00 B
2019-06-09 12:02:30,3.04 G,45.08 G,0.00 B,0.00 B
2019-06-09 12:02:33,3.04 G,45.08 G,0.00 B,0.00 B
2019-06-09 12:02:35,3.04 G,45.08 G,1.85 K,2.12 K
2019-06-09 12:02:37,3.04 G,45.08 G,0.00 B,0.00 B
2019-06-09 12:02:39,3.04 G,45.08 G,0.00 B,0.00 B
2019-06-09 12:02:41,3.04 G,45.08 G,0.00 B,0.00 B
2019-06-09 12:02:43,3.04 G,45.08 G,0.00 B,0.00 B
2019-06-09 12:02:45,3.04 G,45.08 G,0.00 B,0.00 B
2019-06-09 12:02:47,3.04 G,45.08 G,1.85 K,1.53 K
2019-06-09 12:02:49,3.04 G,45.08 G,0.00 B,0.00 B
2019-06-09 12:02:51,3.04 G,45.08 G,0.00 B,0.00 B
2019-06-09 12:02:53,3.04 G,45.08 G,0.00 B,0.00 B
2019-06-09 12:02:55,3.04 G,45.08 G,0.00 B,0.00 B
2019-06-09 12:02:57,3.04 G,45.08 G,0.00 B,60.00 B
2019-06-09 12:02:59,3.04 G,45.08 G,0.00 B,120.00 B
2019-06-09 12:03:01,3.04 G,45.08 G,1.93 K,1.76 K
2019-06-09 12:03:03,3.04 G,45.08 G,0.00 B,0.00 B
2019-06-09 12:03:05,3.04 G,45.08 G,0.00 B,60.00 B
2019-06-09 12:03:07,3.04 G,45.08 G,0.00 B,0.00 B
2019-06-09 12:03:09,3.04 G,45.08 G,0.00 B,0.00 B
2019-06-09 12:03:11,3.04 G,45.08 G,0.00 B,0.00 B
2019-06-09 12:03:13,3.04 G,45.08 G,0.00 B,0.00 B
2019-06-09 12:03:15,3.04 G,45.08 G,84.00 B,120.00 B
2019-06-09 12:03:17,3.04 G,45.08 G,0.00 B,0.00 B
2019-06-09 12:03:19,3.04 G,45.08 G,0.00 B,0.00 B
2019-06-09 12:03:21,3.04 G,45.08 G,0.00 B,0.00 B
2019-06-09 12:03:23,3.04 G,45.08 G,0.00 B,0.00 B
2019-06-09 12:03:25,3.04 G,45.08 G,0.00 B,0.00 B
2019-06-09 12:03:27,3.04 G,45.08 G,0.00 B,0.00 B
2019-06-09 12:03:29,3.04 G,45.08 G,0.00 B,60.00 B
2019-06-09 12:03:31,3.04 G,45.08 G,1.93 K,1.83 K
2019-06-09 12:03:33,3.04 G,45.08 G,0.00 B,0.00 B
2019-06-09 12:03:35,3.04 G,45.08 G,0.00 B,0.00 B
2019-06-09 12:03:37,3.04 G,45.08 G,0.00 B,0.00 B
2019-06-09 12:03:39,3.04 G,45.08 G,0.00 B,0.00 B
2019-06-09 12:03:41,3.04 G,45.08 G,0.00 B,0.00 B
2019-06-09 12:03:43,3.04 G,45.08 G,0.00 B,0.00 B
2019-06-09 12:03:45,3.04 G,45.08 G,42.00 B,60.00 B
2019-06-09 12:03:47,3.04 G,45.08 G,0.00 B,0.00 B
2019-06-09 12:03:49,3.04 G,45.08 G,0.00 B,0.00 B
2019-06-09 12:03:51,3.04 G,45.08 G,0.00 B,0.00 B
2019-06-09 12:03:53,3.04 G,45.08 G,0.00 B,0.00 B
2019-06-09 12:03:55,3.04 G,45.08 G,0.00 B,0.00 B
2019-06-09 12:03:57,3.04 G,45.08 G,0.00 B,0.00 B
2019-06-09 12:03:59,3.04 G,45.08 G,0.00 B,0.00 B
2019-06-09 12:04:02,3.04 G,45.08 G,0.00 B,0.00 B
2019-06-09 12:04:04,3.04 G,45.08 G,0.00 B,0.00 B
2019-06-09 12:04:06,3.04 G,45.08 G,0.00 B,0.00 B
2019-06-09 12:04:08,3.04 G,45.08 G,0.00 B,0.00 B
2019-06-09 12:04:10,3.04 G,45.08 G,0.00 B,0.00 B
2019-06-09 12:04:12,3.04 G,45.08 G,0.00 B,0.00 B
2019-06-09 12:04:14,3.04 G,45.08 G,42.00 B,60.00 B
2019-06-09 12:04:16,3.04 G,45.08 G,84.00 B,180.00 B
2019-06-09 12:04:18,3.04 G,45.08 G,0.00 B,60.00 B
2019-06-09 12:04:20,3.04 G,45.08 G,0.00 B,0.00 B
2019-06-09 12:04:22,3.04 G,45.08 G,0.00 B,0.00 B
2019-06-09 12:04:24,3.04 G,45.08 G,0.00 B,0.00 B
2019-06-09 12:04:26,3.04 G,45.08 G,0.00 B,0.00 B
2019-06-09 12:04:28,3.04 G,45.08 G,0.00 B,0.00 B
2019-06-09 12:04:30,3.04 G,45.08 G,0.00 B,0.00 B
2019-06-09 12:04:32,3.04 G,45.08 G,0.00 B,0.00 B
2019-06-09 12:04:34,3.04 G,45.08 G,0.00 B,0.00 B
2019-06-09 12:04:36,3.04 G,45.08 G,0.00 B,0.00 B
2019-06-09 12:04:38,3.04 G,45.08 G,0.00 B,0.00 B
2019-06-09 12:04:40,3.04 G,45.08 G,0.00 B,0.00 B
2019-06-09 12:04:42,3.04 G,45.08 G,0.00 B,0.00 B
2019-06-09 12:04:44,3.04 G,45.08 G,0.00 B,0.00 B
2019-06-09 12:04:46,3.04 G,45.08 G,0.00 B,0.00 B
2019-06-09 12:04:48,3.04 G,45.08 G,0.00 B,0.00 B
2019-06-09 12:04:50,3.04 G,45.08 G,0.00 B,0.00 B
2019-06-09 12:04:52,3.04 G,45.08 G,1.85 K,1.53 K
2019-06-09 12:04:54,3.04 G,45.08 G,0.00 B,0.00 B
2019-06-09 12:04:56,3.04 G,45.08 G,0.00 B,0.00 B
2019-06-09 12:04:58,3.04 G,45.08 G,0.00 B,60.00 B
2019-06-09 12:05:00,3.04 G,45.08 G,0.00 B,780.00 B
2019-06-09 12:05:02,3.04 G,45.08 G,0.00 B,0.00 B
2019-06-09 12:05:04,3.04 G,45.08 G,0.00 B,0.00 B
2019-06-09 12:05:06,3.04 G,45.08 G,0.00 B,0.00 B
2019-06-09 12:05:08,3.04 G,45.08 G,0.00 B,0.00 B
2019-06-09 12:05:10,3.04 G,45.08 G,0.00 B,0.00 B
2019-06-09 12:05:12,3.04 G,45.08 G,204.00 B,138.00 B
2019-06-09 12:05:14,3.04 G,45.08 G,42.00 B,60.00 B
2019-06-09 12:05:16,3.04 G,45.08 G,0.00 B,0.00 B
2019-06-09 12:05:18,3.04 G,45.08 G,0.00 B,0.00 B
2019-06-09 12:05:20,3.04 G,45.08 G,0.00 B,0.00 B
2019-06-09 12:05:22,3.04 G,45.08 G,1.85 K,1.53 K
2019-06-09 12:05:24,3.04 G,45.08 G,0.00 B,0.00 B
2019-06-09 12:05:26,3.04 G,45.08 G,0.00 B,0.00 B
2019-06-09 12:05:28,3.04 G,45.08 G,0.00 B,0.00 B
2019-06-09 12:05:31,3.04 G,45.08 G,0.00 B,0.00 B
2019-06-09 12:05:33,3.04 G,45.08 G,0.00 B,0.00 B
2019-06-09 12:05:35,3.04 G,45.08 G,0.00 B,0.00 B
2019-06-09 12:05:37,3.04 G,45.08 G,462.00 B,891.00 B
2019-06-09 12:05:39,3.04 G,45.08 G,0.00 B,0.00 B
2019-06-09 12:05:41,3.04 G,45.08 G,0.00 B,0.00 B
2019-06-09 12:05:43,3.04 G,45.08 G,42.00 B,60.00 B
2019-06-09 12:05:45,3.04 G,45.08 G,0.00 B,120.00 B
2019-06-09 12:05:47,3.04 G,45.08 G,0.00 B,0.00 B
2019-06-09 12:05:49,3.04 G,45.08 G,0.00 B,0.00 B
2019-06-09 12:05:51,3.04 G,45.08 G,0.00 B,60.00 B
2019-06-09 12:05:53,3.04 G,45.08 G,0.00 B,120.00 B
2019-06-09 12:05:55,3.04 G,45.08 G,0.00 B,0.00 B
2019-06-09 12:05:57,3.04 G,45.08 G,0.00 B,0.00 B
2019-06-09 12:05:59,3.04 G,45.08 G,0.00 B,0.00 B
2019-06-09 12:06:01,3.04 G,45.08 G,0.00 B,0.00 B
2019-06-09 12:06:03,3.04 G,45.08 G,0.00 B,0.00 B
2019-06-09 12:06:05,3.04 G,45.08 G,0.00 B,0.00 B
2019-06-09 12:06:07,3.04 G,45.08 G,0.00 B,0.00 B
2019-06-09 12:06:09,3.04 G,45.08 G,0.00 B,0.00 B
2019-06-09 12:06:11,3.04 G,45.08 G,0.00 B,0.00 B
2019-06-09 12:06:13,3.04 G,45.08 G,0.00 B,0.00 B
2019-06-09 12:06:15,3.04 G,45.08 G,1.93 K,1.76 K
2019-06-09 12:06:17,3.04 G,45.08 G,0.00 B,0.00 B
2019-06-09 12:06:19,3.04 G,45.08 G,84.00 B,120.00 B
2019-06-09 12:06:21,3.04 G,45.08 G,0.00 B,0.00 B
2019-06-09 12:06:23,3.04 G,45.08 G,0.00 B,0.00 B
2019-06-09 12:06:25,3.04 G,45.08 G,0.00 B,60.00 B
2019-06-09 12:06:27,3.04 G,45.08 G,0.00 B,0.00 B
2019-06-09 12:06:29,3.04 G,45.08 G,0.00 B,0.00 B
2019-06-09 12:06:31,3.04 G,45.08 G,0.00 B,0.00 B
2019-06-09 12:06:33,3.04 G,45.08 G,0.00 B,0.00 B
2019-06-09 12:06:35,3.04 G,45.08 G,0.00 B,0.00 B
2019-06-09 12:06:37,3.04 G,45.08 G,0.00 B,0.00 B
2019-06-09 12:06:39,3.04 G,45.08 G,0.00 B,0.00 B
2019-06-09 12:06:41,3.04 G,45.08 G,0.00 B,0.00 B
2019-06-09 12:06:43,3.04 G,45.08 G,0.00 B,0.00 B
2019-06-09 12:06:45,3.04 G,45.08 G,1.93 K,1.77 K
2019-06-09 12:06:47,3.04 G,45.08 G,0.00 B,0.00 B
2019-06-09 12:06:49,3.04 G,45.08 G,42.00 B,60.00 B
2019-06-09 12:06:51,3.04 G,45.08 G,0.00 B,0.00 B
2019-06-09 12:06:53,3.04 G,45.08 G,0.00 B,0.00 B
2019-06-09 12:06:55,3.04 G,45.08 G,0.00 B,0.00 B
2019-06-09 12:06:57,3.04 G,45.08 G,0.00 B,0.00 B
2019-06-09 12:06:59,3.04 G,45.08 G,0.00 B,0.00 B
2019-06-09 12:07:01,3.04 G,45.08 G,0.00 B,0.00 B
2019-06-09 12:07:03,3.04 G,45.08 G,0.00 B,0.00 B
2019-06-09 12:07:05,3.04 G,45.08 G,0.00 B,0.00 B
2019-06-09 12:07:07,3.04 G,45.08 G,0.00 B,0.00 B
2019-06-09 12:07:09,3.04 G,45.08 G,0.00 B,0.00 B
2019-06-09 12:07:11,3.04 G,45.08 G,300.00 B,159.00 B
2019-06-09 12:07:13,3.04 G,45.08 G,655.00 B,1.21 K
2019-06-09 12:07:15,3.04 G,45.08 G,204.00 B,198.00 B
2019-06-09 12:07:17,3.04 G,45.08 G,0.00 B,0.00 B
2019-06-09 12:07:19,3.04 G,45.08 G,0.00 B,0.00 B
2019-06-09 12:07:21,3.04 G,45.08 G,0.00 B,0.00 B
2019-06-09 12:07:23,3.04 G,45.08 G,0.00 B,0.00 B
2019-06-09 12:07:25,3.04 G,45.08 G,0.00 B,0.00 B
2019-06-09 12:07:27,3.04 G,45.08 G,0.00 B,0.00 B
2019-06-09 12:07:29,3.04 G,45.08 G,0.00 B,0.00 B
2019-06-09 12:07:31,3.04 G,45.08 G,0.00 B,0.00 B
2019-06-09 12:07:33,3.04 G,45.08 G,528.00 B,2.00 K
2019-06-09 12:07:35,3.04 G,45.08 G,0.00 B,0.00 B
2019-06-09 12:07:37,3.04 G,45.08 G,0.00 B,0.00 B
2019-06-09 12:07:39,3.04 G,45.08 G,0.00 B,0.00 B
2019-06-09 12:07:41,3.04 G,45.08 G,4.62 K,137.02 K
2019-06-09 12:07:43,3.04 G,45.08 G,0.00 B,0.00 B
2019-06-09 12:07:45,3.04 G,45.08 G,0.00 B,0.00 B
2019-06-09 12:07:47,3.04 G,45.08 G,0.00 B,0.00 B
2019-06-09 12:07:49,3.04 G,45.08 G,42.00 B,60.00 B
2019-06-09 12:07:51,3.04 G,45.08 G,0.00 B,0.00 B
2019-06-09 12:07:53,3.04 G,45.08 G,0.00 B,60.00 B
2019-06-09 12:07:55,3.04 G,45.08 G,0.00 B,0.00 B
2019-06-09 12:07:57,3.04 G,45.08 G,0.00 B,0.00 B
2019-06-09 12:08:00,3.04 G,45.08 G,0.00 B,0.00 B
2019-06-09 12:08:02,3.04 G,45.08 G,0.00 B,0.00 B
2019-06-09 12:08:04,3.04 G,45.08 G,0.00 B,0.00 B
2019-06-09 12:08:07,3.04 G,45.08 G,0.00 B,0.00 B
2019-06-09 12:08:09,3.04 G,45.08 G,0.00 B,0.00 B
2019-06-09 12:08:11,3.04 G,45.08 G,0.00 B,0.00 B
2019-06-09 12:08:13,3.04 G,45.08 G,0.00 B,0.00 B
2019-06-09 12:08:15,3.04 G,45.08 G,0.00 B,0.00 B
2019-06-09 12:08:17,3.04 G,45.08 G,204.00 B,138.00 B
2019-06-09 12:08:19,3.04 G,45.08 G,0.00 B,0.00 B
2019-06-09 12:08:21,3.04 G,45.08 G,0.00 B,0.00 B
2019-06-09 12:08:23,3.04 G,45.08 G,0.00 B,0.00 B
2019-06-09 12:08:25,3.04 G,45.08 G,0.00 B,0.00 B
2019-06-09 12:08:27,3.04 G,45.08 G,0.00 B,60.00 B
2019-06-09 12:08:30,3.04 G,45.08 G,0.00 B,0.00 B
2019-06-09 12:08:32,3.04 G,45.08 G,0.00 B,0.00 B
2019-06-09 12:08:34,3.04 G,45.08 G,0.00 B,0.00 B
2019-06-09 12:08:36,3.04 G,45.08 G,0.00 B,0.00 B
2019-06-09 12:08:38,3.04 G,45.08 G,0.00 B,0.00 B
2019-06-09 12:08:41,3.04 G,45.08 G,0.00 B,0.00 B
2019-06-09 12:08:43,3.04 G,45.08 G,462.00 B,1.29 K
