2019-06-23 02:44:08,150.8,161.98 M
2019-06-23 02:44:10,0.0,161.98 M
2019-06-23 02:44:12,0.0,161.98 M
2019-06-23 02:44:14,0.0,161.98 M
2019-06-23 02:44:16,0.0,161.98 M
2019-06-23 02:44:18,0.0,161.98 M
2019-06-23 02:44:20,0.0,161.98 M
2019-06-23 02:44:22,0.0,161.98 M
2019-06-23 02:44:24,0.0,161.98 M
2019-06-23 02:44:26,0.0,161.98 M
2019-06-23 02:44:28,0.0,161.98 M
2019-06-23 02:44:30,0.0,161.98 M
2019-06-23 02:44:32,0.0,161.98 M
2019-06-23 02:44:34,0.0,161.98 M
2019-06-23 02:44:36,0.0,161.98 M
2019-06-23 02:44:38,0.0,161.98 M
2019-06-23 02:44:40,0.0,161.98 M
2019-06-23 02:44:42,0.0,161.98 M
2019-06-23 02:44:44,0.0,161.98 M
2019-06-23 02:44:46,0.0,161.98 M
2019-06-23 02:44:48,0.0,161.98 M
2019-06-23 02:44:50,0.0,161.98 M
2019-06-23 02:44:52,0.0,161.98 M
2019-06-23 02:44:54,0.0,163.32 M
2019-06-23 02:44:56,0.0,163.35 M
2019-06-23 02:44:58,0.0,163.35 M
2019-06-23 02:45:00,0.0,163.37 M
2019-06-23 02:45:02,0.0,163.37 M
2019-06-23 02:45:04,0.0,163.37 M
2019-06-23 02:45:06,0.0,163.42 M
2019-06-23 02:45:08,0.0,163.42 M
2019-06-23 02:45:10,0.0,163.42 M
2019-06-23 02:45:12,0.0,163.42 M
2019-06-23 02:45:14,0.0,163.43 M
2019-06-23 02:45:16,0.0,163.43 M
2019-06-23 02:45:18,0.0,163.43 M
2019-06-23 02:45:20,9.0,164.58 M
2019-06-23 02:45:22,0.0,164.58 M
2019-06-23 02:45:24,0.0,164.58 M
2019-06-23 02:45:26,0.0,164.59 M
2019-06-23 02:45:28,0.0,164.59 M
2019-06-23 02:45:30,0.0,164.59 M
2019-06-23 02:45:32,0.0,164.61 M
2019-06-23 02:45:34,0.0,164.61 M
2019-06-23 02:45:36,0.0,164.61 M
2019-06-23 02:45:38,0.0,164.61 M
2019-06-23 02:45:40,0.0,164.61 M
2019-06-23 02:45:42,0.0,164.61 M
2019-06-23 02:45:44,0.0,164.68 M
2019-06-23 02:45:46,1.0,164.68 M
2019-06-23 02:45:48,0.0,164.68 M
2019-06-23 02:45:50,0.0,164.75 M
2019-06-23 02:45:52,0.0,164.75 M
2019-06-23 02:45:54,0.0,164.75 M
2019-06-23 02:45:56,0.0,164.75 M
2019-06-23 02:45:58,0.0,164.75 M
2019-06-23 02:46:00,0.0,164.75 M
2019-06-23 02:46:02,0.0,164.75 M
2019-06-23 02:46:04,5.0,164.95 M
2019-06-23 02:46:06,0.0,164.95 M
2019-06-23 02:46:08,0.0,164.95 M
2019-06-23 02:46:10,0.0,164.95 M
2019-06-23 02:46:12,0.0,164.95 M
2019-06-23 02:46:14,0.0,164.95 M
2019-06-23 02:46:16,0.0,164.97 M
2019-06-23 02:46:18,0.0,164.97 M
2019-06-23 02:46:20,0.0,164.97 M
2019-06-23 02:46:22,0.0,164.97 M
2019-06-23 02:46:24,0.0,164.97 M
2019-06-23 02:46:26,1.0,164.97 M
2019-06-23 02:46:28,0.0,165.21 M
2019-06-23 02:46:30,0.0,165.21 M
2019-06-23 02:46:32,0.0,165.21 M
2019-06-23 02:46:34,0.0,165.21 M
2019-06-23 02:46:36,0.0,165.21 M
2019-06-23 02:46:38,0.0,165.21 M
2019-06-23 02:46:40,0.0,165.22 M
2019-06-23 02:46:42,0.0,165.22 M
2019-06-23 02:46:44,0.0,165.22 M
2019-06-23 02:46:46,0.0,165.22 M
2019-06-23 02:46:48,0.0,165.27 M
2019-06-23 02:46:50,0.0,165.30 M
2019-06-23 02:46:52,0.0,165.30 M
2019-06-23 02:46:54,0.0,165.34 M
2019-06-23 02:46:56,0.0,165.34 M
2019-06-23 02:46:58,0.0,165.34 M
2019-06-23 02:47:00,0.0,165.39 M
2019-06-23 02:47:02,0.0,165.39 M
2019-06-23 02:47:04,0.0,165.39 M
2019-06-23 02:47:06,0.0,165.39 M
2019-06-23 02:47:08,0.0,165.39 M
2019-06-23 02:47:10,0.0,165.45 M
2019-06-23 02:47:12,0.0,165.45 M
2019-06-23 02:47:14,0.0,165.49 M
2019-06-23 02:47:16,0.0,165.49 M
2019-06-23 02:47:18,0.0,165.49 M
2019-06-23 02:47:20,0.0,165.55 M
2019-06-23 02:47:22,0.0,165.55 M
2019-06-23 02:47:24,0.0,165.55 M
2019-06-23 02:47:26,0.0,165.56 M
2019-06-23 02:47:29,7.0,167.25 M
2019-06-23 02:47:31,0.0,167.25 M
2019-06-23 02:47:33,0.0,167.25 M
2019-06-23 02:47:35,0.0,167.25 M
2019-06-23 02:47:37,0.0,167.25 M
2019-06-23 02:47:39,0.0,167.25 M
2019-06-23 02:47:41,1.0,167.36 M
2019-06-23 02:47:43,0.0,167.36 M
2019-06-23 02:47:45,0.0,167.36 M
2019-06-23 02:47:47,0.0,167.36 M
2019-06-23 02:47:49,0.0,167.42 M
2019-06-23 02:47:51,0.0,167.91 M
2019-06-23 02:47:53,0.0,167.96 M
2019-06-23 02:47:55,0.0,167.96 M
2019-06-23 02:47:57,0.0,167.99 M
2019-06-23 02:47:59,0.0,167.99 M
2019-06-23 02:48:01,1.0,167.99 M
2019-06-23 02:48:03,0.0,168.04 M
2019-06-23 02:48:05,0.0,168.04 M
2019-06-23 02:48:07,0.0,168.04 M
2019-06-23 02:48:09,0.0,168.04 M
2019-06-23 02:48:11,7.0,169.10 M
2019-06-23 02:48:13,0.0,169.16 M
2019-06-23 02:48:15,0.0,169.16 M
2019-06-23 02:48:17,0.0,169.19 M
2019-06-23 02:48:19,0.0,169.19 M
2019-06-23 02:48:21,0.0,169.19 M
2019-06-23 02:48:23,0.0,169.23 M
2019-06-23 02:48:25,0.0,169.23 M
2019-06-23 02:48:27,0.0,169.23 M
2019-06-23 02:48:29,0.0,169.23 M
2019-06-23 02:48:31,0.0,170.17 M
2019-06-23 02:48:33,0.0,170.21 M
2019-06-23 02:48:35,0.0,170.21 M
2019-06-23 02:48:37,0.0,170.36 M
2019-06-23 02:48:39,0.0,170.36 M
2019-06-23 02:48:41,0.0,170.36 M
2019-06-23 02:48:43,0.0,170.40 M
2019-06-23 02:48:45,0.0,170.40 M
2019-06-23 02:48:47,0.0,170.40 M
2019-06-23 02:48:49,2.0,170.90 M
2019-06-23 02:48:51,0.0,170.93 M
2019-06-23 02:48:53,0.0,170.93 M
2019-06-23 02:48:55,0.0,170.97 M
2019-06-23 02:48:57,0.0,170.97 M
2019-06-23 02:48:59,0.0,170.97 M
2019-06-23 02:49:01,1.0,171.09 M
2019-06-23 02:49:03,0.0,171.09 M
2019-06-23 02:49:05,0.0,171.09 M
2019-06-23 02:49:07,0.0,171.09 M
2019-06-23 02:49:09,6.0,172.52 M
2019-06-23 02:49:11,1.0,172.66 M
2019-06-23 02:49:13,0.0,172.66 M
2019-06-23 02:49:15,0.0,172.74 M
2019-06-23 02:49:17,0.0,172.74 M
2019-06-23 02:49:19,0.0,172.74 M
2019-06-23 02:49:21,0.0,172.78 M
2019-06-23 02:49:23,0.0,172.78 M
2019-06-23 02:49:25,0.0,172.78 M
2019-06-23 02:49:27,0.0,172.78 M
2019-06-23 02:49:29,4.0,173.32 M
2019-06-23 02:49:31,0.0,173.43 M
2019-06-23 02:49:33,0.0,173.43 M
2019-06-23 02:49:35,0.0,173.46 M
2019-06-23 02:49:37,0.0,173.46 M
2019-06-23 02:49:39,0.0,173.46 M
2019-06-23 02:49:41,0.0,173.53 M
2019-06-23 02:49:43,0.0,173.53 M
2019-06-23 02:49:45,0.0,173.53 M
2019-06-23 02:49:47,0.0,173.53 M
2019-06-23 02:49:49,0.0,173.59 M
2019-06-23 02:49:51,0.0,174.85 M
2019-06-23 02:49:53,0.0,174.88 M
2019-06-23 02:49:55,0.0,174.88 M
2019-06-23 02:49:57,0.0,174.89 M
2019-06-23 02:49:59,0.0,174.89 M
2019-06-23 02:50:01,0.0,174.89 M
2019-06-23 02:50:03,0.0,175.02 M
2019-06-23 02:50:05,0.0,175.02 M
2019-06-23 02:50:07,0.0,175.02 M
2019-06-23 02:50:09,0.0,175.02 M
2019-06-23 02:50:11,0.0,175.82 M
2019-06-23 02:50:13,0.0,175.86 M
2019-06-23 02:50:15,0.0,175.86 M
2019-06-23 02:50:17,0.0,175.89 M
2019-06-23 02:50:19,0.0,175.89 M
2019-06-23 02:50:21,0.0,175.89 M
2019-06-23 02:50:23,0.0,175.93 M
2019-06-23 02:50:25,0.0,175.93 M
2019-06-23 02:50:27,0.0,175.93 M
2019-06-23 02:50:29,0.0,175.93 M
2019-06-23 02:50:31,1.0,175.98 M
2019-06-23 02:50:33,0.0,180.86 M
2019-06-23 02:50:35,0.0,180.86 M
2019-06-23 02:50:37,1.0,180.86 M
2019-06-23 02:50:39,0.0,180.86 M
2019-06-23 02:50:41,0.0,180.86 M
2019-06-23 02:50:43,0.0,181.00 M
2019-06-23 02:50:45,0.0,181.00 M
2019-06-23 02:50:47,0.0,181.00 M
2019-06-23 02:50:49,0.0,181.00 M
2019-06-23 02:50:51,0.0,181.14 M
2019-06-23 02:50:53,3.0,181.89 M
2019-06-23 02:50:55,0.0,181.89 M
2019-06-23 02:50:57,0.0,181.89 M
2019-06-23 02:50:59,0.0,181.94 M
2019-06-23 02:51:01,0.0,181.94 M
2019-06-23 02:51:03,0.0,181.94 M
2019-06-23 02:51:05,0.0,182.07 M
2019-06-23 02:51:07,0.0,182.07 M
2019-06-23 02:51:09,0.0,182.07 M
2019-06-23 02:51:11,0.0,182.07 M
2019-06-23 02:51:13,0.0,182.07 M
2019-06-23 02:51:15,0.0,182.32 M
2019-06-23 02:51:17,0.0,182.32 M
2019-06-23 02:51:19,0.0,182.32 M
2019-06-23 02:51:21,0.0,182.32 M
2019-06-23 02:51:23,0.0,182.32 M
2019-06-23 02:51:25,0.0,182.32 M
2019-06-23 02:51:27,0.0,182.32 M
2019-06-23 02:51:29,0.0,182.32 M
2019-06-23 02:51:31,1.0,182.32 M
2019-06-23 02:51:33,0.0,182.32 M
2019-06-23 02:51:35,0.0,182.32 M
2019-06-23 02:51:37,0.0,182.32 M
2019-06-23 02:51:40,0.0,182.32 M
2019-06-23 02:51:42,0.0,182.32 M
2019-06-23 02:51:44,0.0,182.32 M
2019-06-23 02:51:46,0.0,182.32 M
2019-06-23 02:51:48,0.0,182.32 M
2019-06-23 02:51:50,0.0,182.32 M
2019-06-23 02:51:52,0.0,182.32 M
2019-06-23 02:51:54,0.0,182.32 M
2019-06-23 02:51:56,7.0,182.32 M
2019-06-23 02:51:58,0.0,182.32 M
2019-06-23 02:52:00,0.0,182.32 M
2019-06-23 02:52:02,0.0,182.32 M
2019-06-23 02:52:04,0.0,182.32 M
2019-06-23 02:52:06,0.0,182.32 M
2019-06-23 02:52:08,0.0,182.32 M
2019-06-23 02:52:10,0.0,182.32 M
2019-06-23 02:52:12,0.0,182.32 M
2019-06-23 02:52:14,0.0,182.32 M
2019-06-23 02:52:16,1.0,182.32 M
2019-06-23 02:52:18,0.0,182.32 M
2019-06-23 02:52:20,0.0,182.32 M
2019-06-23 02:52:22,0.0,182.32 M
2019-06-23 02:52:24,0.0,182.32 M
2019-06-23 02:52:26,0.0,182.32 M
2019-06-23 02:52:28,1.0,182.32 M
2019-06-23 02:52:30,0.0,182.32 M
2019-06-23 02:52:32,0.0,182.32 M
2019-06-23 02:52:34,138.8,161.55 M
2019-06-23 02:52:36,0.0,161.55 M
2019-06-23 02:52:38,0.0,161.55 M
2019-06-23 02:52:40,0.0,161.55 M
2019-06-23 02:52:42,0.0,161.55 M
2019-06-23 02:52:44,0.0,161.55 M
2019-06-23 02:52:46,0.0,161.55 M
2019-06-23 02:52:48,23.0,163.43 M
2019-06-23 02:52:50,0.0,163.45 M
2019-06-23 02:52:52,0.0,163.45 M
2019-06-23 02:52:54,0.0,163.46 M
2019-06-23 02:52:56,0.0,163.46 M
2019-06-23 02:52:58,0.0,163.46 M
2019-06-23 02:53:00,0.0,163.48 M
2019-06-23 02:53:02,0.0,163.48 M
2019-06-23 02:53:04,0.0,163.48 M
2019-06-23 02:53:06,4.0,163.80 M
2019-06-23 02:53:08,0.0,163.88 M
2019-06-23 02:53:10,0.0,163.88 M
2019-06-23 02:53:12,0.0,163.91 M
2019-06-23 02:53:14,0.0,163.91 M
2019-06-23 02:53:16,0.0,163.91 M
2019-06-23 02:53:18,0.0,163.91 M
2019-06-23 02:53:20,0.0,163.91 M
2019-06-23 02:53:22,0.0,163.91 M
2019-06-23 02:53:24,3.0,163.97 M
2019-06-23 02:53:26,1.0,163.98 M
2019-06-23 02:53:28,0.0,163.98 M
2019-06-23 02:53:30,0.0,163.98 M
2019-06-23 02:53:32,1.0,163.98 M
2019-06-23 02:53:34,0.0,163.98 M
2019-06-23 02:53:36,0.0,164.03 M
2019-06-23 02:53:38,0.0,164.03 M
2019-06-23 02:53:40,0.0,164.03 M
2019-06-23 02:53:42,0.0,164.03 M
2019-06-23 02:53:44,0.0,164.37 M
2019-06-23 02:53:46,0.0,164.37 M
2019-06-23 02:53:48,0.0,164.37 M
2019-06-23 02:53:50,0.0,164.37 M
2019-06-23 02:53:52,0.0,164.37 M
2019-06-23 02:53:54,0.0,164.37 M
2019-06-23 02:53:56,0.0,164.38 M
2019-06-23 02:53:58,0.0,164.38 M
2019-06-23 02:54:00,0.0,164.38 M
2019-06-23 02:54:02,5.0,164.47 M
2019-06-23 02:54:04,0.0,164.47 M
2019-06-23 02:54:06,0.0,164.47 M
2019-06-23 02:54:08,0.0,164.47 M
2019-06-23 02:54:10,0.0,164.47 M
2019-06-23 02:54:12,0.0,164.47 M
2019-06-23 02:54:14,0.0,164.50 M
2019-06-23 02:54:16,0.0,164.50 M
2019-06-23 02:54:18,0.0,164.50 M
2019-06-23 02:54:20,0.0,164.50 M
2019-06-23 02:54:22,0.0,164.59 M
2019-06-23 02:54:24,0.0,164.59 M
2019-06-23 02:54:26,0.0,164.59 M
2019-06-23 02:54:28,0.0,164.59 M
2019-06-23 02:54:30,0.0,164.59 M
2019-06-23 02:54:32,0.0,164.59 M
2019-06-23 02:54:34,1.0,164.59 M
2019-06-23 02:54:36,0.0,164.59 M
2019-06-23 02:54:38,0.0,164.59 M
2019-06-23 02:54:40,7.0,164.79 M
2019-06-23 02:54:42,0.0,164.83 M
2019-06-23 02:54:44,0.0,164.83 M
2019-06-23 02:54:46,0.0,164.83 M
2019-06-23 02:54:48,0.0,164.83 M
2019-06-23 02:54:50,0.0,164.83 M
2019-06-23 02:54:52,0.0,164.84 M
2019-06-23 02:54:54,0.0,164.84 M
2019-06-23 02:54:56,0.0,164.84 M
2019-06-23 02:54:58,6.0,165.66 M
2019-06-23 02:55:00,0.0,165.71 M
2019-06-23 02:55:02,0.0,165.71 M
2019-06-23 02:55:04,0.0,165.72 M
2019-06-23 02:55:06,0.0,165.72 M
2019-06-23 02:55:08,0.0,165.72 M
2019-06-23 02:55:10,0.0,165.72 M
2019-06-23 02:55:12,0.0,165.72 M
2019-06-23 02:55:14,0.0,165.72 M
2019-06-23 02:55:16,0.0,165.72 M
2019-06-23 02:55:18,5.0,166.72 M
2019-06-23 02:55:20,0.0,166.76 M
2019-06-23 02:55:22,0.0,166.76 M
2019-06-23 02:55:24,0.0,166.81 M
2019-06-23 02:55:26,0.0,166.81 M
2019-06-23 02:55:28,0.0,166.81 M
2019-06-23 02:55:30,0.0,166.85 M
2019-06-23 02:55:32,0.0,166.85 M
2019-06-23 02:55:35,0.0,166.85 M
2019-06-23 02:55:37,0.0,166.85 M
2019-06-23 02:55:39,0.0,167.35 M
2019-06-23 02:55:41,0.0,167.38 M
2019-06-23 02:55:43,0.0,167.38 M
2019-06-23 02:55:45,0.0,167.42 M
2019-06-23 02:55:47,0.0,167.42 M
2019-06-23 02:55:49,0.0,167.42 M
2019-06-23 02:55:51,0.0,167.42 M
2019-06-23 02:55:53,0.0,167.42 M
2019-06-23 02:55:55,0.0,167.42 M
2019-06-23 02:55:57,3.0,168.49 M
2019-06-23 02:55:59,0.0,168.60 M
2019-06-23 02:56:01,0.0,168.60 M
2019-06-23 02:56:03,0.0,168.63 M
2019-06-23 02:56:05,0.0,168.63 M
2019-06-23 02:56:07,0.0,168.63 M
2019-06-23 02:56:09,0.0,168.67 M
2019-06-23 02:56:11,0.0,168.67 M
2019-06-23 02:56:13,0.0,168.67 M
2019-06-23 02:56:15,0.0,168.67 M
2019-06-23 02:56:17,3.0,169.69 M
2019-06-23 02:56:19,0.0,169.72 M
2019-06-23 02:56:21,0.0,169.72 M
2019-06-23 02:56:23,0.0,169.85 M
2019-06-23 02:56:25,0.0,169.85 M
2019-06-23 02:56:27,0.0,169.85 M
2019-06-23 02:56:29,0.0,169.88 M
2019-06-23 02:56:31,0.0,169.88 M
2019-06-23 02:56:33,0.0,169.88 M
2019-06-23 02:56:35,0.0,169.88 M
2019-06-23 02:56:37,0.0,170.89 M
2019-06-23 02:56:39,0.0,170.93 M
2019-06-23 02:56:41,0.0,170.93 M
2019-06-23 02:56:43,0.0,170.96 M
2019-06-23 02:56:45,0.0,170.96 M
2019-06-23 02:56:47,0.0,170.96 M
2019-06-23 02:56:49,0.0,171.07 M
2019-06-23 02:56:51,0.0,171.07 M
2019-06-23 02:56:53,0.0,171.07 M
2019-06-23 02:56:55,2.0,172.06 M
2019-06-23 02:56:57,0.0,172.10 M
2019-06-23 02:56:59,0.0,172.10 M
2019-06-23 02:57:01,0.0,172.20 M
2019-06-23 02:57:03,0.0,172.20 M
2019-06-23 02:57:05,0.0,172.20 M
2019-06-23 02:57:07,0.0,172.34 M
2019-06-23 02:57:09,0.0,172.34 M
2019-06-23 02:57:11,0.0,172.34 M
2019-06-23 02:57:13,0.0,172.34 M
2019-06-23 02:57:15,3.0,173.39 M
2019-06-23 02:57:17,0.0,173.43 M
2019-06-23 02:57:19,0.0,173.43 M
2019-06-23 02:57:21,0.0,173.46 M
2019-06-23 02:57:23,0.0,173.46 M
2019-06-23 02:57:25,0.0,173.46 M
2019-06-23 02:57:27,0.0,173.51 M
2019-06-23 02:57:29,1.0,173.51 M
2019-06-23 02:57:31,0.0,173.51 M
2019-06-23 02:57:33,0.0,173.51 M
2019-06-23 02:57:35,0.0,173.61 M
2019-06-23 02:57:37,0.0,174.88 M
2019-06-23 02:57:39,0.0,174.92 M
2019-06-23 02:57:41,0.0,174.92 M
2019-06-23 02:57:43,0.0,175.02 M
2019-06-23 02:57:45,0.0,175.02 M
2019-06-23 02:57:47,0.0,175.02 M
2019-06-23 02:57:49,0.0,175.09 M
2019-06-23 02:57:51,0.0,175.09 M
2019-06-23 02:57:53,0.0,175.09 M
2019-06-23 02:57:55,0.0,175.09 M
2019-06-23 02:57:57,0.0,175.15 M
2019-06-23 02:57:59,1.0,175.65 M
2019-06-23 02:58:01,0.0,175.68 M
2019-06-23 02:58:03,0.0,175.68 M
2019-06-23 02:58:05,0.0,175.72 M
2019-06-23 02:58:07,0.0,175.72 M
2019-06-23 02:58:09,0.0,175.72 M
2019-06-23 02:58:11,0.0,175.76 M
2019-06-23 02:58:13,0.0,175.76 M
2019-06-23 02:58:15,0.0,175.76 M
2019-06-23 02:58:17,0.0,175.76 M
2019-06-23 02:58:19,0.0,177.07 M
2019-06-23 02:58:21,0.0,177.10 M
2019-06-23 02:58:23,0.0,177.10 M
2019-06-23 02:58:25,0.0,177.14 M
2019-06-23 02:58:27,0.0,177.14 M
2019-06-23 02:58:29,0.0,177.14 M
2019-06-23 02:58:31,0.0,177.09 M
2019-06-23 02:58:33,0.0,177.09 M
2019-06-23 02:58:35,0.0,177.09 M
2019-06-23 02:58:37,0.0,177.09 M
2019-06-23 02:58:39,0.0,183.16 M
2019-06-23 02:58:41,0.0,183.16 M
2019-06-23 02:58:43,0.0,183.16 M
2019-06-23 02:58:45,0.0,183.20 M
2019-06-23 02:58:47,0.0,183.20 M
2019-06-23 02:58:49,0.0,183.20 M
2019-06-23 02:58:51,0.0,183.30 M
2019-06-23 02:58:53,1.0,183.30 M
2019-06-23 02:58:55,1.0,183.30 M
2019-06-23 02:58:57,0.0,183.30 M
2019-06-23 02:58:59,0.0,184.04 M
2019-06-23 02:59:01,0.0,184.16 M
2019-06-23 02:59:03,0.0,184.16 M
2019-06-23 02:59:05,0.0,184.16 M
2019-06-23 02:59:07,0.0,184.16 M
2019-06-23 02:59:09,0.0,184.16 M
2019-06-23 02:59:11,0.0,184.16 M
2019-06-23 02:59:13,0.0,184.16 M
2019-06-23 02:59:15,0.0,184.16 M
2019-06-23 02:59:17,0.0,184.16 M
2019-06-23 02:59:19,0.0,184.21 M
2019-06-23 02:59:21,0.0,184.21 M
2019-06-23 02:59:23,0.0,184.21 M
2019-06-23 02:59:25,1.0,184.21 M
2019-06-23 02:59:27,0.0,184.21 M
2019-06-23 02:59:29,0.0,184.21 M
2019-06-23 02:59:31,0.0,184.21 M
2019-06-23 02:59:33,0.0,184.21 M
2019-06-23 02:59:35,0.0,184.21 M
2019-06-23 02:59:39,145.8,162.36 M
2019-06-23 02:59:41,0.0,162.36 M
2019-06-23 02:59:43,1.0,162.36 M
2019-06-23 02:59:45,0.0,162.36 M
2019-06-23 02:59:47,0.0,162.36 M
2019-06-23 02:59:49,0.0,162.36 M
2019-06-23 02:59:51,0.0,162.36 M
2019-06-23 02:59:53,0.0,162.36 M
2019-06-23 02:59:55,0.0,163.92 M
2019-06-23 02:59:57,0.0,163.93 M
2019-06-23 02:59:59,0.0,163.93 M
2019-06-23 03:00:01,0.0,163.95 M
2019-06-23 03:00:03,0.0,163.95 M
2019-06-23 03:00:05,0.0,163.95 M
2019-06-23 03:00:07,0.0,163.97 M
2019-06-23 03:00:09,8.0,164.75 M
2019-06-23 03:00:11,0.0,164.78 M
2019-06-23 03:00:13,0.0,164.78 M
2019-06-23 03:00:15,0.0,164.78 M
2019-06-23 03:00:17,0.0,164.78 M
2019-06-23 03:00:19,0.0,164.78 M
2019-06-23 03:00:21,0.0,164.83 M
2019-06-23 03:00:23,0.0,164.83 M
2019-06-23 03:00:25,0.0,164.83 M
2019-06-23 03:00:27,3.0,165.11 M
2019-06-23 03:00:29,0.0,165.14 M
2019-06-23 03:00:31,0.0,165.14 M
2019-06-23 03:00:33,0.0,165.14 M
2019-06-23 03:00:35,0.0,165.14 M
2019-06-23 03:00:37,0.0,165.14 M
2019-06-23 03:00:39,0.0,165.14 M
2019-06-23 03:00:41,0.0,165.14 M
2019-06-23 03:00:43,1.0,165.14 M
2019-06-23 03:00:45,8.0,165.33 M
2019-06-23 03:00:47,0.0,165.33 M
2019-06-23 03:00:49,0.0,165.33 M
2019-06-23 03:00:51,0.0,165.33 M
2019-06-23 03:00:53,0.0,165.33 M
2019-06-23 03:00:55,0.0,165.33 M
2019-06-23 03:00:57,1.0,165.33 M
2019-06-23 03:00:59,0.0,165.33 M
2019-06-23 03:01:01,0.0,165.33 M
2019-06-23 03:01:03,0.0,165.33 M
2019-06-23 03:01:05,0.0,165.50 M
2019-06-23 03:01:07,0.0,165.50 M
2019-06-23 03:01:09,0.0,165.50 M
2019-06-23 03:01:11,0.0,165.50 M
2019-06-23 03:01:13,0.0,165.50 M
2019-06-23 03:01:15,0.0,165.50 M
2019-06-23 03:01:17,0.0,165.53 M
2019-06-23 03:01:19,0.0,165.53 M
2019-06-23 03:01:21,0.0,165.53 M
2019-06-23 03:01:23,5.0,165.64 M
2019-06-23 03:01:25,0.0,165.64 M
2019-06-23 03:01:27,0.0,165.64 M
2019-06-23 03:01:29,0.0,165.65 M
2019-06-23 03:01:31,0.0,165.65 M
2019-06-23 03:01:33,0.0,165.65 M
2019-06-23 03:01:35,1.0,165.65 M
2019-06-23 03:01:37,0.0,165.65 M
2019-06-23 03:01:39,0.0,165.65 M
2019-06-23 03:01:41,0.0,165.65 M
2019-06-23 03:01:43,0.0,165.78 M
2019-06-23 03:01:45,0.0,165.82 M
2019-06-23 03:01:47,0.0,165.82 M
2019-06-23 03:01:49,0.0,165.82 M
2019-06-23 03:01:51,0.0,165.82 M
2019-06-23 03:01:53,0.0,165.82 M
2019-06-23 03:01:55,0.0,165.82 M
2019-06-23 03:01:57,0.0,165.82 M
2019-06-23 03:01:59,0.0,165.82 M
2019-06-23 03:02:01,0.0,165.84 M
2019-06-23 03:02:03,0.0,165.84 M
2019-06-23 03:02:05,0.0,165.84 M
2019-06-23 03:02:07,0.0,165.86 M
2019-06-23 03:02:09,0.0,165.86 M
2019-06-23 03:02:11,0.0,165.86 M
2019-06-23 03:02:13,0.0,165.86 M
2019-06-23 03:02:15,0.0,165.86 M
2019-06-23 03:02:17,0.0,165.86 M
2019-06-23 03:02:19,0.0,165.86 M
2019-06-23 03:02:21,0.0,166.08 M
2019-06-23 03:02:23,0.0,166.17 M
2019-06-23 03:02:25,0.0,166.17 M
2019-06-23 03:02:27,0.0,166.21 M
2019-06-23 03:02:29,0.0,166.21 M
2019-06-23 03:02:31,0.0,166.21 M
2019-06-23 03:02:33,0.0,166.24 M
2019-06-23 03:02:35,0.0,166.24 M
2019-06-23 03:02:37,0.0,166.24 M
2019-06-23 03:02:39,5.0,167.04 M
2019-06-23 03:02:41,0.0,167.07 M
2019-06-23 03:02:43,0.0,167.07 M
2019-06-23 03:02:45,0.0,167.13 M
2019-06-23 03:02:47,0.0,167.13 M
2019-06-23 03:02:49,0.0,167.13 M
2019-06-23 03:02:51,1.0,167.23 M
2019-06-23 03:02:53,0.0,167.23 M
2019-06-23 03:02:55,0.0,167.23 M
2019-06-23 03:02:57,0.0,167.23 M
2019-06-23 03:02:59,0.0,168.23 M
2019-06-23 03:03:01,0.0,168.27 M
2019-06-23 03:03:03,0.0,168.27 M
2019-06-23 03:03:05,0.0,168.31 M
2019-06-23 03:03:07,0.0,168.31 M
2019-06-23 03:03:09,0.0,168.31 M
2019-06-23 03:03:11,0.0,168.36 M
2019-06-23 03:03:13,1.0,168.36 M
2019-06-23 03:03:15,1.0,168.36 M
2019-06-23 03:03:17,2.0,169.12 M
2019-06-23 03:03:19,0.0,169.16 M
2019-06-23 03:03:21,0.0,169.16 M
2019-06-23 03:03:23,0.0,169.20 M
2019-06-23 03:03:25,0.0,169.20 M
2019-06-23 03:03:27,0.0,169.20 M
2019-06-23 03:03:29,0.0,169.32 M
2019-06-23 03:03:31,0.0,169.32 M
2019-06-23 03:03:33,0.0,169.32 M
2019-06-23 03:03:35,0.0,169.32 M
2019-06-23 03:03:37,0.0,170.07 M
2019-06-23 03:03:39,0.0,170.11 M
2019-06-23 03:03:41,0.0,170.11 M
2019-06-23 03:03:44,0.0,170.14 M
2019-06-23 03:03:46,0.0,170.14 M
2019-06-23 03:03:48,0.0,170.19 M
2019-06-23 03:03:50,0.0,170.19 M
2019-06-23 03:03:52,0.0,170.19 M
2019-06-23 03:03:54,0.0,170.19 M
2019-06-23 03:03:56,4.0,171.18 M
2019-06-23 03:03:58,0.0,171.22 M
2019-06-23 03:04:00,0.0,171.22 M
2019-06-23 03:04:02,0.0,171.25 M
2019-06-23 03:04:04,0.0,171.25 M
2019-06-23 03:04:06,0.0,171.25 M
2019-06-23 03:04:08,0.0,171.21 M
2019-06-23 03:04:10,0.0,171.21 M
2019-06-23 03:04:12,0.0,171.21 M
2019-06-23 03:04:14,0.0,171.21 M
2019-06-23 03:04:16,3.0,172.23 M
2019-06-23 03:04:18,0.0,172.26 M
2019-06-23 03:04:20,0.0,172.26 M
2019-06-23 03:04:22,0.0,172.30 M
2019-06-23 03:04:24,0.0,172.30 M
2019-06-23 03:04:26,0.0,172.30 M
2019-06-23 03:04:28,0.0,172.35 M
2019-06-23 03:04:30,0.0,172.35 M
2019-06-23 03:04:32,0.0,172.35 M
2019-06-23 03:04:34,0.0,172.35 M
2019-06-23 03:04:36,0.0,173.61 M
2019-06-23 03:04:38,0.0,173.64 M
2019-06-23 03:04:40,0.0,173.64 M
2019-06-23 03:04:42,0.0,173.68 M
2019-06-23 03:04:44,0.0,173.68 M
2019-06-23 03:04:46,0.0,173.68 M
2019-06-23 03:04:48,0.0,173.62 M
2019-06-23 03:04:50,0.0,173.62 M
2019-06-23 03:04:52,0.0,173.62 M
2019-06-23 03:04:54,0.0,173.62 M
2019-06-23 03:04:56,0.0,173.58 M
2019-06-23 03:04:58,0.0,174.86 M
2019-06-23 03:05:00,0.0,174.89 M
2019-06-23 03:05:02,1.0,174.89 M
2019-06-23 03:05:04,0.0,174.96 M
2019-06-23 03:05:06,0.0,174.96 M
2019-06-23 03:05:08,0.0,174.96 M
2019-06-23 03:05:10,0.0,175.05 M
2019-06-23 03:05:12,0.0,175.05 M
2019-06-23 03:05:14,0.0,175.05 M
2019-06-23 03:05:16,0.0,175.11 M
2019-06-23 03:05:18,3.0,176.11 M
2019-06-23 03:05:20,0.0,176.14 M
2019-06-23 03:05:22,0.0,176.14 M
2019-06-23 03:05:24,0.0,176.18 M
2019-06-23 03:05:26,0.0,176.18 M
2019-06-23 03:05:28,0.0,176.18 M
2019-06-23 03:05:30,0.0,176.28 M
2019-06-23 03:05:32,0.0,176.28 M
2019-06-23 03:05:34,0.0,176.28 M
2019-06-23 03:05:36,0.0,176.28 M
2019-06-23 03:05:38,0.0,176.33 M
2019-06-23 03:05:40,0.0,177.09 M
2019-06-23 03:05:42,0.0,177.12 M
2019-06-23 03:05:44,0.0,177.12 M
2019-06-23 03:05:46,0.0,177.16 M
2019-06-23 03:05:48,0.0,177.16 M
2019-06-23 03:05:50,0.0,177.16 M
2019-06-23 03:05:52,0.0,177.20 M
2019-06-23 03:05:54,0.0,177.20 M
2019-06-23 03:05:56,0.0,177.20 M
2019-06-23 03:05:58,0.0,177.27 M
2019-06-23 03:06:00,0.0,181.75 M
2019-06-23 03:06:02,0.0,181.79 M
2019-06-23 03:06:04,0.0,181.79 M
2019-06-23 03:06:06,0.0,181.79 M
2019-06-23 03:06:08,0.0,181.79 M
2019-06-23 03:06:10,0.0,181.79 M
2019-06-23 03:06:12,0.0,181.79 M
2019-06-23 03:06:14,0.0,181.79 M
2019-06-23 03:06:16,0.0,181.79 M
2019-06-23 03:06:18,0.0,181.79 M
2019-06-23 03:06:20,0.0,182.08 M
2019-06-23 03:06:22,0.0,182.08 M
2019-06-23 03:06:24,0.0,182.08 M
2019-06-23 03:06:26,0.0,182.08 M
2019-06-23 03:06:28,0.0,182.08 M
2019-06-23 03:06:30,0.0,182.08 M
2019-06-23 03:06:32,0.0,182.08 M
2019-06-23 03:06:34,0.0,182.08 M
2019-06-23 03:06:36,0.0,182.08 M
2019-06-23 03:06:38,0.0,182.08 M
2019-06-23 03:06:40,0.0,182.58 M
2019-06-23 03:06:42,0.0,182.58 M
2019-06-23 03:06:44,0.0,182.58 M
2019-06-23 03:06:46,0.0,182.58 M
2019-06-23 03:06:48,0.0,182.58 M
2019-06-23 03:06:50,0.0,182.58 M
2019-06-23 03:06:52,0.0,182.58 M
2019-06-23 03:06:54,0.0,182.58 M
