2019-06-15 14:11:02,26.37 G,331.85 G,444.86 K,1.99 M
2019-06-15 14:11:04,26.37 G,331.85 G,442.03 K,1.99 M
2019-06-15 14:11:06,26.37 G,331.85 G,452.10 K,2.01 M
2019-06-15 14:11:08,26.37 G,331.86 G,458.18 K,2.05 M
2019-06-15 14:11:10,26.37 G,331.86 G,459.16 K,2.05 M
2019-06-15 14:11:12,26.37 G,331.87 G,431.88 K,1.94 M
2019-06-15 14:11:14,26.37 G,331.87 G,453.92 K,2.03 M
2019-06-15 14:11:16,26.37 G,331.87 G,452.53 K,2.04 M
2019-06-15 14:11:18,26.37 G,331.88 G,434.18 K,1.95 M
2019-06-15 14:11:20,26.37 G,331.88 G,436.75 K,1.96 M
2019-06-15 14:11:22,26.38 G,331.89 G,445.12 K,2.00 M
2019-06-15 14:11:24,26.38 G,331.89 G,420.15 K,1.89 M
2019-06-15 14:11:26,26.38 G,331.89 G,415.05 K,1.87 M
2019-06-15 14:11:28,26.38 G,331.90 G,444.23 K,1.98 M
2019-06-15 14:11:30,26.38 G,331.90 G,429.89 K,1.93 M
2019-06-15 14:11:32,26.38 G,331.90 G,439.18 K,1.96 M
2019-06-15 14:11:34,26.38 G,331.91 G,336.10 K,1.50 M
2019-06-15 14:11:36,26.38 G,331.91 G,443.63 K,1.99 M
2019-06-15 14:11:38,26.38 G,331.91 G,437.81 K,1.97 M
2019-06-15 14:11:40,26.38 G,331.92 G,444.46 K,1.99 M
2019-06-15 14:11:42,26.38 G,331.92 G,440.03 K,1.98 M
2019-06-15 14:11:44,26.38 G,331.93 G,446.27 K,2.00 M
2019-06-15 14:11:46,26.39 G,331.93 G,432.35 K,1.94 M
2019-06-15 14:11:48,26.39 G,331.93 G,449.58 K,2.00 M
2019-06-15 14:11:50,26.39 G,331.94 G,454.61 K,2.04 M
2019-06-15 14:11:52,26.39 G,331.94 G,438.09 K,1.97 M
2019-06-15 14:11:54,26.39 G,331.95 G,453.42 K,2.01 M
2019-06-15 14:11:56,26.39 G,331.95 G,439.25 K,1.98 M
2019-06-15 14:11:58,26.39 G,331.95 G,425.98 K,1.91 M
2019-06-15 14:12:00,26.39 G,331.96 G,442.97 K,1.98 M
2019-06-15 14:12:02,26.39 G,331.96 G,437.50 K,1.97 M
2019-06-15 14:12:04,26.39 G,331.97 G,441.66 K,1.99 M
2019-06-15 14:12:06,26.39 G,331.97 G,436.95 K,1.95 M
2019-06-15 14:12:08,26.39 G,331.97 G,438.31 K,1.97 M
2019-06-15 14:12:10,26.40 G,331.98 G,430.74 K,1.94 M
2019-06-15 14:12:12,26.40 G,331.98 G,455.43 K,2.05 M
2019-06-15 14:12:14,26.40 G,331.99 G,441.09 K,1.98 M
2019-06-15 14:12:16,26.40 G,331.99 G,424.90 K,1.91 M
2019-06-15 14:12:18,26.40 G,331.99 G,423.56 K,1.90 M
2019-06-15 14:12:20,26.40 G,332.00 G,426.61 K,1.92 M
2019-06-15 14:12:22,26.40 G,332.00 G,413.10 K,1.86 M
2019-06-15 14:12:24,26.40 G,332.00 G,432.55 K,1.95 M
2019-06-15 14:12:26,26.40 G,332.01 G,435.01 K,1.95 M
2019-06-15 14:12:28,26.40 G,332.01 G,439.11 K,1.95 M
2019-06-15 14:12:30,26.40 G,332.02 G,421.80 K,1.90 M
2019-06-15 14:12:32,26.40 G,332.02 G,426.68 K,1.91 M
2019-06-15 14:12:34,26.41 G,332.02 G,433.07 K,1.94 M
2019-06-15 14:12:36,26.41 G,332.03 G,443.83 K,1.99 M
2019-06-15 14:12:38,26.41 G,332.03 G,451.88 K,2.01 M
2019-06-15 14:12:40,26.41 G,332.03 G,430.71 K,1.93 M
2019-06-15 14:12:42,26.41 G,332.04 G,454.31 K,2.04 M
2019-06-15 14:12:44,26.41 G,332.04 G,447.35 K,2.01 M
2019-06-15 14:12:46,26.41 G,332.05 G,437.50 K,1.96 M
2019-06-15 14:12:48,26.41 G,332.05 G,438.81 K,1.97 M
2019-06-15 14:12:50,26.41 G,332.05 G,433.66 K,1.95 M
2019-06-15 14:12:52,26.41 G,332.06 G,439.88 K,1.97 M
2019-06-15 14:12:54,26.41 G,332.06 G,424.41 K,1.91 M
2019-06-15 14:12:56,26.41 G,332.07 G,437.97 K,1.97 M
2019-06-15 14:12:58,26.42 G,332.07 G,437.00 K,1.95 M
2019-06-15 14:13:00,26.42 G,332.07 G,449.11 K,2.02 M
2019-06-15 14:13:02,26.42 G,332.08 G,426.12 K,1.91 M
2019-06-15 14:13:04,26.42 G,332.08 G,466.40 K,2.10 M
2019-06-15 14:13:06,26.42 G,332.09 G,447.22 K,2.01 M
2019-06-15 14:13:09,26.42 G,332.09 G,386.28 K,1.67 M
2019-06-15 14:13:11,26.42 G,332.09 G,424.78 K,1.91 M
2019-06-15 14:13:13,26.42 G,332.10 G,415.18 K,1.82 M
2019-06-15 14:13:15,26.42 G,332.10 G,46.74 K,204.68 K
2019-06-15 14:13:18,26.42 G,332.10 G,455.35 K,1.92 M
2019-06-15 14:13:20,26.42 G,332.11 G,423.57 K,1.80 M
2019-06-15 14:13:22,26.42 G,332.11 G,440.04 K,1.86 M
2019-06-15 14:13:24,26.42 G,332.11 G,457.18 K,1.93 M
2019-06-15 14:13:26,26.43 G,332.12 G,431.01 K,1.83 M
2019-06-15 14:13:28,26.43 G,332.12 G,429.96 K,1.83 M
2019-06-15 14:13:30,26.43 G,332.12 G,429.26 K,1.82 M
2019-06-15 14:13:32,26.43 G,332.13 G,429.86 K,1.82 M
2019-06-15 14:13:34,26.43 G,332.13 G,458.76 K,1.95 M
2019-06-15 14:13:36,26.43 G,332.13 G,443.47 K,1.88 M
2019-06-15 14:13:38,26.43 G,332.14 G,462.70 K,1.96 M
2019-06-15 14:13:40,26.43 G,332.14 G,455.72 K,1.93 M
2019-06-15 14:13:42,26.43 G,332.15 G,451.45 K,1.92 M
2019-06-15 14:13:44,26.43 G,332.15 G,443.81 K,1.88 M
2019-06-15 14:13:46,26.43 G,332.15 G,446.76 K,1.89 M
2019-06-15 14:13:48,26.44 G,332.16 G,457.37 K,1.93 M
2019-06-15 14:13:50,26.44 G,332.16 G,426.28 K,1.80 M
2019-06-15 14:13:52,26.44 G,332.16 G,425.02 K,1.79 M
2019-06-15 14:13:54,26.44 G,332.17 G,451.31 K,1.92 M
2019-06-15 14:13:56,26.44 G,332.17 G,451.55 K,1.91 M
2019-06-15 14:13:58,26.44 G,332.18 G,452.44 K,1.92 M
2019-06-15 14:14:00,26.44 G,332.18 G,441.30 K,1.88 M
2019-06-15 14:14:02,26.44 G,332.18 G,452.17 K,1.93 M
2019-06-15 14:14:04,26.44 G,332.19 G,453.15 K,1.92 M
2019-06-15 14:14:06,26.44 G,332.19 G,441.93 K,1.88 M
2019-06-15 14:14:08,26.44 G,332.19 G,458.69 K,1.94 M
2019-06-15 14:14:10,26.44 G,332.20 G,450.40 K,1.90 M
2019-06-15 14:14:12,26.45 G,332.20 G,452.26 K,1.92 M
2019-06-15 14:14:14,26.45 G,332.21 G,439.48 K,1.86 M
2019-06-15 14:14:16,26.45 G,332.21 G,431.16 K,1.84 M
2019-06-15 14:14:18,26.45 G,332.21 G,457.39 K,1.93 M
2019-06-15 14:14:20,26.45 G,332.22 G,459.18 K,1.95 M
2019-06-15 14:14:22,26.45 G,332.22 G,465.51 K,1.97 M
2019-06-15 14:14:24,26.45 G,332.22 G,467.12 K,1.98 M
2019-06-15 14:14:26,26.45 G,332.23 G,428.30 K,1.81 M
2019-06-15 14:14:28,26.45 G,332.23 G,450.52 K,1.90 M
2019-06-15 14:14:30,26.45 G,332.24 G,443.30 K,1.87 M
2019-06-15 14:14:32,26.45 G,332.24 G,431.30 K,1.83 M
2019-06-15 14:14:34,26.45 G,332.24 G,448.69 K,1.90 M
2019-06-15 14:14:36,26.46 G,332.25 G,445.85 K,1.88 M
2019-06-15 14:14:38,26.46 G,332.25 G,449.18 K,1.90 M
2019-06-15 14:14:40,26.46 G,332.25 G,455.71 K,1.93 M
2019-06-15 14:14:42,26.46 G,332.26 G,454.75 K,1.93 M
2019-06-15 14:14:44,26.46 G,332.26 G,425.65 K,1.81 M
2019-06-15 14:14:46,26.46 G,332.26 G,434.89 K,1.83 M
2019-06-15 14:14:48,26.46 G,332.27 G,444.51 K,1.88 M
2019-06-15 14:14:50,26.46 G,332.27 G,457.18 K,1.93 M
2019-06-15 14:14:52,26.46 G,332.28 G,444.19 K,1.87 M
2019-06-15 14:14:54,26.46 G,332.28 G,456.37 K,1.93 M
2019-06-15 14:14:56,26.46 G,332.28 G,442.26 K,1.88 M
2019-06-15 14:14:58,26.47 G,332.29 G,453.02 K,1.92 M
2019-06-15 14:15:00,26.47 G,332.29 G,455.76 K,1.93 M
2019-06-15 14:15:02,26.47 G,332.29 G,447.95 K,1.91 M
2019-06-15 14:15:04,26.47 G,332.30 G,466.88 K,1.97 M
2019-06-15 14:15:06,26.47 G,332.30 G,444.83 K,1.89 M
2019-06-15 14:15:08,26.47 G,332.31 G,432.67 K,1.83 M
2019-06-15 14:15:10,26.47 G,332.31 G,439.19 K,1.86 M
2019-06-15 14:15:12,26.47 G,332.31 G,450.37 K,1.91 M
2019-06-15 14:15:14,26.47 G,332.32 G,429.08 K,1.81 M
2019-06-15 14:15:16,26.47 G,332.32 G,454.25 K,1.93 M
2019-06-15 14:15:18,26.47 G,332.32 G,456.79 K,2.26 M
2019-06-15 14:15:20,26.47 G,332.33 G,448.56 K,1.91 M
2019-06-15 14:15:22,26.48 G,332.33 G,414.97 K,1.76 M
2019-06-15 14:15:24,26.48 G,332.34 G,426.78 K,1.81 M
2019-06-15 14:15:26,26.48 G,332.34 G,462.69 K,1.96 M
2019-06-15 14:15:28,26.48 G,332.34 G,452.29 K,1.92 M
2019-06-15 14:15:30,26.48 G,332.35 G,449.74 K,1.91 M
2019-06-15 14:15:32,26.48 G,332.35 G,444.97 K,1.89 M
2019-06-15 14:15:34,26.48 G,332.35 G,453.34 K,1.93 M
2019-06-15 14:15:36,26.48 G,332.36 G,466.78 K,1.97 M
2019-06-15 14:15:38,26.48 G,332.36 G,454.37 K,1.92 M
2019-06-15 14:15:40,26.48 G,332.37 G,452.11 K,1.92 M
2019-06-15 14:15:42,26.48 G,332.37 G,442.55 K,1.88 M
2019-06-15 14:15:44,26.48 G,332.37 G,468.35 K,1.98 M
2019-06-15 14:15:46,26.49 G,332.38 G,447.09 K,1.90 M
2019-06-15 14:15:48,26.49 G,332.38 G,450.12 K,1.91 M
2019-06-15 14:15:50,26.49 G,332.38 G,455.32 K,1.93 M
2019-06-15 14:15:52,26.49 G,332.39 G,430.37 K,1.83 M
2019-06-15 14:15:54,26.49 G,332.39 G,462.22 K,1.94 M
2019-06-15 14:15:56,26.49 G,332.40 G,446.45 K,1.89 M
2019-06-15 14:15:58,26.49 G,332.40 G,457.73 K,1.94 M
2019-06-15 14:16:00,26.49 G,332.40 G,463.13 K,1.96 M
2019-06-15 14:16:02,26.49 G,332.41 G,461.75 K,1.96 M
2019-06-15 14:16:04,26.49 G,332.41 G,124.31 K,535.33 K
2019-06-15 14:16:07,26.49 G,332.41 G,400.96 K,2.03 M
2019-06-15 14:16:10,26.49 G,332.42 G,417.72 K,1.95 M
2019-06-15 14:16:12,26.50 G,332.42 G,109.33 K,528.27 K
2019-06-15 14:16:14,26.50 G,332.42 G,501.27 K,2.26 M
2019-06-15 14:16:16,26.50 G,332.43 G,533.43 K,2.27 M
2019-06-15 14:16:18,26.50 G,332.43 G,475.62 K,2.17 M
2019-06-15 14:16:20,26.50 G,332.44 G,512.64 K,2.25 M
2019-06-15 14:16:22,26.50 G,332.44 G,522.54 K,2.29 M
2019-06-15 14:16:24,26.50 G,332.45 G,346.05 K,1.48 M
2019-06-15 14:16:26,26.50 G,332.45 G,319.71 K,1.45 M
2019-06-15 14:16:29,26.50 G,332.45 G,421.93 K,2.05 M
2019-06-15 14:16:31,26.50 G,332.46 G,431.85 K,2.10 M
2019-06-15 14:16:35,26.50 G,332.46 G,480.88 K,2.19 M
2019-06-15 14:16:37,26.51 G,332.47 G,454.37 K,2.06 M
2019-06-15 14:16:41,26.51 G,332.47 G,413.58 K,1.99 M
2019-06-15 14:16:43,26.51 G,332.47 G,88.74 K,428.88 K
2019-06-15 14:16:45,26.51 G,332.48 G,440.30 K,1.95 M
2019-06-15 14:16:47,26.51 G,332.48 G,441.69 K,1.96 M
2019-06-15 14:16:49,26.51 G,332.49 G,388.99 K,1.73 M
2019-06-15 14:16:51,26.51 G,332.49 G,444.84 K,1.98 M
2019-06-15 14:16:53,26.51 G,332.49 G,448.21 K,1.99 M
2019-06-15 14:16:55,26.51 G,332.50 G,428.77 K,1.90 M
2019-06-15 14:16:57,26.51 G,332.50 G,439.44 K,1.95 M
2019-06-15 14:16:59,26.51 G,332.50 G,302.98 K,1.33 M
2019-06-15 14:17:02,26.51 G,332.51 G,446.29 K,2.03 M
2019-06-15 14:17:04,26.52 G,332.51 G,454.61 K,2.04 M
2019-06-15 14:17:06,26.52 G,332.52 G,444.00 K,2.01 M
2019-06-15 14:17:08,26.52 G,332.52 G,462.82 K,2.09 M
2019-06-15 14:17:10,26.52 G,332.52 G,49.00 K,219.83 K
2019-06-15 14:17:12,26.52 G,332.52 G,180.74 K,898.75 K
2019-06-15 14:17:14,26.52 G,332.53 G,441.21 K,1.93 M
2019-06-15 14:17:16,26.52 G,332.53 G,430.64 K,1.90 M
2019-06-15 14:17:18,26.52 G,332.54 G,457.49 K,2.01 M
2019-06-15 14:17:20,26.52 G,332.54 G,461.75 K,2.02 M
2019-06-15 14:17:23,26.52 G,332.54 G,434.75 K,1.91 M
2019-06-15 14:17:25,26.52 G,332.55 G,453.51 K,1.99 M
2019-06-15 14:17:27,26.52 G,332.55 G,452.98 K,2.00 M
2019-06-15 14:17:29,26.52 G,332.56 G,454.69 K,2.01 M
2019-06-15 14:17:31,26.53 G,332.56 G,444.65 K,1.95 M
2019-06-15 14:17:33,26.53 G,332.56 G,447.99 K,1.98 M
2019-06-15 14:17:35,26.53 G,332.57 G,440.32 K,1.94 M
2019-06-15 14:17:37,26.53 G,332.57 G,449.16 K,1.97 M
2019-06-15 14:17:39,26.53 G,332.57 G,446.79 K,1.97 M
2019-06-15 14:17:41,26.53 G,332.58 G,439.56 K,1.94 M
2019-06-15 14:17:43,26.53 G,332.58 G,460.92 K,2.03 M
2019-06-15 14:17:45,26.53 G,332.59 G,454.71 K,2.01 M
2019-06-15 14:17:47,26.53 G,332.59 G,443.42 K,1.96 M
2019-06-15 14:17:49,26.53 G,332.59 G,449.34 K,1.99 M
2019-06-15 14:17:51,26.53 G,332.60 G,471.30 K,2.08 M
2019-06-15 14:17:53,26.53 G,332.60 G,451.13 K,1.99 M
2019-06-15 14:17:55,26.54 G,332.61 G,450.06 K,1.98 M
2019-06-15 14:17:57,26.54 G,332.61 G,462.82 K,2.05 M
2019-06-15 14:17:59,26.54 G,332.61 G,439.01 K,1.93 M
2019-06-15 14:18:01,26.54 G,332.62 G,425.41 K,1.87 M
2019-06-15 14:18:03,26.54 G,332.62 G,463.16 K,2.05 M
2019-06-15 14:18:05,26.54 G,332.62 G,433.32 K,1.91 M
2019-06-15 14:18:07,26.54 G,332.63 G,440.69 K,1.94 M
2019-06-15 14:18:09,26.54 G,332.63 G,447.25 K,1.98 M
2019-06-15 14:18:11,26.54 G,332.64 G,459.17 K,2.02 M
2019-06-15 14:18:13,26.54 G,332.64 G,442.71 K,1.96 M
2019-06-15 14:18:15,26.54 G,332.64 G,440.86 K,1.95 M
2019-06-15 14:18:17,26.55 G,332.65 G,460.35 K,2.02 M
2019-06-15 14:18:19,26.55 G,332.65 G,449.96 K,1.98 M
2019-06-15 14:18:21,26.55 G,332.66 G,446.05 K,1.96 M
2019-06-15 14:18:23,26.55 G,332.66 G,467.73 K,2.07 M
2019-06-15 14:18:25,26.55 G,332.66 G,446.23 K,1.98 M
2019-06-15 14:18:27,26.55 G,332.67 G,448.27 K,1.98 M
2019-06-15 14:18:29,26.55 G,332.67 G,472.92 K,2.09 M
2019-06-15 14:18:31,26.55 G,332.68 G,453.08 K,2.00 M
2019-06-15 14:18:33,26.55 G,332.68 G,448.73 K,1.97 M
2019-06-15 14:18:35,26.55 G,332.68 G,448.56 K,1.99 M
2019-06-15 14:18:37,26.55 G,332.69 G,442.25 K,1.95 M
2019-06-15 14:18:39,26.55 G,332.69 G,443.28 K,1.94 M
2019-06-15 14:18:41,26.56 G,332.69 G,435.79 K,1.92 M
2019-06-15 14:18:43,26.56 G,332.70 G,442.18 K,1.95 M
2019-06-15 14:18:45,26.56 G,332.70 G,444.67 K,1.97 M
2019-06-15 14:18:47,26.56 G,332.71 G,436.17 K,1.92 M
2019-06-15 14:18:49,26.56 G,332.71 G,446.34 K,1.96 M
2019-06-15 14:18:51,26.56 G,332.71 G,434.14 K,1.92 M
2019-06-15 14:18:53,26.56 G,332.72 G,438.96 K,1.94 M
2019-06-15 14:18:55,26.56 G,332.72 G,444.69 K,1.97 M
2019-06-15 14:18:57,26.56 G,332.73 G,455.19 K,2.01 M
2019-06-15 14:19:00,26.56 G,332.73 G,488.75 K,2.23 M
2019-06-15 14:19:02,26.56 G,332.73 G,479.70 K,2.20 M
2019-06-15 14:19:04,26.57 G,332.74 G,484.01 K,2.22 M
2019-06-15 14:19:06,26.57 G,332.74 G,496.29 K,2.27 M
2019-06-15 14:19:08,26.57 G,332.75 G,65.73 K,313.40 K
2019-06-15 14:19:15,26.57 G,332.75 G,460.62 K,2.09 M
2019-06-15 14:19:17,26.57 G,332.76 G,472.33 K,2.14 M
2019-06-15 14:19:19,26.57 G,332.76 G,466.69 K,2.10 M
2019-06-15 14:19:21,26.57 G,332.76 G,201.93 K,925.89 K
2019-06-15 14:19:23,26.57 G,332.77 G,401.46 K,1.92 M
2019-06-15 14:19:25,26.57 G,332.77 G,403.98 K,1.90 M
2019-06-15 14:19:28,26.57 G,332.77 G,441.69 K,1.92 M
2019-06-15 14:19:30,26.57 G,332.78 G,466.74 K,2.03 M
2019-06-15 14:19:32,26.57 G,332.78 G,437.36 K,1.89 M
2019-06-15 14:19:34,26.57 G,332.78 G,452.79 K,1.97 M
2019-06-15 14:19:36,26.58 G,332.79 G,445.82 K,1.94 M
2019-06-15 14:19:38,26.58 G,332.79 G,447.13 K,1.94 M
2019-06-15 14:19:40,26.58 G,332.80 G,460.63 K,1.99 M
2019-06-15 14:19:42,26.58 G,332.80 G,448.92 K,1.95 M
2019-06-15 14:19:44,26.58 G,332.80 G,459.44 K,1.99 M
2019-06-15 14:19:46,26.58 G,332.81 G,431.44 K,1.87 M
2019-06-15 14:19:48,26.58 G,332.81 G,458.54 K,1.98 M
2019-06-15 14:19:50,26.58 G,332.82 G,463.00 K,2.02 M
2019-06-15 14:19:52,26.58 G,332.82 G,450.93 K,1.95 M
2019-06-15 14:19:54,26.58 G,332.82 G,464.82 K,2.03 M
2019-06-15 14:19:56,26.58 G,332.83 G,11.10 K,49.82 K
2019-06-15 14:20:01,26.58 G,332.83 G,420.69 K,1.82 M
2019-06-15 14:20:03,26.59 G,332.83 G,441.85 K,1.92 M
2019-06-15 14:20:05,26.59 G,332.84 G,456.62 K,1.97 M
2019-06-15 14:20:08,26.59 G,332.84 G,163.86 K,846.06 K
2019-06-15 14:20:10,26.59 G,332.84 G,199.33 K,948.45 K
2019-06-15 14:20:12,26.59 G,332.84 G,203.73 K,1.00 M
2019-06-15 14:20:14,26.59 G,332.84 G,211.69 K,1.09 M
2019-06-15 14:20:16,26.59 G,332.85 G,268.58 K,1.28 M
2019-06-15 14:20:18,26.59 G,332.85 G,445.64 K,2.29 M
2019-06-15 14:20:20,26.59 G,332.86 G,478.84 K,2.31 M
2019-06-15 14:20:22,26.59 G,332.86 G,435.68 K,2.13 M
2019-06-15 14:20:24,26.59 G,332.86 G,223.53 K,1.53 M
2019-06-15 14:20:26,26.59 G,332.87 G,164.21 K,792.97 K
2019-06-15 14:20:28,26.59 G,332.87 G,149.94 K,732.75 K
2019-06-15 14:20:30,26.59 G,332.87 G,270.92 K,1.36 M
2019-06-15 14:20:32,26.59 G,332.87 G,429.44 K,2.27 M
2019-06-15 14:20:34,26.59 G,332.88 G,402.07 K,1.99 M
2019-06-15 14:20:37,26.60 G,332.88 G,440.10 K,1.95 M
2019-06-15 14:20:39,26.60 G,332.89 G,462.88 K,2.04 M
2019-06-15 14:20:41,26.60 G,332.89 G,451.47 K,2.00 M
2019-06-15 14:20:43,26.60 G,332.89 G,442.73 K,1.97 M
2019-06-15 14:20:45,26.60 G,332.90 G,449.30 K,2.00 M
2019-06-15 14:20:47,26.60 G,332.90 G,440.74 K,1.95 M
2019-06-15 14:20:49,26.60 G,332.91 G,431.71 K,1.92 M
2019-06-15 14:20:51,26.60 G,332.91 G,97.03 K,426.38 K
2019-06-15 14:20:53,26.60 G,332.91 G,417.22 K,1.83 M
2019-06-15 14:20:55,26.60 G,332.92 G,430.08 K,1.88 M
2019-06-15 14:20:57,26.60 G,332.92 G,451.01 K,1.97 M
2019-06-15 14:20:59,26.60 G,332.92 G,454.66 K,2.00 M
2019-06-15 14:21:01,26.61 G,332.93 G,457.87 K,2.00 M
2019-06-15 14:21:03,26.61 G,332.93 G,465.10 K,2.05 M
2019-06-15 14:21:05,26.61 G,332.93 G,211.60 K,918.90 K
2019-06-15 14:21:07,26.61 G,332.94 G,296.80 K,1.36 M
2019-06-15 14:21:09,26.61 G,332.94 G,271.35 K,1.24 M
2019-06-15 14:21:11,26.61 G,332.94 G,438.75 K,2.04 M
2019-06-15 14:21:13,26.61 G,332.95 G,423.63 K,1.98 M
2019-06-15 14:21:15,26.61 G,332.95 G,435.39 K,2.03 M
2019-06-15 14:21:17,26.61 G,332.95 G,428.71 K,2.00 M
2019-06-15 14:21:19,26.61 G,332.96 G,437.54 K,2.05 M
2019-06-15 14:21:21,26.61 G,332.96 G,432.39 K,2.01 M
2019-06-15 14:21:23,26.61 G,332.97 G,437.11 K,2.05 M
2019-06-15 14:21:25,26.61 G,332.97 G,444.48 K,2.07 M
2019-06-15 14:21:27,26.62 G,332.97 G,439.73 K,2.06 M
2019-06-15 14:21:29,26.62 G,332.98 G,423.01 K,1.96 M
2019-06-15 14:21:31,26.62 G,332.98 G,422.46 K,1.98 M
2019-06-15 14:21:33,26.62 G,332.99 G,423.85 K,1.97 M
2019-06-15 14:21:35,26.62 G,332.99 G,422.79 K,1.97 M
2019-06-15 14:21:37,26.62 G,332.99 G,415.11 K,1.96 M
2019-06-15 14:21:39,26.62 G,333.00 G,439.71 K,2.06 M
2019-06-15 14:21:41,26.62 G,333.00 G,435.21 K,2.02 M
2019-06-15 14:21:43,26.62 G,333.01 G,434.74 K,2.04 M
2019-06-15 14:21:45,26.62 G,333.01 G,423.19 K,1.99 M
2019-06-15 14:21:47,26.62 G,333.01 G,439.48 K,2.06 M
2019-06-15 14:21:49,26.62 G,333.02 G,427.06 K,2.01 M
2019-06-15 14:21:51,26.63 G,333.02 G,418.06 K,1.97 M
2019-06-15 14:21:53,26.63 G,333.03 G,443.19 K,2.08 M
2019-06-15 14:21:55,26.63 G,333.03 G,423.45 K,2.00 M
2019-06-15 14:21:57,26.63 G,333.03 G,431.92 K,2.03 M
2019-06-15 14:21:59,26.63 G,333.04 G,416.36 K,1.95 M
2019-06-15 14:22:01,26.63 G,333.04 G,431.65 K,2.01 M
2019-06-15 14:22:03,26.63 G,333.05 G,378.01 K,1.79 M
2019-06-15 14:22:05,26.63 G,333.05 G,426.16 K,1.99 M
2019-06-15 14:22:07,26.63 G,333.05 G,434.70 K,2.03 M
2019-06-15 14:22:09,26.63 G,333.06 G,252.36 K,1.18 M
2019-06-15 14:22:11,26.63 G,333.06 G,187.68 K,888.51 K
2019-06-15 14:22:13,26.63 G,333.06 G,295.09 K,1.29 M
2019-06-15 14:22:15,26.63 G,333.06 G,284.00 K,1.24 M
2019-06-15 14:22:20,26.63 G,333.07 G,456.34 K,2.09 M
2019-06-15 14:22:22,26.64 G,333.07 G,467.65 K,2.13 M
2019-06-15 14:22:24,26.64 G,333.08 G,473.51 K,2.16 M
2019-06-15 14:22:26,26.64 G,333.08 G,469.48 K,2.15 M
2019-06-15 14:22:28,26.64 G,333.08 G,469.75 K,2.14 M
2019-06-15 14:22:30,26.64 G,333.09 G,470.62 K,2.15 M
2019-06-15 14:22:32,26.64 G,333.09 G,470.82 K,2.14 M
2019-06-15 14:22:34,26.64 G,333.10 G,478.18 K,2.17 M
2019-06-15 14:22:36,26.64 G,333.10 G,480.71 K,2.19 M
2019-06-15 14:22:38,26.64 G,333.11 G,461.76 K,2.10 M
2019-06-15 14:22:40,26.64 G,333.11 G,459.00 K,2.10 M
2019-06-15 14:22:42,26.64 G,333.11 G,467.94 K,2.14 M
2019-06-15 14:22:44,26.65 G,333.12 G,473.04 K,2.15 M
2019-06-15 14:22:46,26.65 G,333.12 G,470.43 K,2.14 M
2019-06-15 14:22:48,26.65 G,333.13 G,465.39 K,2.14 M
2019-06-15 14:22:50,26.65 G,333.13 G,452.10 K,2.06 M
2019-06-15 14:22:52,26.65 G,333.13 G,471.57 K,2.16 M
2019-06-15 14:22:54,26.65 G,333.14 G,469.69 K,2.15 M
2019-06-15 14:22:56,26.65 G,333.14 G,474.58 K,2.16 M
2019-06-15 14:22:58,26.65 G,333.15 G,475.36 K,2.16 M
2019-06-15 14:23:00,26.65 G,333.15 G,466.53 K,2.14 M
2019-06-15 14:23:02,26.65 G,333.16 G,469.62 K,2.14 M
2019-06-15 14:23:04,26.65 G,333.16 G,466.77 K,2.12 M
2019-06-15 14:23:06,26.66 G,333.16 G,475.64 K,2.18 M
2019-06-15 14:23:08,26.66 G,333.17 G,460.08 K,2.10 M
2019-06-15 14:23:10,26.66 G,333.17 G,482.82 K,2.20 M
2019-06-15 14:23:12,26.66 G,333.18 G,465.13 K,2.13 M
2019-06-15 14:23:14,26.66 G,333.18 G,467.11 K,2.14 M
2019-06-15 14:23:16,26.66 G,333.19 G,470.96 K,2.15 M
2019-06-15 14:23:18,26.66 G,333.19 G,467.25 K,2.12 M
2019-06-15 14:23:20,26.66 G,333.19 G,465.70 K,2.13 M
2019-06-15 14:23:22,26.66 G,333.20 G,473.74 K,2.16 M
2019-06-15 14:23:24,26.66 G,333.20 G,463.54 K,2.13 M
2019-06-15 14:23:26,26.66 G,333.21 G,466.28 K,2.12 M
2019-06-15 14:23:28,26.67 G,333.21 G,464.47 K,2.11 M
2019-06-15 14:23:30,26.67 G,333.21 G,454.00 K,2.09 M
2019-06-15 14:23:32,26.67 G,333.22 G,476.32 K,2.17 M
2019-06-15 14:23:34,26.67 G,333.22 G,463.24 K,2.10 M
2019-06-15 14:23:36,26.67 G,333.23 G,471.86 K,2.15 M
2019-06-15 14:23:38,26.67 G,333.23 G,463.53 K,2.12 M
2019-06-15 14:23:40,26.67 G,333.24 G,474.89 K,2.17 M
2019-06-15 14:23:42,26.67 G,333.24 G,472.61 K,2.17 M
2019-06-15 14:23:44,26.67 G,333.24 G,472.44 K,2.14 M
2019-06-15 14:23:46,26.67 G,333.25 G,479.92 K,2.18 M
2019-06-15 14:23:48,26.67 G,333.25 G,474.94 K,2.18 M
2019-06-15 14:23:50,26.68 G,333.26 G,478.47 K,2.20 M
2019-06-15 14:23:52,26.68 G,333.26 G,473.69 K,2.16 M
2019-06-15 14:23:54,26.68 G,333.26 G,478.36 K,2.19 M
2019-06-15 14:23:56,26.68 G,333.27 G,472.88 K,2.17 M
2019-06-15 14:23:58,26.68 G,333.27 G,465.29 K,2.12 M
2019-06-15 14:24:00,26.68 G,333.28 G,438.86 K,2.00 M
2019-06-15 14:24:02,26.68 G,333.28 G,460.54 K,2.09 M
2019-06-15 14:24:04,26.68 G,333.29 G,461.37 K,2.11 M
2019-06-15 14:24:06,26.68 G,333.29 G,460.77 K,2.12 M
2019-06-15 14:24:08,26.68 G,333.29 G,470.95 K,2.15 M
2019-06-15 14:24:10,26.68 G,333.30 G,474.24 K,2.16 M
2019-06-15 14:24:12,26.68 G,333.30 G,462.38 K,2.12 M
2019-06-15 14:24:14,26.69 G,333.31 G,468.96 K,2.13 M
2019-06-15 14:24:16,26.69 G,333.31 G,474.86 K,2.16 M
2019-06-15 14:24:18,26.69 G,333.31 G,466.51 K,2.14 M
2019-06-15 14:24:20,26.69 G,333.32 G,467.50 K,2.12 M
2019-06-15 14:24:22,26.69 G,333.32 G,469.28 K,2.13 M
2019-06-15 14:24:24,26.69 G,333.33 G,483.97 K,2.23 M
2019-06-15 14:24:26,26.69 G,333.33 G,466.64 K,2.13 M
2019-06-15 14:24:28,26.69 G,333.34 G,473.13 K,2.15 M
2019-06-15 14:24:30,26.69 G,333.34 G,457.18 K,2.08 M
2019-06-15 14:24:32,26.69 G,333.34 G,466.87 K,2.13 M
2019-06-15 14:24:34,26.69 G,333.35 G,464.76 K,2.13 M
2019-06-15 14:24:36,26.70 G,333.35 G,467.93 K,2.13 M
2019-06-15 14:24:38,26.70 G,333.36 G,504.21 K,4.38 M
2019-06-15 14:24:40,26.70 G,333.36 G,458.94 K,2.10 M
2019-06-15 14:24:42,26.70 G,333.37 G,469.12 K,2.14 M
2019-06-15 14:24:44,26.70 G,333.37 G,473.40 K,2.16 M
2019-06-15 14:24:46,26.70 G,333.38 G,478.25 K,2.20 M
2019-06-15 14:24:48,26.70 G,333.38 G,474.18 K,2.16 M
2019-06-15 14:24:50,26.70 G,333.38 G,445.93 K,2.04 M
2019-06-15 14:24:52,26.70 G,333.39 G,479.30 K,2.18 M
2019-06-15 14:24:54,26.70 G,333.39 G,466.67 K,2.12 M
2019-06-15 14:24:56,26.70 G,333.40 G,463.42 K,2.13 M
2019-06-15 14:24:58,26.71 G,333.40 G,471.98 K,2.15 M
2019-06-15 14:25:00,26.71 G,333.40 G,469.48 K,2.14 M
2019-06-15 14:25:02,26.71 G,333.41 G,485.60 K,2.23 M
2019-06-15 14:25:04,26.71 G,333.41 G,465.10 K,2.12 M
2019-06-15 14:25:06,26.71 G,333.42 G,473.20 K,2.16 M
2019-06-15 14:25:08,26.71 G,333.42 G,458.62 K,2.11 M
2019-06-15 14:25:10,26.71 G,333.43 G,471.41 K,2.14 M
2019-06-15 14:25:12,26.71 G,333.43 G,482.06 K,2.19 M
2019-06-15 14:25:14,26.71 G,333.43 G,485.17 K,2.23 M
2019-06-15 14:25:16,26.71 G,333.44 G,478.32 K,2.20 M
2019-06-15 14:25:18,26.71 G,333.44 G,481.27 K,2.19 M
2019-06-15 14:25:20,26.72 G,333.45 G,498.66 K,2.38 M
2019-06-15 14:25:22,26.72 G,333.45 G,465.26 K,2.23 M
2019-06-15 14:25:24,26.72 G,333.46 G,472.84 K,2.28 M
2019-06-15 14:25:26,26.72 G,333.46 G,477.99 K,2.29 M
2019-06-15 14:25:28,26.72 G,333.47 G,484.46 K,2.32 M
2019-06-15 14:25:30,26.72 G,333.47 G,477.40 K,2.31 M
2019-06-15 14:25:35,26.72 G,333.47 G,452.52 K,2.20 M
2019-06-15 14:25:37,26.72 G,333.48 G,444.27 K,2.11 M
2019-06-15 14:25:39,26.72 G,333.48 G,461.93 K,2.24 M
2019-06-15 14:25:41,26.72 G,333.49 G,454.20 K,2.15 M
2019-06-15 14:25:43,26.72 G,333.49 G,140.44 K,792.09 K
2019-06-15 14:25:45,26.72 G,333.49 G,184.31 K,1.02 M
2019-06-15 14:25:47,26.72 G,333.49 G,176.91 K,1006.84 K
2019-06-15 14:25:49,26.73 G,333.50 G,176.56 K,1005.00 K
2019-06-15 14:25:51,26.73 G,333.50 G,191.63 K,1019.14 K
2019-06-15 14:25:53,26.73 G,333.50 G,197.77 K,1.07 M
2019-06-15 14:25:55,26.73 G,333.50 G,184.38 K,991.67 K
2019-06-15 14:25:57,26.73 G,333.50 G,190.65 K,1.05 M
2019-06-15 14:25:59,26.73 G,333.51 G,165.69 K,954.88 K
2019-06-15 14:26:01,26.73 G,333.51 G,183.53 K,1.02 M
2019-06-15 14:26:03,26.73 G,333.51 G,160.66 K,950.30 K
2019-06-15 14:26:05,26.73 G,333.51 G,178.81 K,960.40 K
2019-06-15 14:26:07,26.73 G,333.51 G,193.53 K,960.58 K
2019-06-15 14:26:09,26.73 G,333.52 G,191.29 K,952.85 K
2019-06-15 14:26:11,26.73 G,333.52 G,165.16 K,824.06 K
2019-06-15 14:26:13,26.73 G,333.52 G,158.64 K,795.10 K
2019-06-15 14:26:15,26.73 G,333.52 G,171.29 K,861.00 K
2019-06-15 14:26:17,26.73 G,333.52 G,168.56 K,845.52 K
2019-06-15 14:26:19,26.73 G,333.52 G,183.34 K,907.09 K
2019-06-15 14:26:21,26.73 G,333.52 G,138.50 K,702.70 K
2019-06-15 14:26:23,26.73 G,333.53 G,158.20 K,795.19 K
2019-06-15 14:26:25,26.73 G,333.53 G,148.75 K,743.38 K
2019-06-15 14:26:27,26.73 G,333.53 G,139.15 K,697.85 K
2019-06-15 14:26:29,26.73 G,333.53 G,148.85 K,753.97 K
2019-06-15 14:26:31,26.73 G,333.53 G,144.81 K,730.59 K
2019-06-15 14:26:33,26.73 G,333.53 G,168.33 K,840.22 K
2019-06-15 14:26:36,26.73 G,333.54 G,145.01 K,730.93 K
2019-06-15 14:26:38,26.73 G,333.54 G,135.21 K,681.15 K
2019-06-15 14:26:40,26.73 G,333.54 G,135.03 K,683.29 K
2019-06-15 14:26:42,26.73 G,333.54 G,158.11 K,793.55 K
2019-06-15 14:26:44,26.73 G,333.54 G,152.27 K,764.41 K
2019-06-15 14:26:46,26.73 G,333.54 G,140.90 K,702.35 K
2019-06-15 14:26:48,26.73 G,333.54 G,142.84 K,720.29 K
2019-06-15 14:26:50,26.73 G,333.55 G,162.39 K,817.87 K
2019-06-15 14:26:52,26.73 G,333.55 G,151.89 K,765.30 K
2019-06-15 14:26:54,26.74 G,333.55 G,162.50 K,814.83 K
2019-06-15 14:26:56,26.74 G,333.55 G,158.87 K,798.75 K
2019-06-15 14:26:58,26.74 G,333.55 G,142.10 K,708.00 K
2019-06-15 14:27:00,26.74 G,333.55 G,131.41 K,648.22 K
2019-06-15 14:27:02,26.74 G,333.55 G,133.79 K,676.09 K
2019-06-15 14:27:04,26.74 G,333.56 G,126.83 K,628.80 K
2019-06-15 14:27:06,26.74 G,333.56 G,143.94 K,716.09 K
2019-06-15 14:27:08,26.74 G,333.56 G,125.08 K,635.70 K
2019-06-15 14:27:10,26.74 G,333.56 G,132.05 K,666.59 K
2019-06-15 14:27:13,26.74 G,333.56 G,421.39 K,2.09 M
2019-06-15 14:27:15,26.74 G,333.57 G,400.99 K,2.03 M
2019-06-15 14:27:17,26.74 G,333.57 G,43.55 K,215.25 K
2019-06-15 14:27:19,26.74 G,333.57 G,466.89 K,2.18 M
2019-06-15 14:27:21,26.74 G,333.58 G,405.93 K,1.84 M
2019-06-15 14:27:23,26.74 G,333.58 G,361.40 K,1.67 M
2019-06-15 14:27:26,26.74 G,333.58 G,423.06 K,1.79 M
2019-06-15 14:27:28,26.74 G,333.59 G,435.71 K,1.85 M
2019-06-15 14:27:30,26.74 G,333.59 G,425.78 K,1.80 M
2019-06-15 14:27:32,26.74 G,333.59 G,454.71 K,1.92 M
2019-06-15 14:27:34,26.75 G,333.60 G,414.43 K,1.76 M
2019-06-15 14:27:36,26.75 G,333.60 G,418.57 K,1.77 M
2019-06-15 14:27:38,26.75 G,333.60 G,410.19 K,1.74 M
2019-06-15 14:27:40,26.75 G,333.61 G,435.36 K,1.85 M
2019-06-15 14:27:42,26.75 G,333.61 G,449.35 K,1.91 M
2019-06-15 14:27:44,26.75 G,333.62 G,433.62 K,1.83 M
2019-06-15 14:27:46,26.75 G,333.62 G,437.87 K,1.86 M
2019-06-15 14:27:48,26.75 G,333.62 G,438.47 K,1.86 M
2019-06-15 14:27:50,26.75 G,333.63 G,439.09 K,1.86 M
2019-06-15 14:27:52,26.75 G,333.63 G,444.10 K,1.88 M
2019-06-15 14:27:54,26.75 G,333.63 G,454.33 K,1.93 M
2019-06-15 14:27:56,26.75 G,333.64 G,463.43 K,1.96 M
2019-06-15 14:27:58,26.76 G,333.64 G,449.75 K,1.90 M
2019-06-15 14:28:00,26.76 G,333.64 G,443.88 K,1.88 M
2019-06-15 14:28:02,26.76 G,333.65 G,425.50 K,1.80 M
2019-06-15 14:28:04,26.76 G,333.65 G,449.72 K,1.91 M
2019-06-15 14:28:06,26.76 G,333.66 G,457.83 K,1.93 M
2019-06-15 14:28:08,26.76 G,333.66 G,452.17 K,1.92 M
2019-06-15 14:28:10,26.76 G,333.66 G,437.89 K,1.85 M
2019-06-15 14:28:12,26.76 G,333.67 G,452.21 K,1.92 M
2019-06-15 14:28:14,26.76 G,333.67 G,459.05 K,1.94 M
2019-06-15 14:28:16,26.76 G,333.67 G,466.14 K,1.97 M
2019-06-15 14:28:18,26.76 G,333.68 G,429.18 K,1.82 M
2019-06-15 14:28:20,26.76 G,333.68 G,435.95 K,1.85 M
2019-06-15 14:28:22,26.77 G,333.69 G,434.21 K,1.84 M
2019-06-15 14:28:24,26.77 G,333.69 G,430.44 K,1.83 M
2019-06-15 14:28:26,26.77 G,333.69 G,440.79 K,1.86 M
2019-06-15 14:28:28,26.77 G,333.70 G,436.59 K,1.85 M
2019-06-15 14:28:30,26.77 G,333.70 G,438.80 K,1.86 M
2019-06-15 14:28:32,26.77 G,333.70 G,433.44 K,1.84 M
2019-06-15 14:28:34,26.77 G,333.71 G,450.02 K,1.90 M
2019-06-15 14:28:36,26.77 G,333.71 G,458.67 K,1.94 M
2019-06-15 14:28:38,26.77 G,333.71 G,437.55 K,1.85 M
2019-06-15 14:28:40,26.77 G,333.72 G,422.90 K,1.80 M
2019-06-15 14:28:42,26.77 G,333.72 G,441.21 K,1.87 M
2019-06-15 14:28:44,26.78 G,333.73 G,461.92 K,1.96 M
2019-06-15 14:28:46,26.78 G,333.73 G,427.17 K,1.82 M
2019-06-15 14:28:48,26.78 G,333.73 G,467.78 K,1.98 M
2019-06-15 14:28:50,26.78 G,333.74 G,432.79 K,1.84 M
2019-06-15 14:28:52,26.78 G,333.74 G,422.37 K,1.79 M
2019-06-15 14:28:54,26.78 G,333.74 G,453.66 K,1.92 M
2019-06-15 14:28:56,26.78 G,333.75 G,452.03 K,1.92 M
2019-06-15 14:28:58,26.78 G,333.75 G,442.45 K,1.88 M
2019-06-15 14:29:00,26.78 G,333.75 G,450.54 K,1.90 M
2019-06-15 14:29:02,26.78 G,333.76 G,472.08 K,2.00 M
2019-06-15 14:29:04,26.78 G,333.76 G,467.07 K,1.98 M
2019-06-15 14:29:06,26.78 G,333.77 G,408.56 K,1.73 M
2019-06-15 14:29:08,26.79 G,333.77 G,439.33 K,1.87 M
2019-06-15 14:29:10,26.79 G,333.77 G,412.98 K,1.76 M
2019-06-15 14:29:12,26.79 G,333.78 G,415.21 K,1.75 M
2019-06-15 14:29:14,26.79 G,333.78 G,422.72 K,1.79 M
2019-06-15 14:29:16,26.79 G,333.78 G,447.44 K,1.89 M
2019-06-15 14:29:18,26.79 G,333.79 G,435.20 K,1.84 M
2019-06-15 14:29:20,26.79 G,333.79 G,430.85 K,1.83 M
2019-06-15 14:29:22,26.79 G,333.79 G,439.75 K,1.86 M
2019-06-15 14:29:24,26.79 G,333.80 G,440.93 K,1.87 M
2019-06-15 14:29:26,26.79 G,333.80 G,443.48 K,1.88 M
2019-06-15 14:29:28,26.79 G,333.81 G,444.85 K,1.88 M
2019-06-15 14:29:30,26.79 G,333.81 G,440.23 K,1.86 M
2019-06-15 14:29:32,26.80 G,333.81 G,430.35 K,1.82 M
2019-06-15 14:29:34,26.80 G,333.82 G,452.91 K,1.92 M
2019-06-15 14:29:36,26.80 G,333.82 G,453.48 K,1.92 M
2019-06-15 14:29:38,26.80 G,333.82 G,448.02 K,1.89 M
2019-06-15 14:29:40,26.80 G,333.83 G,445.25 K,1.89 M
2019-06-15 14:29:42,26.80 G,333.83 G,449.59 K,1.90 M
2019-06-15 14:29:44,26.80 G,333.84 G,459.09 K,1.94 M
2019-06-15 14:29:46,26.80 G,333.84 G,453.04 K,1.92 M
2019-06-15 14:29:48,26.80 G,333.84 G,446.50 K,1.89 M
2019-06-15 14:29:50,26.80 G,333.85 G,437.67 K,1.85 M
2019-06-15 14:29:52,26.80 G,333.85 G,448.04 K,1.89 M
2019-06-15 14:29:54,26.80 G,333.85 G,445.48 K,1.89 M
2019-06-15 14:29:56,26.81 G,333.86 G,452.04 K,1.92 M
2019-06-15 14:29:58,26.81 G,333.86 G,453.20 K,1.92 M
2019-06-15 14:30:00,26.81 G,333.86 G,442.53 K,1.87 M
2019-06-15 14:30:02,26.81 G,333.87 G,444.90 K,1.89 M
2019-06-15 14:30:04,26.81 G,333.87 G,452.55 K,1.92 M
2019-06-15 14:30:06,26.81 G,333.88 G,455.93 K,1.94 M
2019-06-15 14:30:08,26.81 G,333.88 G,464.13 K,1.97 M
2019-06-15 14:30:10,26.81 G,333.88 G,442.12 K,1.87 M
2019-06-15 14:30:12,26.81 G,333.89 G,440.84 K,1.87 M
2019-06-15 14:30:14,26.81 G,333.89 G,253.61 K,1.07 M
2019-06-15 14:30:16,26.81 G,333.89 G,95.59 K,404.77 K
2019-06-15 14:30:18,26.81 G,333.89 G,430.17 K,1.82 M
2019-06-15 14:30:23,26.82 G,333.90 G,371.70 K,1.77 M
2019-06-15 14:30:25,26.82 G,333.90 G,80.55 K,385.64 K
2019-06-15 14:30:28,26.82 G,333.90 G,89.54 K,429.72 K
2019-06-15 14:30:30,26.82 G,333.90 G,63.36 K,300.34 K
2019-06-15 14:30:32,26.82 G,333.91 G,439.28 K,1.90 M
2019-06-15 14:30:34,26.82 G,333.91 G,452.28 K,1.95 M
2019-06-15 14:30:36,26.82 G,333.91 G,452.54 K,1.95 M
2019-06-15 14:30:38,26.82 G,333.92 G,461.96 K,1.99 M
2019-06-15 14:30:40,26.82 G,333.92 G,478.03 K,2.06 M
2019-06-15 14:30:42,26.82 G,333.92 G,339.12 K,1.46 M
2019-06-15 14:30:44,26.82 G,333.93 G,441.63 K,1.92 M
2019-06-15 14:30:46,26.82 G,333.93 G,451.63 K,1.96 M
2019-06-15 14:30:48,26.82 G,333.94 G,453.82 K,1.97 M
2019-06-15 14:30:50,26.82 G,333.94 G,471.62 K,2.06 M
2019-06-15 14:30:52,26.82 G,333.94 G,466.65 K,2.02 M
2019-06-15 14:30:54,26.83 G,333.95 G,452.48 K,1.97 M
2019-06-15 14:30:56,26.83 G,333.95 G,450.84 K,1.96 M
2019-06-15 14:30:58,26.83 G,333.95 G,448.47 K,1.95 M
2019-06-15 14:31:00,26.83 G,333.96 G,460.83 K,2.00 M
2019-06-15 14:31:02,26.83 G,333.96 G,460.14 K,2.00 M
2019-06-15 14:31:04,26.83 G,333.97 G,465.70 K,2.02 M
2019-06-15 14:31:06,26.83 G,333.97 G,455.77 K,1.98 M
2019-06-15 14:31:08,26.83 G,333.97 G,463.89 K,2.01 M
2019-06-15 14:31:10,26.83 G,333.98 G,464.93 K,2.02 M
2019-06-15 14:31:17,26.83 G,333.98 G,407.11 K,1.85 M
2019-06-15 14:31:19,26.83 G,333.99 G,19.16 K,113.11 K
2019-06-15 14:31:21,26.83 G,333.99 G,326.84 K,1.49 M
2019-06-15 14:31:23,26.84 G,333.99 G,463.69 K,1.99 M
2019-06-15 14:31:25,26.84 G,334.00 G,463.01 K,1.98 M
2019-06-15 14:31:27,26.84 G,334.00 G,469.42 K,2.00 M
2019-06-15 14:31:29,26.84 G,334.00 G,461.76 K,1.98 M
2019-06-15 14:31:31,26.84 G,334.01 G,461.66 K,1.97 M
2019-06-15 14:31:33,26.84 G,334.01 G,476.47 K,2.03 M
2019-06-15 14:31:35,26.84 G,334.02 G,470.69 K,2.00 M
2019-06-15 14:31:37,26.84 G,334.02 G,478.46 K,2.03 M
2019-06-15 14:31:39,26.84 G,334.02 G,469.38 K,2.02 M
2019-06-15 14:31:41,26.84 G,334.03 G,467.96 K,1.99 M
2019-06-15 14:31:43,26.84 G,334.03 G,457.13 K,1.95 M
2019-06-15 14:31:45,26.85 G,334.03 G,477.77 K,2.04 M
2019-06-15 14:31:47,26.85 G,334.04 G,453.27 K,1.93 M
2019-06-15 14:31:49,26.85 G,334.04 G,462.16 K,1.97 M
2019-06-15 14:31:52,26.85 G,334.05 G,427.49 K,1.81 M
2019-06-15 14:31:54,26.85 G,334.05 G,430.20 K,1.83 M
2019-06-15 14:31:56,26.85 G,334.05 G,436.40 K,1.85 M
2019-06-15 14:31:58,26.85 G,334.06 G,439.87 K,1.86 M
2019-06-15 14:32:00,26.85 G,334.06 G,415.15 K,1.76 M
2019-06-15 14:32:02,26.85 G,334.06 G,433.65 K,1.84 M
2019-06-15 14:32:04,26.85 G,334.07 G,451.63 K,1.93 M
2019-06-15 14:32:06,26.85 G,334.07 G,454.89 K,1.92 M
2019-06-15 14:32:08,26.85 G,334.08 G,459.65 K,1.94 M
2019-06-15 14:32:10,26.86 G,334.08 G,442.47 K,1.88 M
2019-06-15 14:32:12,26.86 G,334.08 G,453.20 K,1.92 M
2019-06-15 14:32:14,26.86 G,334.09 G,434.75 K,1.84 M
2019-06-15 14:32:16,26.86 G,334.09 G,432.56 K,1.84 M
2019-06-15 14:32:18,26.86 G,334.09 G,414.43 K,1.76 M
2019-06-15 14:32:20,26.86 G,334.10 G,434.86 K,1.83 M
2019-06-15 14:32:22,26.86 G,334.10 G,450.70 K,1.91 M
2019-06-15 14:32:24,26.86 G,334.10 G,468.67 K,1.98 M
2019-06-15 14:32:26,26.86 G,334.11 G,446.12 K,1.89 M
2019-06-15 14:32:28,26.86 G,334.11 G,405.49 K,1.72 M
2019-06-15 14:32:30,26.86 G,334.12 G,406.68 K,1.73 M
2019-06-15 14:32:32,26.86 G,334.12 G,437.04 K,1.86 M
2019-06-15 14:32:34,26.87 G,334.12 G,427.72 K,1.80 M
2019-06-15 14:32:36,26.87 G,334.13 G,433.64 K,1.83 M
2019-06-15 14:32:38,26.87 G,334.13 G,436.12 K,1.84 M
2019-06-15 14:32:40,26.87 G,334.13 G,437.66 K,1.86 M
2019-06-15 14:32:42,26.87 G,334.14 G,444.09 K,1.88 M
2019-06-15 14:32:44,26.87 G,334.14 G,423.32 K,1.79 M
2019-06-15 14:32:46,26.87 G,334.14 G,446.83 K,1.90 M
2019-06-15 14:32:48,26.87 G,334.15 G,423.05 K,1.79 M
2019-06-15 14:32:51,26.87 G,334.15 G,407.54 K,1.73 M
2019-06-15 14:32:53,26.87 G,334.15 G,431.01 K,1.83 M
2019-06-15 14:32:55,26.87 G,334.16 G,424.56 K,1.80 M
2019-06-15 14:32:57,26.87 G,334.16 G,432.20 K,1.84 M
2019-06-15 14:32:59,26.88 G,334.16 G,422.90 K,1.81 M
2019-06-15 14:33:01,26.88 G,334.17 G,424.67 K,1.80 M
2019-06-15 14:33:03,26.88 G,334.17 G,443.49 K,1.89 M
2019-06-15 14:33:05,26.88 G,334.18 G,453.86 K,1.92 M
2019-06-15 14:33:07,26.88 G,334.18 G,439.28 K,1.87 M
2019-06-15 14:33:09,26.88 G,334.18 G,429.17 K,1.82 M
2019-06-15 14:33:11,26.88 G,334.19 G,447.80 K,1.88 M
2019-06-15 14:33:13,26.88 G,334.19 G,442.45 K,1.87 M
2019-06-15 14:33:15,26.88 G,334.19 G,435.65 K,1.84 M
2019-06-15 14:33:17,26.88 G,334.20 G,428.76 K,1.82 M
2019-06-15 14:33:19,26.88 G,334.20 G,427.53 K,1.81 M
2019-06-15 14:33:21,26.88 G,334.20 G,447.53 K,1.90 M
2019-06-15 14:33:23,26.89 G,334.21 G,441.46 K,1.87 M
2019-06-15 14:33:25,26.89 G,334.21 G,425.24 K,1.81 M
2019-06-15 14:33:27,26.89 G,334.22 G,448.87 K,1.90 M
2019-06-15 14:33:29,26.89 G,334.22 G,450.68 K,1.92 M
2019-06-15 14:33:31,26.89 G,334.22 G,443.38 K,1.88 M
2019-06-15 14:33:33,26.89 G,334.23 G,441.48 K,1.87 M
2019-06-15 14:33:35,26.89 G,334.23 G,436.76 K,1.85 M
2019-06-15 14:33:37,26.89 G,334.23 G,425.90 K,1.80 M
2019-06-15 14:33:39,26.89 G,334.24 G,442.24 K,1.88 M
2019-06-15 14:33:41,26.89 G,334.24 G,453.00 K,1.92 M
2019-06-15 14:33:43,26.89 G,334.24 G,425.93 K,1.81 M
2019-06-15 14:33:45,26.89 G,334.25 G,432.03 K,1.83 M
2019-06-15 14:33:47,26.90 G,334.25 G,413.69 K,1.75 M
2019-06-15 14:33:49,26.90 G,334.26 G,430.00 K,1.82 M
2019-06-15 14:33:51,26.90 G,334.26 G,456.98 K,1.94 M
2019-06-15 14:33:53,26.90 G,334.26 G,447.81 K,1.90 M
2019-06-15 14:33:55,26.90 G,334.27 G,446.54 K,1.90 M
2019-06-15 14:33:57,26.90 G,334.27 G,435.43 K,1.85 M
2019-06-15 14:33:59,26.90 G,334.27 G,413.29 K,1.75 M
2019-06-15 14:34:01,26.90 G,334.28 G,438.05 K,1.86 M
2019-06-15 14:34:03,26.90 G,334.28 G,433.38 K,1.85 M
2019-06-15 14:34:05,26.90 G,334.28 G,431.90 K,1.83 M
2019-06-15 14:34:07,26.90 G,334.29 G,418.56 K,1.78 M
2019-06-15 14:34:09,26.90 G,334.29 G,434.09 K,1.84 M
2019-06-15 14:34:11,26.91 G,334.30 G,424.31 K,1.80 M
2019-06-15 14:34:13,26.91 G,334.30 G,455.29 K,1.93 M
2019-06-15 14:34:15,26.91 G,334.30 G,442.04 K,1.88 M
2019-06-15 14:34:17,26.91 G,334.31 G,440.23 K,1.86 M
2019-06-15 14:34:19,26.91 G,334.31 G,445.96 K,1.89 M
2019-06-15 14:34:21,26.91 G,334.31 G,442.90 K,1.87 M
2019-06-15 14:34:23,26.91 G,334.32 G,447.29 K,1.90 M
2019-06-15 14:34:25,26.91 G,334.32 G,419.35 K,1.78 M
2019-06-15 14:34:27,26.91 G,334.33 G,434.08 K,1.84 M
2019-06-15 14:34:29,26.91 G,334.33 G,445.52 K,1.89 M
2019-06-15 14:34:31,26.91 G,334.33 G,436.68 K,1.85 M
2019-06-15 14:34:33,26.91 G,334.34 G,439.17 K,1.87 M
2019-06-15 14:34:35,26.92 G,334.34 G,434.13 K,1.84 M
2019-06-15 14:34:37,26.92 G,334.34 G,444.31 K,1.88 M
2019-06-15 14:34:39,26.92 G,334.35 G,453.57 K,1.92 M
2019-06-15 14:34:41,26.92 G,334.35 G,441.52 K,1.87 M
2019-06-15 14:34:43,26.92 G,334.35 G,441.72 K,1.87 M
2019-06-15 14:34:45,26.92 G,334.36 G,436.64 K,1.85 M
2019-06-15 14:34:47,26.92 G,334.36 G,390.86 K,1.65 M
2019-06-15 14:34:49,26.92 G,334.36 G,193.56 K,958.71 K
2019-06-15 14:34:51,26.92 G,334.37 G,191.00 K,959.42 K
2019-06-15 14:34:53,26.92 G,334.37 G,192.69 K,963.65 K
2019-06-15 14:34:55,26.92 G,334.37 G,192.20 K,960.58 K
2019-06-15 14:34:57,26.92 G,334.37 G,215.62 K,1.06 M
2019-06-15 14:34:59,26.92 G,334.37 G,171.62 K,868.74 K
2019-06-15 14:35:01,26.92 G,334.37 G,194.64 K,979.17 K
2019-06-15 14:35:03,26.92 G,334.38 G,197.40 K,1004.41 K
2019-06-15 14:35:05,26.92 G,334.38 G,209.26 K,1.03 M
2019-06-15 14:35:07,26.92 G,334.38 G,199.56 K,999.73 K
2019-06-15 14:35:09,26.92 G,334.38 G,203.54 K,1020.22 K
2019-06-15 14:35:11,26.93 G,334.38 G,195.82 K,983.29 K
2019-06-15 14:35:13,26.93 G,334.39 G,191.32 K,962.04 K
2019-06-15 14:35:15,26.93 G,334.39 G,195.11 K,984.67 K
2019-06-15 14:35:17,26.93 G,334.39 G,183.48 K,928.64 K
2019-06-15 14:35:19,26.93 G,334.39 G,184.91 K,933.12 K
2019-06-15 14:35:21,26.93 G,334.39 G,181.63 K,916.63 K
2019-06-15 14:35:23,26.93 G,334.39 G,171.16 K,860.27 K
2019-06-15 14:35:25,26.93 G,334.40 G,177.61 K,900.41 K
2019-06-15 14:35:27,26.93 G,334.40 G,166.76 K,838.05 K
2019-06-15 14:35:29,26.93 G,334.40 G,154.96 K,779.66 K
2019-06-15 14:35:31,26.93 G,334.40 G,183.61 K,925.35 K
2019-06-15 14:35:33,26.93 G,334.40 G,150.00 K,749.90 K
2019-06-15 14:35:35,26.93 G,334.40 G,154.05 K,772.70 K
2019-06-15 14:35:37,26.93 G,334.41 G,160.07 K,800.61 K
2019-06-15 14:35:39,26.93 G,334.41 G,159.54 K,804.09 K
2019-06-15 14:35:41,26.93 G,334.41 G,152.23 K,762.41 K
2019-06-15 14:35:43,26.93 G,334.41 G,144.98 K,728.30 K
2019-06-15 14:35:45,26.93 G,334.41 G,150.20 K,759.30 K
2019-06-15 14:35:47,26.93 G,334.41 G,142.38 K,708.75 K
2019-06-15 14:35:49,26.93 G,334.41 G,146.31 K,736.73 K
2019-06-15 14:35:51,26.93 G,334.42 G,146.21 K,728.67 K
2019-06-15 14:35:53,26.93 G,334.42 G,149.49 K,754.01 K
2019-06-15 14:35:55,26.93 G,334.42 G,143.97 K,727.83 K
2019-06-15 14:35:57,26.93 G,334.42 G,133.04 K,672.43 K
2019-06-15 14:35:59,26.93 G,334.42 G,140.77 K,703.10 K
2019-06-15 14:36:01,26.93 G,334.42 G,130.69 K,655.32 K
2019-06-15 14:36:03,26.93 G,334.42 G,135.23 K,689.66 K
2019-06-15 14:36:05,26.93 G,334.43 G,135.60 K,681.72 K
2019-06-15 14:36:07,26.93 G,334.43 G,134.63 K,674.89 K
2019-06-15 14:36:09,26.93 G,334.43 G,138.19 K,681.71 K
2019-06-15 14:36:12,26.93 G,334.43 G,474.78 K,2.21 M
2019-06-15 14:36:14,26.94 G,334.44 G,464.74 K,2.18 M
2019-06-15 14:36:16,26.94 G,334.44 G,264.83 K,1.20 M
2019-06-15 14:36:18,26.94 G,334.44 G,399.01 K,1.83 M
2019-06-15 14:36:20,26.94 G,334.45 G,422.85 K,1.93 M
2019-06-15 14:36:22,26.94 G,334.45 G,421.10 K,1.92 M
2019-06-15 14:36:24,26.94 G,334.45 G,435.29 K,1.99 M
2019-06-15 14:36:26,26.94 G,334.46 G,431.53 K,1.97 M
2019-06-15 14:36:28,26.94 G,334.46 G,412.14 K,1.87 M
2019-06-15 14:36:30,26.94 G,334.46 G,142.63 K,657.72 K
2019-06-15 14:36:32,26.94 G,334.47 G,456.16 K,2.06 M
2019-06-15 14:36:34,26.94 G,334.47 G,461.93 K,2.08 M
2019-06-15 14:36:36,26.94 G,334.48 G,464.16 K,2.09 M
2019-06-15 14:36:38,26.94 G,334.48 G,466.06 K,2.10 M
2019-06-15 14:36:40,26.95 G,334.48 G,469.40 K,2.12 M
2019-06-15 14:36:42,26.95 G,334.49 G,464.61 K,2.09 M
2019-06-15 14:36:44,26.95 G,334.49 G,456.15 K,2.06 M
2019-06-15 14:36:46,26.95 G,334.50 G,462.33 K,2.08 M
2019-06-15 14:36:48,26.95 G,334.50 G,473.24 K,2.13 M
2019-06-15 14:36:50,26.95 G,334.50 G,457.61 K,2.07 M
2019-06-15 14:36:52,26.95 G,334.51 G,472.58 K,2.13 M
2019-06-15 14:36:54,26.95 G,334.51 G,468.50 K,2.11 M
2019-06-15 14:36:56,26.95 G,334.52 G,472.67 K,2.13 M
2019-06-15 14:36:58,26.95 G,334.52 G,466.11 K,2.09 M
2019-06-15 14:37:00,26.95 G,334.53 G,457.58 K,2.05 M
2019-06-15 14:37:02,26.96 G,334.53 G,464.04 K,2.11 M
2019-06-15 14:37:04,26.96 G,334.53 G,469.52 K,2.11 M
2019-06-15 14:37:06,26.96 G,334.54 G,464.62 K,2.08 M
2019-06-15 14:37:08,26.96 G,334.54 G,464.45 K,2.09 M
2019-06-15 14:37:10,26.96 G,334.55 G,467.37 K,2.10 M
2019-06-15 14:37:12,26.96 G,334.55 G,464.46 K,2.09 M
2019-06-15 14:37:14,26.96 G,334.55 G,463.90 K,2.09 M
2019-06-15 14:37:16,26.96 G,334.56 G,473.03 K,2.13 M
2019-06-15 14:37:18,26.96 G,334.56 G,452.92 K,2.04 M
2019-06-15 14:37:20,26.96 G,334.57 G,463.94 K,2.08 M
2019-06-15 14:37:25,26.96 G,334.57 G,482.27 K,2.19 M
2019-06-15 14:37:27,26.97 G,334.57 G,216.05 K,1002.20 K
2019-06-15 14:37:29,26.97 G,334.58 G,452.78 K,2.03 M
2019-06-15 14:37:31,26.97 G,334.58 G,447.88 K,2.04 M
2019-06-15 14:37:33,26.97 G,334.58 G,135.68 K,640.55 K
2019-06-15 14:37:37,26.97 G,334.59 G,487.50 K,2.24 M
2019-06-15 14:37:39,26.97 G,334.59 G,481.61 K,2.21 M
2019-06-15 14:37:41,26.97 G,334.60 G,491.97 K,2.26 M
2019-06-15 14:37:43,26.97 G,334.60 G,495.72 K,2.27 M
2019-06-15 14:37:45,26.97 G,334.60 G,103.18 K,482.18 K
2019-06-15 14:37:47,26.97 G,334.61 G,446.67 K,1.94 M
2019-06-15 14:37:49,26.97 G,334.61 G,457.38 K,1.98 M
2019-06-15 14:37:51,26.97 G,334.61 G,365.49 K,1.59 M
2019-06-15 14:37:53,26.97 G,334.62 G,435.43 K,1.90 M
2019-06-15 14:37:55,26.98 G,334.62 G,453.10 K,1.97 M
2019-06-15 14:37:57,26.98 G,334.63 G,458.16 K,1.99 M
2019-06-15 14:37:59,26.98 G,334.63 G,445.86 K,1.94 M
2019-06-15 14:38:01,26.98 G,334.63 G,448.27 K,1.96 M
2019-06-15 14:38:03,26.98 G,334.64 G,446.49 K,1.96 M
2019-06-15 14:38:05,26.98 G,334.64 G,460.10 K,2.00 M
2019-06-15 14:38:07,26.98 G,334.65 G,452.09 K,1.96 M
2019-06-15 14:38:09,26.98 G,334.65 G,448.92 K,1.93 M
2019-06-15 14:38:11,26.98 G,334.65 G,457.27 K,1.98 M
2019-06-15 14:38:13,26.98 G,334.66 G,465.09 K,2.02 M
2019-06-15 14:38:15,26.98 G,334.66 G,111.49 K,489.74 K
2019-06-15 14:38:17,26.98 G,334.66 G,433.39 K,2.02 M
2019-06-15 14:38:19,26.99 G,334.66 G,46.26 K,213.56 K
2019-06-15 14:38:21,26.99 G,334.67 G,466.99 K,2.12 M
2019-06-15 14:38:23,26.99 G,334.67 G,416.31 K,1.90 M
2019-06-15 14:38:25,26.99 G,334.68 G,358.18 K,1.63 M
2019-06-15 14:38:28,26.99 G,334.68 G,424.09 K,1.84 M
2019-06-15 14:38:30,26.99 G,334.68 G,134.57 K,613.44 K
2019-06-15 14:38:32,26.99 G,334.69 G,406.66 K,1.96 M
2019-06-15 14:38:34,26.99 G,334.69 G,419.08 K,1.97 M
2019-06-15 14:38:36,26.99 G,334.69 G,2.67 K,13.74 K
2019-06-15 14:38:41,26.99 G,334.70 G,452.11 K,2.05 M
2019-06-15 14:38:43,26.99 G,334.70 G,449.53 K,2.05 M
2019-06-15 14:38:47,26.99 G,334.70 G,450.64 K,2.04 M
2019-06-15 14:38:49,26.99 G,334.71 G,15.91 K,77.77 K
2019-06-15 14:38:52,26.99 G,334.71 G,415.71 K,1.84 M
2019-06-15 14:38:55,27.00 G,334.71 G,443.87 K,2.05 M
2019-06-15 14:38:57,27.00 G,334.72 G,447.64 K,2.06 M
2019-06-15 14:38:59,27.00 G,334.72 G,423.23 K,1.95 M
2019-06-15 14:39:01,27.00 G,334.73 G,448.80 K,2.07 M
2019-06-15 14:39:04,27.00 G,334.73 G,350.24 K,1.81 M
2019-06-15 14:39:08,27.00 G,334.74 G,420.04 K,1.80 M
2019-06-15 14:39:10,27.00 G,334.74 G,437.47 K,1.85 M
2019-06-15 14:39:12,27.00 G,334.74 G,416.21 K,1.81 M
2019-06-15 14:39:14,27.00 G,334.75 G,459.25 K,1.94 M
2019-06-15 14:39:16,27.00 G,334.75 G,434.92 K,1.86 M
2019-06-15 14:39:18,27.00 G,334.75 G,429.07 K,1.83 M
2019-06-15 14:39:20,27.01 G,334.76 G,428.79 K,1.83 M
2019-06-15 14:39:22,27.01 G,334.76 G,431.72 K,1.86 M
2019-06-15 14:39:24,27.01 G,334.77 G,430.87 K,1.84 M
2019-06-15 14:39:26,27.01 G,334.77 G,424.24 K,1.81 M
2019-06-15 14:39:28,27.01 G,334.77 G,430.00 K,1.84 M
2019-06-15 14:39:30,27.01 G,334.78 G,445.91 K,1.90 M
2019-06-15 14:39:32,27.01 G,334.78 G,407.78 K,1.76 M
2019-06-15 14:39:34,27.01 G,334.78 G,421.71 K,1.80 M
2019-06-15 14:39:36,27.01 G,334.79 G,418.61 K,1.81 M
2019-06-15 14:39:38,27.01 G,334.79 G,420.48 K,1.81 M
2019-06-15 14:39:40,27.01 G,334.79 G,448.50 K,1.90 M
2019-06-15 14:39:42,27.01 G,334.80 G,447.49 K,1.90 M
2019-06-15 14:39:44,27.02 G,334.80 G,415.65 K,1.78 M
2019-06-15 14:39:46,27.02 G,334.80 G,426.05 K,1.82 M
2019-06-15 14:39:48,27.02 G,334.81 G,440.80 K,1.87 M
2019-06-15 14:39:50,27.02 G,334.81 G,440.09 K,1.87 M
2019-06-15 14:39:52,27.02 G,334.82 G,426.82 K,1.80 M
2019-06-15 14:39:54,27.02 G,334.82 G,431.93 K,1.84 M
2019-06-15 14:39:56,27.02 G,334.82 G,443.59 K,1.88 M
2019-06-15 14:39:58,27.02 G,334.83 G,446.21 K,1.89 M
2019-06-15 14:40:00,27.02 G,334.83 G,422.48 K,1.81 M
2019-06-15 14:40:02,27.02 G,334.83 G,431.90 K,1.84 M
2019-06-15 14:40:04,27.02 G,334.84 G,432.74 K,1.85 M
2019-06-15 14:40:06,27.02 G,334.84 G,436.61 K,1.85 M
2019-06-15 14:40:08,27.02 G,334.84 G,129.20 K,580.01 K
2019-06-15 14:40:10,27.02 G,334.84 G,143.71 K,631.82 K
2019-06-15 14:40:12,27.03 G,334.85 G,434.47 K,1.87 M
2019-06-15 14:40:14,27.03 G,334.85 G,172.31 K,730.33 K
2019-06-15 14:40:16,27.03 G,334.85 G,82.96 K,365.41 K
2019-06-15 14:40:18,27.03 G,334.85 G,469.68 K,2.01 M
2019-06-15 14:40:20,27.03 G,334.86 G,443.54 K,1.88 M
2019-06-15 14:40:22,27.03 G,334.86 G,438.52 K,1.87 M
2019-06-15 14:40:24,27.03 G,334.86 G,73.90 K,312.61 K
2019-06-15 14:40:26,27.03 G,334.86 G,151.95 K,660.42 K
2019-06-15 14:40:28,27.03 G,334.87 G,443.31 K,1.88 M
2019-06-15 14:40:30,27.03 G,334.87 G,452.42 K,1.92 M
2019-06-15 14:40:32,27.03 G,334.87 G,450.55 K,1.92 M
2019-06-15 14:40:34,27.03 G,334.88 G,420.17 K,1.79 M
2019-06-15 14:40:36,27.03 G,334.88 G,454.80 K,1.93 M
2019-06-15 14:40:38,27.03 G,334.89 G,443.24 K,1.89 M
2019-06-15 14:40:40,27.04 G,334.89 G,447.68 K,1.90 M
2019-06-15 14:40:42,27.04 G,334.89 G,451.23 K,1.92 M
2019-06-15 14:40:44,27.04 G,334.90 G,437.77 K,1.87 M
2019-06-15 14:40:46,27.04 G,334.90 G,448.98 K,1.91 M
2019-06-15 14:40:48,27.04 G,334.90 G,432.65 K,1.84 M
2019-06-15 14:40:50,27.04 G,334.91 G,451.45 K,1.93 M
2019-06-15 14:40:53,27.04 G,334.91 G,440.72 K,1.88 M
2019-06-15 14:40:55,27.04 G,334.92 G,440.79 K,1.88 M
2019-06-15 14:40:57,27.04 G,334.92 G,434.58 K,1.86 M
2019-06-15 14:40:59,27.04 G,334.92 G,434.43 K,1.84 M
2019-06-15 14:41:01,27.04 G,334.93 G,453.50 K,1.93 M
2019-06-15 14:41:03,27.04 G,334.93 G,429.19 K,1.83 M
2019-06-15 14:41:05,27.05 G,334.93 G,438.41 K,1.86 M
2019-06-15 14:41:07,27.05 G,334.94 G,444.98 K,1.90 M
2019-06-15 14:41:09,27.05 G,334.94 G,415.76 K,1.79 M
2019-06-15 14:41:11,27.05 G,334.94 G,444.55 K,1.91 M
2019-06-15 14:41:13,27.05 G,334.95 G,421.08 K,1.81 M
2019-06-15 14:41:15,27.05 G,334.95 G,438.27 K,1.88 M
2019-06-15 14:41:17,27.05 G,334.96 G,443.62 K,1.89 M
2019-06-15 14:41:19,27.05 G,334.96 G,425.71 K,1.80 M
2019-06-15 14:41:21,27.05 G,334.96 G,428.40 K,1.82 M
2019-06-15 14:41:23,27.05 G,334.97 G,424.71 K,1.82 M
2019-06-15 14:41:25,27.05 G,334.97 G,428.61 K,1.83 M
2019-06-15 14:41:27,27.05 G,334.97 G,444.98 K,1.88 M
2019-06-15 14:41:29,27.06 G,334.98 G,444.67 K,1.90 M
2019-06-15 14:41:31,27.06 G,334.98 G,442.77 K,1.90 M
2019-06-15 14:41:33,27.06 G,334.98 G,460.22 K,1.96 M
2019-06-15 14:41:35,27.06 G,334.99 G,448.24 K,1.92 M
2019-06-15 14:41:37,27.06 G,334.99 G,460.44 K,1.96 M
2019-06-15 14:41:39,27.06 G,335.00 G,455.74 K,1.93 M
2019-06-15 14:41:41,27.06 G,335.00 G,451.02 K,1.91 M
2019-06-15 14:41:43,27.06 G,335.00 G,436.58 K,1.89 M
2019-06-15 14:41:45,27.06 G,335.01 G,448.27 K,1.90 M
2019-06-15 14:41:47,27.06 G,335.01 G,442.34 K,1.88 M
2019-06-15 14:41:49,27.06 G,335.01 G,462.30 K,1.96 M
2019-06-15 14:41:51,27.06 G,335.02 G,447.05 K,1.90 M
2019-06-15 14:41:53,27.07 G,335.02 G,424.85 K,1.81 M
2019-06-15 14:41:55,27.07 G,335.03 G,440.31 K,1.87 M
2019-06-15 14:41:57,27.07 G,335.03 G,446.81 K,1.92 M
2019-06-15 14:41:59,27.07 G,335.03 G,449.26 K,1.90 M
2019-06-15 14:42:01,27.07 G,335.04 G,456.57 K,1.93 M
2019-06-15 14:42:03,27.07 G,335.04 G,448.14 K,1.91 M
2019-06-15 14:42:05,27.07 G,335.04 G,463.49 K,1.96 M
2019-06-15 14:42:07,27.07 G,335.05 G,453.72 K,1.94 M
2019-06-15 14:42:09,27.07 G,335.05 G,440.39 K,1.88 M
2019-06-15 14:42:11,27.07 G,335.05 G,443.38 K,1.88 M
2019-06-15 14:42:13,27.07 G,335.06 G,478.31 K,2.08 M
2019-06-15 14:42:15,27.08 G,335.06 G,462.96 K,2.02 M
2019-06-15 14:42:17,27.08 G,335.07 G,488.17 K,2.14 M
2019-06-15 14:42:19,27.08 G,335.07 G,466.22 K,2.04 M
2019-06-15 14:42:21,27.08 G,335.07 G,473.73 K,2.07 M
2019-06-15 14:42:23,27.08 G,335.08 G,459.12 K,2.01 M
2019-06-15 14:42:25,27.08 G,335.08 G,481.34 K,2.10 M
2019-06-15 14:42:27,27.08 G,335.09 G,465.97 K,2.03 M
2019-06-15 14:42:29,27.08 G,335.09 G,489.42 K,2.14 M
2019-06-15 14:42:31,27.08 G,335.10 G,461.25 K,2.02 M
2019-06-15 14:42:33,27.08 G,335.10 G,489.90 K,2.14 M
2019-06-15 14:42:35,27.08 G,335.10 G,462.67 K,2.02 M
2019-06-15 14:42:37,27.08 G,335.11 G,468.62 K,2.06 M
2019-06-15 14:42:39,27.09 G,335.11 G,308.41 K,1.34 M
2019-06-15 14:42:41,27.09 G,335.11 G,423.17 K,2.08 M
2019-06-15 14:42:43,27.09 G,335.12 G,44.37 K,278.39 K
2019-06-15 14:42:45,27.09 G,335.12 G,448.35 K,1.99 M
2019-06-15 14:42:47,27.09 G,335.12 G,442.28 K,1.97 M
2019-06-15 14:42:49,27.09 G,335.13 G,441.17 K,1.97 M
2019-06-15 14:42:51,27.09 G,335.13 G,443.08 K,1.96 M
2019-06-15 14:42:53,27.09 G,335.13 G,69.73 K,299.05 K
2019-06-15 14:42:55,27.09 G,335.14 G,0.00 B,336.00 B
2019-06-15 14:42:57,27.09 G,335.14 G,469.00 K,2.04 M
2019-06-15 14:42:59,27.09 G,335.14 G,469.32 K,2.05 M
2019-06-15 14:43:01,27.09 G,335.15 G,478.86 K,2.10 M
2019-06-15 14:43:03,27.09 G,335.15 G,474.43 K,2.08 M
2019-06-15 14:43:05,27.10 G,335.16 G,422.87 K,1.83 M
2019-06-15 14:43:07,27.10 G,335.16 G,430.61 K,1.89 M
2019-06-15 14:43:09,27.10 G,335.16 G,476.22 K,2.09 M
2019-06-15 14:43:11,27.10 G,335.17 G,493.81 K,2.16 M
2019-06-15 14:43:13,27.10 G,335.17 G,493.94 K,2.15 M
2019-06-15 14:43:15,27.10 G,335.18 G,481.49 K,2.11 M
2019-06-15 14:43:17,27.10 G,335.18 G,486.07 K,2.13 M
2019-06-15 14:43:19,27.10 G,335.18 G,491.37 K,2.16 M
2019-06-15 14:43:21,27.10 G,335.19 G,483.69 K,2.11 M
2019-06-15 14:43:23,27.10 G,335.19 G,232.60 K,1.02 M
2019-06-15 14:43:25,27.10 G,335.19 G,434.16 K,1.90 M
2019-06-15 14:43:27,27.11 G,335.20 G,435.28 K,1.93 M
2019-06-15 14:43:29,27.11 G,335.20 G,461.95 K,2.04 M
2019-06-15 14:43:31,27.11 G,335.21 G,438.67 K,1.92 M
2019-06-15 14:43:33,27.11 G,335.21 G,452.26 K,1.98 M
2019-06-15 14:43:35,27.11 G,335.21 G,448.67 K,1.98 M
2019-06-15 14:43:37,27.11 G,335.22 G,444.87 K,1.95 M
2019-06-15 14:43:39,27.11 G,335.22 G,467.79 K,2.04 M
2019-06-15 14:43:41,27.11 G,335.23 G,450.89 K,1.98 M
2019-06-15 14:43:43,27.11 G,335.23 G,444.29 K,1.96 M
2019-06-15 14:43:45,27.11 G,335.23 G,460.02 K,2.01 M
2019-06-15 14:43:47,27.11 G,335.24 G,450.76 K,1.97 M
2019-06-15 14:43:49,27.11 G,335.24 G,453.33 K,2.01 M
2019-06-15 14:43:51,27.12 G,335.25 G,448.05 K,1.96 M
2019-06-15 14:43:53,27.12 G,335.25 G,443.94 K,1.95 M
2019-06-15 14:43:55,27.12 G,335.25 G,460.29 K,2.02 M
2019-06-15 14:43:57,27.12 G,335.26 G,458.11 K,2.01 M
2019-06-15 14:43:59,27.12 G,335.26 G,445.89 K,1.97 M
2019-06-15 14:44:01,27.12 G,335.26 G,231.45 K,1.02 M
2019-06-15 14:44:03,27.12 G,335.27 G,445.89 K,1.95 M
2019-06-15 14:44:05,27.12 G,335.27 G,30.86 K,135.58 K
2019-06-15 14:44:10,27.12 G,335.27 G,442.51 K,1.93 M
2019-06-15 14:44:12,27.12 G,335.27 G,43.27 K,189.86 K
2019-06-15 14:44:16,27.12 G,335.28 G,425.78 K,2.12 M
2019-06-15 14:44:18,27.12 G,335.28 G,303.82 K,1.47 M
2019-06-15 14:44:20,27.12 G,335.29 G,434.19 K,2.23 M
2019-06-15 14:44:22,27.13 G,335.29 G,466.34 K,2.31 M
2019-06-15 14:44:24,27.13 G,335.30 G,416.39 K,2.09 M
2019-06-15 14:44:26,27.13 G,335.30 G,388.76 K,1.99 M
2019-06-15 14:44:29,27.13 G,335.30 G,435.67 K,1.93 M
2019-06-15 14:44:31,27.13 G,335.31 G,447.39 K,2.00 M
2019-06-15 14:44:33,27.13 G,335.31 G,448.79 K,1.99 M
2019-06-15 14:44:35,27.13 G,335.32 G,438.08 K,1.96 M
2019-06-15 14:44:37,27.13 G,335.32 G,91.09 K,388.77 K
2019-06-15 14:44:39,27.13 G,335.32 G,473.85 K,2.14 M
2019-06-15 14:44:41,27.13 G,335.33 G,475.87 K,2.15 M
2019-06-15 14:44:43,27.13 G,335.33 G,471.93 K,2.13 M
2019-06-15 14:44:45,27.13 G,335.34 G,464.73 K,2.10 M
2019-06-15 14:44:48,27.14 G,335.34 G,369.51 K,1.70 M
2019-06-15 14:44:50,27.14 G,335.34 G,463.68 K,2.03 M
2019-06-15 14:44:52,27.14 G,335.35 G,469.47 K,2.09 M
2019-06-15 14:44:54,27.14 G,335.35 G,302.51 K,1.43 M
2019-06-15 14:44:56,27.14 G,335.35 G,465.38 K,1.97 M
2019-06-15 14:44:59,27.14 G,335.36 G,429.58 K,1.94 M
2019-06-15 14:45:02,27.14 G,335.36 G,436.22 K,1.96 M
2019-06-15 14:45:04,27.14 G,335.37 G,454.71 K,2.02 M
2019-06-15 14:45:06,27.14 G,335.37 G,456.31 K,2.03 M
2019-06-15 14:45:08,27.14 G,335.37 G,457.28 K,2.06 M
2019-06-15 14:45:10,27.14 G,335.38 G,454.30 K,2.02 M
2019-06-15 14:45:12,27.14 G,335.38 G,462.96 K,2.06 M
2019-06-15 14:45:15,27.15 G,335.39 G,467.24 K,2.14 M
2019-06-15 14:45:17,27.15 G,335.39 G,465.81 K,2.12 M
2019-06-15 14:45:19,27.15 G,335.39 G,471.52 K,2.15 M
2019-06-15 14:45:21,27.15 G,335.40 G,468.70 K,2.13 M
2019-06-15 14:45:23,27.15 G,335.40 G,471.61 K,2.16 M
2019-06-15 14:45:25,27.15 G,335.41 G,473.38 K,2.15 M
2019-06-15 14:45:27,27.15 G,335.41 G,472.45 K,2.15 M
2019-06-15 14:45:29,27.15 G,335.42 G,467.02 K,2.14 M
2019-06-15 14:45:31,27.15 G,335.42 G,480.18 K,2.19 M
2019-06-15 14:45:33,27.15 G,335.42 G,480.10 K,2.19 M
2019-06-15 14:45:35,27.15 G,335.43 G,480.39 K,2.21 M
2019-06-15 14:45:37,27.16 G,335.43 G,482.74 K,2.19 M
2019-06-15 14:45:39,27.16 G,335.44 G,469.33 K,2.14 M
2019-06-15 14:45:42,27.16 G,335.44 G,480.18 K,2.19 M
2019-06-15 14:45:44,27.16 G,335.45 G,469.91 K,2.16 M
2019-06-15 14:45:46,27.16 G,335.45 G,476.27 K,2.17 M
2019-06-15 14:45:48,27.16 G,335.45 G,471.52 K,2.15 M
2019-06-15 14:45:50,27.16 G,335.46 G,473.04 K,2.15 M
2019-06-15 14:45:52,27.16 G,335.46 G,479.91 K,2.20 M
2019-06-15 14:45:54,27.16 G,335.47 G,480.92 K,2.19 M
2019-06-15 14:45:56,27.16 G,335.47 G,471.85 K,2.15 M
2019-06-15 14:45:58,27.16 G,335.48 G,482.82 K,2.19 M
2019-06-15 14:46:00,27.17 G,335.48 G,473.79 K,2.17 M
2019-06-15 14:46:02,27.17 G,335.48 G,475.05 K,2.18 M
2019-06-15 14:46:04,27.17 G,335.49 G,474.25 K,2.16 M
2019-06-15 14:46:06,27.17 G,335.49 G,490.12 K,2.23 M
2019-06-15 14:46:08,27.17 G,335.50 G,478.62 K,2.20 M
2019-06-15 14:46:10,27.17 G,335.50 G,478.37 K,2.19 M
2019-06-15 14:46:12,27.17 G,335.51 G,477.05 K,2.17 M
2019-06-15 14:46:14,27.17 G,335.51 G,470.16 K,2.14 M
2019-06-15 14:46:16,27.17 G,335.51 G,481.85 K,2.21 M
2019-06-15 14:46:18,27.17 G,335.52 G,477.21 K,2.18 M
2019-06-15 14:46:20,27.17 G,335.52 G,467.93 K,2.13 M
2019-06-15 14:46:22,27.18 G,335.53 G,488.80 K,2.22 M
2019-06-15 14:46:24,27.18 G,335.53 G,479.56 K,2.20 M
2019-06-15 14:46:26,27.18 G,335.53 G,483.41 K,2.20 M
2019-06-15 14:46:28,27.18 G,335.54 G,475.38 K,2.16 M
2019-06-15 14:46:30,27.18 G,335.54 G,475.05 K,2.18 M
2019-06-15 14:46:32,27.18 G,335.55 G,463.97 K,2.11 M
2019-06-15 14:46:34,27.18 G,335.55 G,489.53 K,2.23 M
2019-06-15 14:46:36,27.18 G,335.56 G,461.72 K,2.11 M
2019-06-15 14:46:38,27.18 G,335.56 G,479.61 K,2.19 M
2019-06-15 14:46:40,27.18 G,335.56 G,486.46 K,2.23 M
2019-06-15 14:46:42,27.18 G,335.57 G,474.17 K,2.15 M
2019-06-15 14:46:44,27.19 G,335.57 G,479.47 K,2.18 M
2019-06-15 14:46:46,27.19 G,335.58 G,472.00 K,2.15 M
2019-06-15 14:46:48,27.19 G,335.58 G,465.79 K,2.14 M
2019-06-15 14:46:50,27.19 G,335.59 G,466.99 K,2.14 M
2019-06-15 14:46:52,27.19 G,335.59 G,486.11 K,2.21 M
2019-06-15 14:46:54,27.19 G,335.59 G,473.94 K,2.16 M
2019-06-15 14:46:56,27.19 G,335.60 G,482.97 K,2.22 M
2019-06-15 14:46:58,27.19 G,335.60 G,485.23 K,2.21 M
2019-06-15 14:47:00,27.19 G,335.61 G,475.51 K,2.17 M
2019-06-15 14:47:02,27.19 G,335.61 G,468.69 K,2.14 M
2019-06-15 14:47:04,27.19 G,335.62 G,479.89 K,2.20 M
2019-06-15 14:47:06,27.20 G,335.62 G,485.82 K,2.22 M
2019-06-15 14:47:08,27.20 G,335.62 G,473.19 K,2.15 M
2019-06-15 14:47:10,27.20 G,335.63 G,492.41 K,2.24 M
2019-06-15 14:47:12,27.20 G,335.63 G,484.98 K,2.21 M
2019-06-15 14:47:14,27.20 G,335.64 G,477.84 K,2.18 M
2019-06-15 14:47:16,27.20 G,335.64 G,494.85 K,2.26 M
2019-06-15 14:47:18,27.20 G,335.65 G,492.14 K,2.26 M
2019-06-15 14:47:20,27.20 G,335.65 G,492.12 K,2.25 M
2019-06-15 14:47:22,27.20 G,335.66 G,484.53 K,2.21 M
2019-06-15 14:47:24,27.20 G,335.66 G,487.45 K,2.22 M
2019-06-15 14:47:26,27.20 G,335.66 G,484.04 K,2.21 M
2019-06-15 14:47:28,27.21 G,335.67 G,478.06 K,2.20 M
2019-06-15 14:47:30,27.21 G,335.67 G,471.09 K,2.16 M
2019-06-15 14:47:32,27.21 G,335.68 G,491.11 K,2.23 M
2019-06-15 14:47:34,27.21 G,335.68 G,482.17 K,2.20 M
2019-06-15 14:47:36,27.21 G,335.69 G,481.15 K,2.21 M
2019-06-15 14:47:38,27.21 G,335.69 G,488.67 K,2.23 M
2019-06-15 14:47:40,27.21 G,335.69 G,479.41 K,2.19 M
2019-06-15 14:47:42,27.21 G,335.70 G,483.23 K,2.20 M
2019-06-15 14:47:44,27.21 G,335.70 G,494.73 K,2.27 M
2019-06-15 14:47:46,27.21 G,335.71 G,485.94 K,2.23 M
2019-06-15 14:47:48,27.22 G,335.71 G,499.76 K,2.28 M
2019-06-15 14:47:50,27.22 G,335.72 G,485.51 K,2.21 M
2019-06-15 14:47:52,27.22 G,335.72 G,496.51 K,2.26 M
2019-06-15 14:47:54,27.22 G,335.72 G,485.25 K,2.23 M
2019-06-15 14:47:56,27.22 G,335.73 G,477.17 K,2.19 M
2019-06-15 14:47:58,27.22 G,335.73 G,482.84 K,2.20 M
2019-06-15 14:48:00,27.22 G,335.74 G,481.61 K,2.18 M
2019-06-15 14:48:02,27.22 G,335.74 G,481.04 K,2.19 M
2019-06-15 14:48:04,27.22 G,335.75 G,467.56 K,2.15 M
2019-06-15 14:48:06,27.22 G,335.75 G,490.22 K,2.23 M
2019-06-15 14:48:08,27.22 G,335.75 G,486.13 K,2.20 M
2019-06-15 14:48:10,27.23 G,335.76 G,478.91 K,2.19 M
2019-06-15 14:48:12,27.23 G,335.76 G,465.22 K,2.13 M
2019-06-15 14:48:14,27.23 G,335.77 G,477.21 K,2.17 M
2019-06-15 14:48:16,27.23 G,335.77 G,469.21 K,2.14 M
2019-06-15 14:48:18,27.23 G,335.78 G,481.80 K,2.19 M
2019-06-15 14:48:20,27.23 G,335.78 G,472.78 K,2.17 M
2019-06-15 14:48:22,27.23 G,335.78 G,409.61 K,1.87 M
2019-06-15 14:48:26,27.23 G,335.79 G,23.66 K,102.14 K
2019-06-15 14:48:28,27.23 G,335.79 G,456.20 K,2.03 M
2019-06-15 14:48:30,27.23 G,335.79 G,458.83 K,2.05 M
2019-06-15 14:48:32,27.23 G,335.80 G,467.07 K,2.07 M
2019-06-15 14:48:34,27.23 G,335.80 G,450.88 K,2.02 M
2019-06-15 14:48:36,27.24 G,335.81 G,463.36 K,2.06 M
2019-06-15 14:48:38,27.24 G,335.81 G,484.52 K,2.16 M
2019-06-15 14:48:40,27.24 G,335.82 G,455.00 K,2.03 M
2019-06-15 14:48:42,27.24 G,335.82 G,474.81 K,2.12 M
2019-06-15 14:48:44,27.24 G,335.82 G,476.75 K,2.12 M
2019-06-15 14:48:46,27.24 G,335.83 G,478.61 K,2.13 M
2019-06-15 14:48:48,27.24 G,335.83 G,476.74 K,2.11 M
2019-06-15 14:48:50,27.24 G,335.84 G,479.49 K,2.14 M
2019-06-15 14:48:52,27.24 G,335.84 G,454.31 K,2.02 M
2019-06-15 14:48:54,27.24 G,335.84 G,479.05 K,2.13 M
2019-06-15 14:48:56,27.24 G,335.85 G,466.30 K,2.08 M
2019-06-15 14:48:58,27.25 G,335.85 G,478.60 K,2.13 M
2019-06-15 14:49:00,27.25 G,335.86 G,469.50 K,2.10 M
2019-06-15 14:49:02,27.25 G,335.86 G,475.39 K,2.13 M
2019-06-15 14:49:04,27.25 G,335.86 G,477.51 K,2.13 M
2019-06-15 14:49:06,27.25 G,335.87 G,462.54 K,2.07 M
2019-06-15 14:49:08,27.25 G,335.87 G,477.34 K,2.13 M
2019-06-15 14:49:10,27.25 G,335.88 G,470.18 K,2.10 M
2019-06-15 14:49:12,27.25 G,335.88 G,480.17 K,2.14 M
2019-06-15 14:49:14,27.25 G,335.89 G,482.17 K,2.15 M
2019-06-15 14:49:16,27.25 G,335.89 G,486.03 K,2.15 M
2019-06-15 14:49:19,27.25 G,335.89 G,484.27 K,2.06 M
2019-06-15 14:49:21,27.26 G,335.90 G,477.05 K,2.03 M
2019-06-15 14:49:23,27.26 G,335.90 G,490.37 K,2.09 M
2019-06-15 14:49:25,27.26 G,335.91 G,502.75 K,2.13 M
2019-06-15 14:49:27,27.26 G,335.91 G,489.46 K,2.09 M
2019-06-15 14:49:29,27.26 G,335.91 G,497.62 K,2.13 M
2019-06-15 14:49:31,27.26 G,335.92 G,502.42 K,2.15 M
2019-06-15 14:49:33,27.26 G,335.92 G,510.04 K,2.18 M
2019-06-15 14:49:35,27.26 G,335.93 G,492.42 K,2.10 M
2019-06-15 14:49:37,27.26 G,335.93 G,504.77 K,2.15 M
2019-06-15 14:49:39,27.26 G,335.94 G,506.60 K,2.15 M
2019-06-15 14:49:41,27.27 G,335.94 G,514.08 K,2.19 M
2019-06-15 14:49:43,27.27 G,335.94 G,513.76 K,2.19 M
2019-06-15 14:49:48,27.27 G,335.95 G,468.44 K,2.26 M
2019-06-15 14:49:51,27.27 G,335.95 G,461.75 K,2.25 M
2019-06-15 14:49:55,27.27 G,335.96 G,458.34 K,2.01 M
2019-06-15 14:49:57,27.27 G,335.96 G,460.87 K,2.02 M
2019-06-15 14:49:59,27.27 G,335.97 G,471.72 K,2.07 M
2019-06-15 14:50:01,27.27 G,335.97 G,466.59 K,2.05 M
2019-06-15 14:50:03,27.27 G,335.98 G,461.91 K,2.05 M
2019-06-15 14:50:05,27.27 G,335.98 G,465.66 K,2.05 M
2019-06-15 14:50:07,27.27 G,335.98 G,470.58 K,2.08 M
2019-06-15 14:50:09,27.28 G,335.99 G,449.69 K,1.99 M
2019-06-15 14:50:11,27.28 G,335.99 G,457.58 K,2.02 M
2019-06-15 14:50:13,27.28 G,336.00 G,460.95 K,2.03 M
2019-06-15 14:50:15,27.28 G,336.00 G,124.30 K,547.07 K
2019-06-15 14:50:17,27.28 G,336.00 G,416.28 K,1.84 M
2019-06-15 14:50:19,27.28 G,336.00 G,475.79 K,2.08 M
2019-06-15 14:50:21,27.28 G,336.01 G,458.04 K,2.01 M
2019-06-15 14:50:23,27.28 G,336.01 G,463.37 K,2.02 M
2019-06-15 14:50:25,27.28 G,336.01 G,132.16 K,584.08 K
2019-06-15 14:50:27,27.28 G,336.02 G,481.20 K,2.11 M
2019-06-15 14:50:29,27.28 G,336.02 G,462.48 K,2.05 M
2019-06-15 14:50:31,27.28 G,336.03 G,470.59 K,2.07 M
2019-06-15 14:50:33,27.28 G,336.03 G,140.87 K,632.26 K
2019-06-15 14:50:35,27.29 G,336.03 G,438.26 K,1.87 M
2019-06-15 14:50:37,27.29 G,336.04 G,457.31 K,1.94 M
2019-06-15 14:50:39,27.29 G,336.04 G,454.91 K,1.94 M
2019-06-15 14:50:41,27.29 G,336.04 G,470.61 K,2.01 M
2019-06-15 14:50:43,27.29 G,336.05 G,464.44 K,1.98 M
2019-06-15 14:50:45,27.29 G,336.05 G,466.27 K,1.98 M
2019-06-15 14:50:47,27.29 G,336.06 G,454.84 K,1.94 M
2019-06-15 14:50:49,27.29 G,336.06 G,481.95 K,2.05 M
2019-06-15 14:50:51,27.29 G,336.06 G,469.00 K,2.00 M
2019-06-15 14:50:53,27.29 G,336.07 G,465.98 K,1.99 M
2019-06-15 14:50:55,27.29 G,336.07 G,464.08 K,1.98 M
2019-06-15 14:50:57,27.30 G,336.07 G,475.01 K,2.03 M
2019-06-15 14:50:59,27.30 G,336.08 G,459.10 K,1.96 M
2019-06-15 14:51:01,27.30 G,336.08 G,459.50 K,1.96 M
2019-06-15 14:51:03,27.30 G,336.09 G,460.30 K,1.98 M
2019-06-15 14:51:05,27.30 G,336.09 G,480.09 K,2.05 M
2019-06-15 14:51:07,27.30 G,336.09 G,465.07 K,1.99 M
2019-06-15 14:51:09,27.30 G,336.10 G,470.63 K,2.01 M
2019-06-15 14:51:11,27.30 G,336.10 G,454.16 K,1.94 M
2019-06-15 14:51:13,27.30 G,336.11 G,459.87 K,1.96 M
2019-06-15 14:51:15,27.30 G,336.11 G,458.69 K,1.96 M
2019-06-15 14:51:17,27.30 G,336.11 G,473.87 K,2.02 M
2019-06-15 14:51:19,27.31 G,336.12 G,476.85 K,2.03 M
2019-06-15 14:51:21,27.31 G,336.12 G,476.11 K,2.03 M
2019-06-15 14:51:23,27.31 G,336.13 G,483.80 K,2.07 M
2019-06-15 14:51:25,27.31 G,336.13 G,472.64 K,2.02 M
2019-06-15 14:51:27,27.31 G,336.13 G,467.58 K,2.00 M
2019-06-15 14:51:29,27.31 G,336.14 G,467.80 K,2.00 M
2019-06-15 14:51:31,27.31 G,336.14 G,476.17 K,2.02 M
2019-06-15 14:51:33,27.31 G,336.15 G,461.96 K,1.97 M
2019-06-15 14:51:35,27.31 G,336.15 G,466.99 K,1.99 M
2019-06-15 14:51:37,27.31 G,336.15 G,462.96 K,1.97 M
2019-06-15 14:51:39,27.31 G,336.16 G,465.90 K,1.99 M
2019-06-15 14:51:41,27.32 G,336.16 G,458.19 K,1.96 M
2019-06-15 14:51:43,27.32 G,336.16 G,455.79 K,1.95 M
2019-06-15 14:51:45,27.32 G,336.17 G,480.16 K,2.05 M
2019-06-15 14:51:47,27.32 G,336.17 G,466.89 K,1.99 M
2019-06-15 14:51:49,27.32 G,336.18 G,464.99 K,1.99 M
2019-06-15 14:51:51,27.32 G,336.18 G,479.54 K,2.03 M
2019-06-15 14:51:53,27.32 G,336.18 G,468.56 K,1.99 M
2019-06-15 14:51:55,27.32 G,336.19 G,474.01 K,2.02 M
2019-06-15 14:51:57,27.32 G,336.19 G,435.02 K,1.86 M
2019-06-15 14:51:59,27.32 G,336.20 G,443.70 K,1.90 M
2019-06-15 14:52:01,27.32 G,336.20 G,468.39 K,1.99 M
2019-06-15 14:52:03,27.32 G,336.20 G,466.99 K,2.02 M
2019-06-15 14:52:05,27.33 G,336.21 G,471.84 K,2.01 M
2019-06-15 14:52:07,27.33 G,336.21 G,464.32 K,1.98 M
2019-06-15 14:52:09,27.33 G,336.22 G,463.01 K,1.98 M
2019-06-15 14:52:11,27.33 G,336.22 G,449.65 K,1.93 M
2019-06-15 14:52:13,27.33 G,336.22 G,457.34 K,1.96 M
2019-06-15 14:52:15,27.33 G,336.23 G,457.46 K,1.96 M
2019-06-15 14:52:17,27.33 G,336.23 G,466.69 K,1.99 M
2019-06-15 14:52:19,27.33 G,336.23 G,453.13 K,1.94 M
2019-06-15 14:52:21,27.33 G,336.24 G,461.36 K,1.97 M
2019-06-15 14:52:23,27.33 G,336.24 G,467.30 K,2.00 M
2019-06-15 14:52:25,27.33 G,336.25 G,476.63 K,2.03 M
2019-06-15 14:52:27,27.34 G,336.25 G,466.65 K,2.00 M
2019-06-15 14:52:29,27.34 G,336.25 G,462.46 K,1.98 M
2019-06-15 14:52:31,27.34 G,336.26 G,461.27 K,1.97 M
2019-06-15 14:52:33,27.34 G,336.26 G,470.69 K,2.01 M
2019-06-15 14:52:35,27.34 G,336.27 G,464.52 K,1.97 M
2019-06-15 14:52:37,27.34 G,336.27 G,468.86 K,1.99 M
2019-06-15 14:52:39,27.34 G,336.27 G,468.06 K,2.00 M
2019-06-15 14:52:41,27.34 G,336.28 G,466.03 K,1.99 M
2019-06-15 14:52:43,27.34 G,336.28 G,448.01 K,1.90 M
2019-06-15 14:52:45,27.34 G,336.28 G,477.13 K,2.04 M
2019-06-15 14:52:47,27.34 G,336.29 G,474.16 K,2.02 M
2019-06-15 14:52:49,27.35 G,336.29 G,450.77 K,1.93 M
2019-06-15 14:52:51,27.35 G,336.30 G,474.86 K,2.02 M
2019-06-15 14:52:53,27.35 G,336.30 G,470.94 K,2.01 M
2019-06-15 14:52:55,27.35 G,336.30 G,457.11 K,1.95 M
2019-06-15 14:52:57,27.35 G,336.31 G,466.94 K,2.00 M
2019-06-15 14:52:59,27.35 G,336.31 G,449.94 K,1.92 M
2019-06-15 14:53:01,27.35 G,336.32 G,466.34 K,1.99 M
2019-06-15 14:53:03,27.35 G,336.32 G,465.09 K,1.99 M
2019-06-15 14:53:05,27.35 G,336.32 G,475.96 K,2.03 M
2019-06-15 14:53:07,27.35 G,336.33 G,472.11 K,2.01 M
2019-06-15 14:53:09,27.35 G,336.33 G,467.75 K,2.00 M
2019-06-15 14:53:11,27.35 G,336.34 G,470.75 K,2.01 M
2019-06-15 14:53:13,27.36 G,336.34 G,483.28 K,2.06 M
2019-06-15 14:53:15,27.36 G,336.34 G,458.26 K,1.96 M
2019-06-15 14:53:17,27.36 G,336.35 G,465.00 K,1.98 M
2019-06-15 14:53:19,27.36 G,336.35 G,459.32 K,1.97 M
2019-06-15 14:53:21,27.36 G,336.35 G,471.85 K,2.01 M
2019-06-15 14:53:23,27.36 G,336.36 G,462.79 K,1.99 M
2019-06-15 14:53:25,27.36 G,336.36 G,485.20 K,2.07 M
2019-06-15 14:53:27,27.36 G,336.37 G,477.94 K,2.03 M
2019-06-15 14:53:29,27.36 G,336.37 G,486.05 K,2.06 M
2019-06-15 14:53:31,27.36 G,336.37 G,476.48 K,2.03 M
2019-06-15 14:53:33,27.36 G,336.38 G,468.61 K,1.99 M
2019-06-15 14:53:35,27.37 G,336.38 G,454.11 K,1.94 M
2019-06-15 14:53:37,27.37 G,336.39 G,357.60 K,1.53 M
2019-06-15 14:53:39,27.37 G,336.39 G,128.96 K,567.27 K
2019-06-15 14:53:41,27.37 G,336.39 G,329.96 K,1.48 M
2019-06-15 14:53:43,27.37 G,336.39 G,467.44 K,1.98 M
2019-06-15 14:53:48,27.37 G,336.40 G,424.18 K,2.14 M
2019-06-15 14:53:52,27.37 G,336.40 G,484.84 K,2.11 M
2019-06-15 14:53:54,27.37 G,336.41 G,487.45 K,2.12 M
2019-06-15 14:53:56,27.37 G,336.41 G,485.30 K,2.10 M
2019-06-15 14:53:58,27.37 G,336.42 G,501.29 K,2.20 M
2019-06-15 14:54:00,27.37 G,336.42 G,494.75 K,2.17 M
2019-06-15 14:54:02,27.37 G,336.42 G,511.98 K,2.23 M
2019-06-15 14:54:04,27.38 G,336.43 G,518.96 K,2.27 M
2019-06-15 14:54:06,27.38 G,336.43 G,511.42 K,2.23 M
2019-06-15 14:54:08,27.38 G,336.44 G,496.28 K,2.15 M
2019-06-15 14:54:10,27.38 G,336.44 G,369.81 K,1.61 M
2019-06-15 14:54:14,27.38 G,336.44 G,482.16 K,2.17 M
2019-06-15 14:54:16,27.38 G,336.45 G,476.74 K,2.16 M
2019-06-15 14:54:18,27.38 G,336.45 G,488.03 K,2.20 M
2019-06-15 14:54:20,27.38 G,336.46 G,473.89 K,2.14 M
2019-06-15 14:54:22,27.38 G,336.46 G,89.55 K,414.63 K
2019-06-15 14:54:24,27.38 G,336.46 G,494.88 K,2.17 M
2019-06-15 14:54:26,27.38 G,336.47 G,508.12 K,2.22 M
2019-06-15 14:54:28,27.39 G,336.47 G,145.45 K,652.76 K
2019-06-15 14:54:31,27.39 G,336.47 G,247.51 K,1.16 M
2019-06-15 14:54:33,27.39 G,336.48 G,116.15 K,542.77 K
2019-06-15 14:54:35,27.39 G,336.48 G,429.72 K,1.83 M
2019-06-15 14:54:38,27.39 G,336.48 G,439.66 K,2.16 M
2019-06-15 14:54:40,27.39 G,336.49 G,414.76 K,2.13 M
2019-06-15 14:54:43,27.39 G,336.49 G,506.16 K,2.15 M
2019-06-15 14:54:45,27.39 G,336.50 G,509.98 K,2.17 M
2019-06-15 14:54:47,27.39 G,336.50 G,513.68 K,2.19 M
2019-06-15 14:54:49,27.39 G,336.51 G,519.12 K,2.21 M
2019-06-15 14:54:51,27.39 G,336.51 G,520.29 K,2.23 M
2019-06-15 14:54:53,27.39 G,336.51 G,511.76 K,2.19 M
2019-06-15 14:54:55,27.40 G,336.52 G,501.47 K,2.15 M
2019-06-15 14:54:57,27.40 G,336.52 G,500.97 K,2.14 M
2019-06-15 14:54:59,27.40 G,336.53 G,506.92 K,2.16 M
2019-06-15 14:55:01,27.40 G,336.53 G,515.40 K,2.19 M
2019-06-15 14:55:03,27.40 G,336.54 G,522.42 K,2.23 M
2019-06-15 14:55:05,27.40 G,336.54 G,516.92 K,2.20 M
2019-06-15 14:55:07,27.40 G,336.54 G,430.03 K,1.83 M
2019-06-15 14:55:11,27.40 G,336.55 G,464.02 K,2.10 M
2019-06-15 14:55:13,27.40 G,336.55 G,468.55 K,2.12 M
2019-06-15 14:55:15,27.40 G,336.55 G,22.51 K,104.80 K
2019-06-15 14:55:18,27.40 G,336.56 G,337.27 K,1.58 M
2019-06-15 14:55:20,27.41 G,336.56 G,475.54 K,2.10 M
2019-06-15 14:55:22,27.41 G,336.57 G,471.76 K,2.08 M
2019-06-15 14:55:24,27.41 G,336.57 G,484.59 K,2.13 M
2019-06-15 14:55:26,27.41 G,336.57 G,487.90 K,2.16 M
2019-06-15 14:55:28,27.41 G,336.58 G,485.35 K,2.13 M
2019-06-15 14:55:30,27.41 G,336.58 G,482.29 K,2.13 M
2019-06-15 14:55:32,27.41 G,336.59 G,489.06 K,2.16 M
2019-06-15 14:55:34,27.41 G,336.59 G,480.62 K,2.13 M
2019-06-15 14:55:36,27.41 G,336.60 G,475.58 K,2.10 M
2019-06-15 14:55:38,27.41 G,336.60 G,476.42 K,2.10 M
2019-06-15 14:55:40,27.41 G,336.60 G,480.16 K,2.11 M
2019-06-15 14:55:42,27.42 G,336.61 G,482.14 K,2.12 M
2019-06-15 14:55:44,27.42 G,336.61 G,486.09 K,2.13 M
2019-06-15 14:55:46,27.42 G,336.62 G,488.57 K,2.15 M
2019-06-15 14:55:48,27.42 G,336.62 G,467.90 K,2.07 M
2019-06-15 14:55:50,27.42 G,336.62 G,486.84 K,2.14 M
2019-06-15 14:55:52,27.42 G,336.63 G,476.89 K,2.12 M
2019-06-15 14:55:54,27.42 G,336.63 G,482.45 K,2.13 M
2019-06-15 14:55:56,27.42 G,336.64 G,490.64 K,2.17 M
2019-06-15 14:55:58,27.42 G,336.64 G,476.88 K,2.11 M
2019-06-15 14:56:00,27.42 G,336.64 G,484.56 K,2.15 M
2019-06-15 14:56:02,27.42 G,336.65 G,456.14 K,2.00 M
2019-06-15 14:56:04,27.43 G,336.65 G,492.74 K,2.16 M
2019-06-15 14:56:06,27.43 G,336.66 G,484.17 K,2.14 M
2019-06-15 14:56:08,27.43 G,336.66 G,479.80 K,2.11 M
2019-06-15 14:56:10,27.43 G,336.67 G,478.75 K,2.11 M
2019-06-15 14:56:12,27.43 G,336.67 G,475.89 K,2.12 M
2019-06-15 14:56:14,27.43 G,336.67 G,481.25 K,2.12 M
2019-06-15 14:56:16,27.43 G,336.68 G,471.76 K,2.08 M
2019-06-15 14:56:18,27.43 G,336.68 G,481.85 K,2.13 M
2019-06-15 14:56:20,27.43 G,336.69 G,477.76 K,2.11 M
2019-06-15 14:56:22,27.43 G,336.69 G,483.97 K,2.13 M
2019-06-15 14:56:24,27.43 G,336.69 G,481.37 K,2.12 M
2019-06-15 14:56:26,27.44 G,336.70 G,489.81 K,2.16 M
2019-06-15 14:56:28,27.44 G,336.70 G,465.62 K,2.07 M
2019-06-15 14:56:30,27.44 G,336.71 G,483.53 K,2.14 M
2019-06-15 14:56:32,27.44 G,336.71 G,481.57 K,2.12 M
2019-06-15 14:56:34,27.44 G,336.72 G,483.16 K,2.13 M
2019-06-15 14:56:36,27.44 G,336.72 G,479.51 K,2.12 M
2019-06-15 14:56:38,27.44 G,336.72 G,483.37 K,2.12 M
2019-06-15 14:56:40,27.44 G,336.73 G,482.37 K,2.13 M
2019-06-15 14:56:42,27.44 G,336.73 G,476.04 K,2.09 M
2019-06-15 14:56:44,27.44 G,336.74 G,471.56 K,2.07 M
2019-06-15 14:56:46,27.44 G,336.74 G,467.80 K,2.06 M
2019-06-15 14:56:48,27.45 G,336.74 G,479.35 K,2.11 M
2019-06-15 14:56:50,27.45 G,336.75 G,468.21 K,2.06 M
2019-06-15 14:56:52,27.45 G,336.75 G,472.96 K,2.09 M
2019-06-15 14:56:54,27.45 G,336.76 G,468.94 K,2.07 M
2019-06-15 14:56:56,27.45 G,336.76 G,214.17 K,957.37 K
2019-06-15 14:56:59,27.45 G,336.76 G,470.00 K,2.13 M
2019-06-15 14:57:01,27.45 G,336.77 G,472.41 K,2.14 M
2019-06-15 14:57:03,27.45 G,336.77 G,27.35 K,135.69 K
2019-06-15 14:57:05,27.45 G,336.77 G,296.77 K,1.37 M
2019-06-15 14:57:08,27.45 G,336.78 G,473.43 K,2.32 M
2019-06-15 14:57:10,27.45 G,336.78 G,434.14 K,2.19 M
2019-06-15 14:57:12,27.45 G,336.79 G,421.00 K,2.11 M
2019-06-15 14:57:14,27.45 G,336.79 G,10.37 K,50.94 K
2019-06-15 14:57:18,27.46 G,336.79 G,473.83 K,2.01 M
2019-06-15 14:57:22,27.46 G,336.80 G,113.49 K,517.99 K
2019-06-15 14:57:24,27.46 G,336.80 G,478.20 K,2.23 M
2019-06-15 14:57:26,27.46 G,336.80 G,464.79 K,2.17 M
2019-06-15 14:57:28,27.46 G,336.81 G,159.75 K,766.75 K
