2019-06-16 14:26:51,151.9,161.80 M
2019-06-16 14:26:53,0.0,161.80 M
2019-06-16 14:26:56,147.9,161.40 M
2019-06-16 14:26:58,0.0,161.40 M
2019-06-16 14:27:00,149.8,158.70 M
2019-06-16 14:27:02,0.0,158.70 M
2019-06-16 14:27:04,4.0,162.55 M
2019-06-16 14:27:06,0.0,162.58 M
2019-06-16 14:27:08,0.0,162.99 M
2019-06-16 14:27:10,21.0,163.15 M
2019-06-16 14:27:12,1.0,166.89 M
2019-06-16 14:27:14,6.0,169.46 M
2019-06-16 14:27:16,0.0,175.43 M
2019-06-16 14:27:18,21.0,185.71 M
2019-06-16 14:27:20,0.0,185.82 M
2019-06-16 14:27:23,138.8,158.67 M
2019-06-16 14:27:25,0.0,158.67 M
2019-06-16 14:27:27,0.0,158.67 M
2019-06-16 14:27:29,0.0,161.11 M
2019-06-16 14:27:31,0.0,161.11 M
2019-06-16 14:27:33,3.0,161.11 M
2019-06-16 14:27:35,0.0,161.11 M
2019-06-16 14:27:37,1.0,161.11 M
2019-06-16 14:27:39,0.0,161.11 M
2019-06-16 14:27:41,1.0,161.11 M
2019-06-16 14:27:43,0.0,161.11 M
2019-06-16 14:27:45,1.0,161.11 M
2019-06-16 14:27:47,0.0,161.11 M
2019-06-16 14:27:49,1.0,161.11 M
2019-06-16 14:27:51,0.0,161.11 M
2019-06-16 14:27:53,0.0,161.11 M
2019-06-16 14:27:55,3.0,161.25 M
2019-06-16 14:27:57,0.0,161.25 M
2019-06-16 14:27:59,1.0,161.25 M
2019-06-16 14:28:01,0.0,161.25 M
2019-06-16 14:28:03,3.0,161.25 M
2019-06-16 14:28:05,0.0,161.25 M
2019-06-16 14:28:07,2.0,161.30 M
2019-06-16 14:28:09,1.0,161.30 M
2019-06-16 14:28:11,0.0,161.30 M
2019-06-16 14:28:13,0.0,161.30 M
2019-06-16 14:28:15,0.0,161.30 M
2019-06-16 14:28:17,0.0,161.30 M
2019-06-16 14:28:19,0.0,161.30 M
2019-06-16 14:28:21,0.0,161.39 M
2019-06-16 14:28:23,0.0,161.39 M
2019-06-16 14:28:25,1.0,161.39 M
2019-06-16 14:28:27,0.0,161.39 M
2019-06-16 14:28:29,0.0,161.39 M
2019-06-16 14:28:31,0.0,161.39 M
2019-06-16 14:28:34,0.0,161.39 M
2019-06-16 14:28:36,0.0,161.46 M
2019-06-16 14:28:38,0.0,161.46 M
2019-06-16 14:28:40,3.0,161.46 M
2019-06-16 14:28:42,0.0,161.46 M
2019-06-16 14:28:44,3.0,161.46 M
2019-06-16 14:28:46,0.0,161.46 M
2019-06-16 14:28:48,2.0,161.52 M
2019-06-16 14:28:50,0.0,161.52 M
2019-06-16 14:28:52,2.0,161.52 M
2019-06-16 14:28:54,0.0,161.52 M
2019-06-16 14:28:56,1.0,161.52 M
2019-06-16 14:28:58,0.0,161.52 M
2019-06-16 14:29:00,0.0,161.52 M
2019-06-16 14:29:02,0.0,161.52 M
2019-06-16 14:29:04,1.0,161.52 M
2019-06-16 14:29:06,0.0,161.52 M
2019-06-16 14:29:08,0.0,161.52 M
2019-06-16 14:29:10,3.0,161.52 M
2019-06-16 14:29:12,0.0,161.52 M
2019-06-16 14:29:14,0.0,161.52 M
2019-06-16 14:29:16,0.0,161.73 M
2019-06-16 14:29:18,0.0,161.73 M
2019-06-16 14:29:20,0.0,161.74 M
2019-06-16 14:29:22,0.0,161.74 M
2019-06-16 14:29:24,0.0,161.74 M
2019-06-16 14:29:26,0.0,161.74 M
2019-06-16 14:29:28,0.0,161.74 M
2019-06-16 14:29:30,0.0,161.74 M
2019-06-16 14:29:32,3.0,164.44 M
2019-06-16 14:29:34,0.0,164.44 M
2019-06-16 14:29:36,0.0,164.44 M
2019-06-16 14:29:38,0.0,164.44 M
2019-06-16 14:29:40,0.0,164.44 M
2019-06-16 14:29:42,0.0,164.44 M
2019-06-16 14:29:44,2.0,164.44 M
2019-06-16 14:29:46,0.0,164.44 M
2019-06-16 14:29:48,2.0,164.44 M
2019-06-16 14:29:50,0.0,164.44 M
2019-06-16 14:29:52,2.0,164.44 M
2019-06-16 14:29:54,0.0,164.44 M
2019-06-16 14:29:56,1.0,164.44 M
2019-06-16 14:29:58,0.0,164.44 M
2019-06-16 14:30:00,0.0,164.44 M
2019-06-16 14:30:02,0.0,164.44 M
2019-06-16 14:30:04,0.0,164.44 M
2019-06-16 14:30:06,0.0,164.44 M
2019-06-16 14:30:08,0.0,164.44 M
2019-06-16 14:30:10,0.0,164.44 M
2019-06-16 14:30:12,0.0,164.44 M
2019-06-16 14:30:14,0.0,164.44 M
2019-06-16 14:30:16,1.0,164.44 M
2019-06-16 14:30:18,0.0,164.44 M
2019-06-16 14:30:20,0.0,164.44 M
2019-06-16 14:30:22,0.0,164.44 M
2019-06-16 14:30:24,0.0,164.44 M
2019-06-16 14:30:26,1.0,164.44 M
2019-06-16 14:30:28,1.0,164.44 M
2019-06-16 14:30:30,0.0,164.44 M
2019-06-16 14:30:32,0.0,164.44 M
2019-06-16 14:30:34,0.0,164.44 M
2019-06-16 14:30:36,0.0,164.44 M
2019-06-16 14:30:38,0.0,164.44 M
2019-06-16 14:30:40,1.0,164.44 M
2019-06-16 14:30:42,0.0,164.44 M
2019-06-16 14:30:44,0.0,164.44 M
2019-06-16 14:30:46,0.0,164.44 M
2019-06-16 14:30:48,1.0,164.44 M
2019-06-16 14:30:50,0.0,164.44 M
2019-06-16 14:30:52,0.0,164.44 M
2019-06-16 14:30:54,147.9,160.06 M
2019-06-16 14:30:56,1.0,160.06 M
2019-06-16 14:30:58,59.9,163.22 M
2019-06-16 14:31:00,0.0,163.25 M
2019-06-16 14:31:03,39.0,163.72 M
2019-06-16 14:31:05,0.0,163.78 M
2019-06-16 14:31:07,35.0,165.05 M
2019-06-16 14:31:09,0.0,165.08 M
2019-06-16 14:31:11,18.0,175.28 M
2019-06-16 14:31:13,0.0,175.32 M
2019-06-16 14:31:15,15.0,183.60 M
2019-06-16 14:31:17,0.0,183.60 M
2019-06-16 14:31:19,7.0,192.59 M
2019-06-16 14:31:21,0.0,192.61 M
2019-06-16 14:31:23,7.0,202.37 M
2019-06-16 14:31:25,1.0,202.35 M
2019-06-16 14:31:27,6.0,210.33 M
2019-06-16 14:31:29,1.0,211.55 M
2019-06-16 14:31:31,0.0,211.55 M
2019-06-16 14:31:33,0.0,221.57 M
2019-06-16 14:31:35,1.0,221.85 M
2019-06-16 14:31:37,0.0,228.55 M
2019-06-16 14:31:39,0.0,228.55 M
2019-06-16 14:31:41,0.0,228.79 M
2019-06-16 14:31:43,0.0,228.89 M
2019-06-16 14:31:45,0.0,228.89 M
2019-06-16 14:31:47,0.0,228.88 M
2019-06-16 14:31:49,0.0,230.41 M
2019-06-16 14:31:51,0.0,230.41 M
2019-06-16 14:31:53,0.0,230.41 M
2019-06-16 14:31:55,0.0,230.41 M
2019-06-16 14:31:57,142.8,158.90 M
2019-06-16 14:31:59,0.0,158.90 M
2019-06-16 14:32:02,154.8,162.46 M
2019-06-16 14:32:04,0.0,162.46 M
2019-06-16 14:32:06,0.0,162.46 M
2019-06-16 14:32:08,143.9,161.73 M
2019-06-16 14:32:10,0.0,161.73 M
2019-06-16 14:32:12,0.0,161.73 M
2019-06-16 14:32:14,0.0,167.52 M
2019-06-16 14:32:16,0.0,167.56 M
2019-06-16 14:32:18,74.9,213.86 M
2019-06-16 14:32:20,1.0,213.89 M
2019-06-16 14:32:22,0.0,188.03 M
2019-06-16 14:32:24,0.0,191.86 M
2019-06-16 14:32:26,0.0,191.88 M
2019-06-16 14:32:28,27.0,191.51 M
2019-06-16 14:32:30,0.0,191.53 M
2019-06-16 14:32:32,0.0,191.53 M
2019-06-16 14:32:34,21.0,200.05 M
2019-06-16 14:32:36,0.0,200.10 M
2019-06-16 14:32:38,0.0,200.10 M
2019-06-16 14:32:40,0.0,209.08 M
2019-06-16 14:32:42,0.0,209.13 M
2019-06-16 14:32:44,11.0,222.59 M
2019-06-16 14:32:46,0.0,222.62 M
2019-06-16 14:32:48,0.0,222.62 M
2019-06-16 14:32:50,0.0,239.99 M
2019-06-16 14:32:52,0.0,240.12 M
2019-06-16 14:32:54,0.0,240.12 M
2019-06-16 14:32:56,0.0,240.88 M
2019-06-16 14:32:58,0.0,240.91 M
2019-06-16 14:33:00,2.0,240.91 M
2019-06-16 14:33:02,0.0,240.91 M
2019-06-16 14:33:04,0.0,240.89 M
2019-06-16 14:33:06,5.0,240.89 M
2019-06-16 14:33:08,0.0,240.94 M
2019-06-16 14:33:10,0.0,240.94 M
2019-06-16 14:33:12,2.0,240.94 M
2019-06-16 14:33:14,0.0,240.94 M
2019-06-16 14:33:16,0.0,240.94 M
2019-06-16 14:33:20,139.8,158.31 M
2019-06-16 14:33:22,0.0,158.31 M
2019-06-16 14:33:24,0.0,158.31 M
2019-06-16 14:33:26,0.0,163.32 M
2019-06-16 14:33:28,0.0,163.38 M
2019-06-16 14:33:30,45.0,166.95 M
2019-06-16 14:33:32,1.0,166.98 M
2019-06-16 14:33:34,0.0,166.98 M
2019-06-16 14:33:36,0.0,176.73 M
2019-06-16 14:33:38,0.0,176.77 M
2019-06-16 14:33:40,18.0,189.64 M
2019-06-16 14:33:42,1.0,189.75 M
2019-06-16 14:33:44,9.0,203.39 M
2019-06-16 14:33:46,0.0,203.45 M
2019-06-16 14:33:48,1.0,203.45 M
2019-06-16 14:33:50,0.0,216.57 M
2019-06-16 14:33:52,0.0,216.53 M
2019-06-16 14:33:54,12.0,232.91 M
2019-06-16 14:33:56,0.0,233.05 M
2019-06-16 14:33:58,0.0,233.05 M
2019-06-16 14:34:00,0.0,233.31 M
2019-06-16 14:34:02,0.0,233.31 M
2019-06-16 14:34:04,0.0,233.57 M
2019-06-16 14:34:06,0.0,233.54 M
2019-06-16 14:34:08,0.0,233.54 M
2019-06-16 14:34:10,0.0,233.54 M
2019-06-16 14:34:12,7.0,233.54 M
2019-06-16 14:34:14,1.0,233.54 M
2019-06-16 14:34:16,0.0,233.54 M
2019-06-16 14:34:18,0.0,234.75 M
2019-06-16 14:34:20,0.0,234.75 M
2019-06-16 14:34:22,0.0,234.75 M
2019-06-16 14:34:24,1.0,235.76 M
2019-06-16 14:34:26,0.0,235.84 M
2019-06-16 14:34:28,10.0,241.21 M
2019-06-16 14:34:30,1.0,241.22 M
2019-06-16 14:34:32,0.0,241.22 M
2019-06-16 14:34:34,0.0,243.25 M
2019-06-16 14:34:36,0.0,243.32 M
2019-06-16 14:34:38,1.0,243.58 M
2019-06-16 14:34:40,0.0,240.07 M
2019-06-16 14:34:42,0.0,240.07 M
2019-06-16 14:34:44,0.0,240.07 M
2019-06-16 14:34:46,0.0,240.07 M
2019-06-16 14:34:48,7.0,240.07 M
2019-06-16 14:34:50,0.0,235.79 M
2019-06-16 14:34:52,0.0,235.79 M
2019-06-16 14:34:54,0.0,235.89 M
2019-06-16 14:34:56,0.0,235.88 M
2019-06-16 14:34:58,4.0,235.88 M
2019-06-16 14:35:00,0.0,235.88 M
2019-06-16 14:35:02,1.0,235.88 M
2019-06-16 14:35:04,0.0,235.88 M
2019-06-16 14:35:06,1.0,235.91 M
2019-06-16 14:35:08,0.0,235.91 M
2019-06-16 14:35:10,0.0,236.04 M
2019-06-16 14:35:12,6.0,236.04 M
2019-06-16 14:35:14,0.0,236.21 M
2019-06-16 14:35:16,1.0,236.21 M
2019-06-16 14:35:18,0.0,236.72 M
2019-06-16 14:35:20,0.0,236.66 M
2019-06-16 14:35:22,11.0,239.23 M
2019-06-16 14:35:24,0.0,239.18 M
2019-06-16 14:35:26,0.0,239.18 M
2019-06-16 14:35:28,0.0,239.18 M
2019-06-16 14:35:30,0.0,239.18 M
2019-06-16 14:35:32,14.0,240.18 M
2019-06-16 14:35:34,0.0,240.18 M
2019-06-16 14:35:36,1.0,240.18 M
2019-06-16 14:35:38,0.0,240.18 M
2019-06-16 14:35:40,0.0,240.18 M
2019-06-16 14:35:42,0.0,242.75 M
2019-06-16 14:35:44,0.0,242.75 M
2019-06-16 14:35:46,7.0,242.75 M
2019-06-16 14:35:48,0.0,242.93 M
2019-06-16 14:35:50,1.0,242.93 M
2019-06-16 14:35:52,0.0,242.93 M
2019-06-16 14:35:54,0.0,242.93 M
2019-06-16 14:35:56,4.0,242.93 M
2019-06-16 14:35:59,0.0,242.93 M
2019-06-16 14:36:01,4.0,243.29 M
2019-06-16 14:36:03,0.0,243.29 M
2019-06-16 14:36:05,7.0,244.71 M
2019-06-16 14:36:07,0.0,244.71 M
2019-06-16 14:36:09,7.0,244.71 M
2019-06-16 14:36:11,0.0,244.81 M
2019-06-16 14:36:13,1.0,244.81 M
2019-06-16 14:36:15,0.0,244.81 M
2019-06-16 14:36:17,0.0,244.81 M
2019-06-16 14:36:19,0.0,244.81 M
2019-06-16 14:36:21,0.0,244.81 M
2019-06-16 14:36:23,6.0,244.81 M
2019-06-16 14:36:25,0.0,244.81 M
2019-06-16 14:36:27,7.0,244.81 M
2019-06-16 14:36:29,0.0,244.81 M
2019-06-16 14:36:31,0.0,244.81 M
2019-06-16 14:36:33,0.0,244.81 M
2019-06-16 14:36:35,0.0,244.81 M
2019-06-16 14:36:37,5.0,244.81 M
2019-06-16 14:36:39,0.0,244.81 M
2019-06-16 14:36:41,1.0,244.81 M
2019-06-16 14:36:43,0.0,244.81 M
2019-06-16 14:36:45,0.0,244.81 M
2019-06-16 14:36:47,10.0,244.57 M
2019-06-16 14:36:49,0.0,244.57 M
2019-06-16 14:36:51,3.0,244.74 M
2019-06-16 14:36:53,0.0,244.74 M
2019-06-16 14:36:55,0.0,244.74 M
2019-06-16 14:36:57,0.0,244.74 M
2019-06-16 14:36:59,0.0,244.74 M
2019-06-16 14:37:01,7.0,244.74 M
2019-06-16 14:37:03,0.0,244.74 M
2019-06-16 14:37:05,0.0,244.74 M
2019-06-16 14:37:07,0.0,244.74 M
2019-06-16 14:37:09,0.0,244.74 M
2019-06-16 14:37:11,6.0,244.74 M
2019-06-16 14:37:13,0.0,244.74 M
2019-06-16 14:37:15,0.0,244.74 M
2019-06-16 14:37:17,0.0,244.74 M
2019-06-16 14:37:19,0.0,244.74 M
2019-06-16 14:37:21,5.0,244.74 M
2019-06-16 14:37:23,0.0,244.74 M
2019-06-16 14:37:25,10.0,244.74 M
2019-06-16 14:37:27,0.0,244.74 M
2019-06-16 14:37:29,0.0,244.74 M
2019-06-16 14:37:31,0.0,244.11 M
2019-06-16 14:37:33,0.0,244.11 M
2019-06-16 14:37:35,6.0,244.11 M
2019-06-16 14:37:37,1.0,244.11 M
2019-06-16 14:37:39,0.0,244.11 M
2019-06-16 14:37:41,0.0,244.11 M
2019-06-16 14:37:43,0.0,244.11 M
2019-06-16 14:37:45,0.0,244.11 M
2019-06-16 14:37:47,0.0,244.11 M
2019-06-16 14:37:49,5.0,244.11 M
2019-06-16 14:37:51,0.0,244.11 M
2019-06-16 14:37:53,3.0,244.11 M
2019-06-16 14:37:55,0.0,244.11 M
2019-06-16 14:37:57,4.0,240.13 M
2019-06-16 14:37:59,1.0,240.13 M
2019-06-16 14:38:01,0.0,240.13 M
2019-06-16 14:38:03,0.0,240.14 M
2019-06-16 14:38:05,0.0,240.14 M
2019-06-16 14:38:07,5.0,243.24 M
2019-06-16 14:38:09,0.0,243.24 M
2019-06-16 14:38:11,8.0,243.24 M
2019-06-16 14:38:13,0.0,243.25 M
2019-06-16 14:38:15,0.0,243.25 M
2019-06-16 14:38:17,0.0,243.25 M
2019-06-16 14:38:20,151.8,162.16 M
2019-06-16 14:38:22,0.0,162.16 M
2019-06-16 14:38:24,0.0,162.16 M
2019-06-16 14:38:26,0.0,164.25 M
2019-06-16 14:38:28,0.0,164.25 M
2019-06-16 14:38:31,1.0,164.25 M
2019-06-16 14:38:33,0.0,164.25 M
2019-06-16 14:38:35,0.0,164.25 M
2019-06-16 14:38:37,0.0,164.25 M
2019-06-16 14:38:39,0.0,164.25 M
2019-06-16 14:38:41,1.0,164.25 M
2019-06-16 14:38:43,1.0,164.25 M
2019-06-16 14:38:45,0.0,164.25 M
2019-06-16 14:38:47,1.0,164.25 M
2019-06-16 14:38:49,0.0,164.25 M
2019-06-16 14:38:51,0.0,164.25 M
2019-06-16 14:38:53,0.0,164.25 M
2019-06-16 14:38:55,3.0,164.25 M
2019-06-16 14:38:57,0.0,164.25 M
2019-06-16 14:38:59,0.0,164.25 M
2019-06-16 14:39:01,1.0,164.42 M
2019-06-16 14:39:03,0.0,164.42 M
2019-06-16 14:39:05,3.0,164.43 M
2019-06-16 14:39:07,0.0,164.43 M
2019-06-16 14:39:09,2.0,164.43 M
2019-06-16 14:39:11,0.0,164.43 M
2019-06-16 14:39:13,0.0,164.43 M
2019-06-16 14:39:15,1.0,164.43 M
2019-06-16 14:39:17,0.0,164.43 M
2019-06-16 14:39:19,2.0,164.59 M
2019-06-16 14:39:21,0.0,164.59 M
2019-06-16 14:39:23,1.0,164.59 M
2019-06-16 14:39:25,0.0,164.59 M
2019-06-16 14:39:27,0.0,164.59 M
2019-06-16 14:39:29,0.0,164.59 M
2019-06-16 14:39:31,0.0,164.59 M
2019-06-16 14:39:33,2.0,164.59 M
2019-06-16 14:39:35,0.0,164.59 M
2019-06-16 14:39:37,5.0,164.63 M
2019-06-16 14:39:39,0.0,164.63 M
2019-06-16 14:39:41,3.0,164.63 M
2019-06-16 14:39:43,0.0,164.63 M
2019-06-16 14:39:45,0.0,164.63 M
2019-06-16 14:39:47,0.0,164.63 M
2019-06-16 14:39:49,1.0,164.63 M
2019-06-16 14:39:51,2.0,164.63 M
2019-06-16 14:39:53,0.0,164.63 M
2019-06-16 14:39:55,2.0,164.63 M
2019-06-16 14:39:57,0.0,164.63 M
2019-06-16 14:39:59,0.0,164.63 M
2019-06-16 14:40:01,0.0,164.63 M
2019-06-16 14:40:03,0.0,164.63 M
2019-06-16 14:40:05,0.0,164.63 M
2019-06-16 14:40:07,0.0,164.63 M
2019-06-16 14:40:09,1.0,164.63 M
2019-06-16 14:40:11,0.0,164.63 M
2019-06-16 14:40:13,4.0,164.63 M
2019-06-16 14:40:15,0.0,164.63 M
2019-06-16 14:40:17,0.0,164.63 M
2019-06-16 14:40:19,0.0,164.64 M
2019-06-16 14:40:21,0.0,164.64 M
2019-06-16 14:40:23,0.0,164.64 M
2019-06-16 14:40:25,0.0,164.64 M
2019-06-16 14:40:27,0.0,164.64 M
2019-06-16 14:40:29,0.0,164.64 M
2019-06-16 14:40:31,2.0,164.64 M
2019-06-16 14:40:33,0.0,164.64 M
2019-06-16 14:40:35,4.0,167.27 M
2019-06-16 14:40:37,0.0,167.27 M
2019-06-16 14:40:39,1.0,167.27 M
2019-06-16 14:40:41,0.0,167.27 M
2019-06-16 14:40:43,2.0,167.27 M
2019-06-16 14:40:45,0.0,167.27 M
2019-06-16 14:40:47,0.0,167.27 M
2019-06-16 14:40:49,0.0,167.27 M
2019-06-16 14:40:51,0.0,167.27 M
2019-06-16 14:40:53,0.0,167.48 M
2019-06-16 14:40:55,0.0,167.48 M
2019-06-16 14:40:57,1.0,167.48 M
2019-06-16 14:40:59,0.0,167.48 M
2019-06-16 14:41:01,2.0,167.48 M
2019-06-16 14:41:03,0.0,167.48 M
2019-06-16 14:41:05,1.0,167.48 M
2019-06-16 14:41:07,0.0,167.48 M
2019-06-16 14:41:09,2.0,167.48 M
2019-06-16 14:41:11,0.0,167.48 M
2019-06-16 14:41:13,1.0,167.48 M
2019-06-16 14:41:15,0.0,167.48 M
2019-06-16 14:41:18,2.0,167.48 M
2019-06-16 14:41:20,1.0,167.48 M
2019-06-16 14:41:22,0.0,167.48 M
2019-06-16 14:41:24,0.0,167.64 M
2019-06-16 14:41:26,0.0,167.64 M
2019-06-16 14:41:28,0.0,167.64 M
2019-06-16 14:41:30,0.0,167.64 M
2019-06-16 14:41:32,0.0,167.64 M
2019-06-16 14:41:34,0.0,167.64 M
2019-06-16 14:41:36,0.0,167.64 M
2019-06-16 14:41:38,0.0,167.64 M
2019-06-16 14:41:40,0.0,167.64 M
2019-06-16 14:41:42,0.0,167.64 M
2019-06-16 14:41:44,2.0,167.64 M
2019-06-16 14:41:46,0.0,167.64 M
2019-06-16 14:41:48,0.0,167.64 M
2019-06-16 14:41:50,1.0,167.64 M
2019-06-16 14:41:53,150.8,161.17 M
2019-06-16 14:41:55,0.0,161.17 M
2019-06-16 14:41:57,153.9,162.63 M
2019-06-16 14:41:59,0.0,162.63 M
2019-06-16 14:42:01,43.0,165.94 M
2019-06-16 14:42:03,0.0,165.99 M
2019-06-16 14:42:05,0.0,166.00 M
2019-06-16 14:42:07,0.0,166.05 M
2019-06-16 14:42:09,0.0,166.59 M
2019-06-16 14:42:11,23.0,166.80 M
2019-06-16 14:42:13,21.0,171.25 M
2019-06-16 14:42:15,0.0,171.28 M
2019-06-16 14:42:17,0.0,175.96 M
2019-06-16 14:42:19,0.0,176.03 M
2019-06-16 14:42:21,0.0,180.56 M
2019-06-16 14:42:23,1.0,181.66 M
2019-06-16 14:42:25,0.0,185.27 M
2019-06-16 14:42:27,3.0,190.30 M
2019-06-16 14:42:29,0.0,190.33 M
2019-06-16 14:42:31,0.0,195.20 M
2019-06-16 14:42:33,0.0,195.23 M
2019-06-16 14:42:35,0.0,200.61 M
2019-06-16 14:42:37,2.0,201.97 M
2019-06-16 14:42:39,0.0,206.33 M
2019-06-16 14:42:41,7.0,211.45 M
2019-06-16 14:42:43,0.0,211.49 M
2019-06-16 14:42:45,0.0,216.61 M
2019-06-16 14:42:47,0.0,216.59 M
2019-06-16 14:42:49,0.0,221.97 M
2019-06-16 14:42:51,0.0,221.97 M
2019-06-16 14:42:53,0.0,221.97 M
2019-06-16 14:42:55,6.0,221.97 M
2019-06-16 14:42:57,0.0,222.10 M
2019-06-16 14:42:59,5.0,222.10 M
2019-06-16 14:43:01,0.0,222.18 M
2019-06-16 14:43:03,5.0,222.18 M
2019-06-16 14:43:05,0.0,222.18 M
2019-06-16 14:43:07,4.0,222.18 M
2019-06-16 14:43:09,0.0,222.18 M
2019-06-16 14:43:11,0.0,222.18 M
2019-06-16 14:43:13,0.0,222.18 M
2019-06-16 14:43:15,0.0,222.18 M
2019-06-16 14:43:17,0.0,222.18 M
2019-06-16 14:43:19,7.0,222.18 M
2019-06-16 14:43:21,0.0,222.18 M
2019-06-16 14:43:23,0.0,222.32 M
2019-06-16 14:43:25,0.0,222.32 M
2019-06-16 14:43:27,2.0,223.32 M
2019-06-16 14:43:29,0.0,223.32 M
2019-06-16 14:43:31,4.0,224.59 M
2019-06-16 14:43:33,0.0,224.59 M
2019-06-16 14:43:35,4.0,226.39 M
2019-06-16 14:43:38,1.0,226.39 M
2019-06-16 14:43:40,0.0,226.39 M
2019-06-16 14:43:42,0.0,230.85 M
2019-06-16 14:43:44,0.0,230.89 M
2019-06-16 14:43:46,0.0,234.69 M
2019-06-16 14:43:48,0.0,234.69 M
2019-06-16 14:43:50,4.0,236.47 M
2019-06-16 14:43:52,0.0,232.99 M
2019-06-16 14:43:54,2.0,233.49 M
2019-06-16 14:43:56,1.0,233.50 M
2019-06-16 14:43:58,0.0,235.55 M
2019-06-16 14:44:00,0.0,235.67 M
2019-06-16 14:44:02,0.0,237.72 M
2019-06-16 14:44:04,0.0,237.72 M
2019-06-16 14:44:06,0.0,238.99 M
2019-06-16 14:44:08,0.0,238.96 M
2019-06-16 14:44:10,6.0,240.23 M
2019-06-16 14:44:12,0.0,240.23 M
2019-06-16 14:44:14,3.0,240.23 M
2019-06-16 14:44:16,0.0,240.23 M
2019-06-16 14:44:18,2.0,240.23 M
2019-06-16 14:44:20,0.0,240.23 M
2019-06-16 14:44:23,142.8,158.59 M
2019-06-16 14:44:25,1.0,158.59 M
2019-06-16 14:44:27,8.0,158.99 M
2019-06-16 14:44:29,0.0,162.32 M
2019-06-16 14:44:31,0.0,162.34 M
2019-06-16 14:44:33,0.0,165.82 M
2019-06-16 14:44:35,0.0,165.85 M
2019-06-16 14:44:37,0.0,170.57 M
2019-06-16 14:44:39,0.0,170.59 M
2019-06-16 14:44:41,0.0,183.04 M
2019-06-16 14:44:43,0.0,183.12 M
2019-06-16 14:44:45,15.0,197.00 M
2019-06-16 14:44:47,0.0,197.04 M
2019-06-16 14:44:49,0.0,197.28 M
2019-06-16 14:44:51,0.0,210.71 M
2019-06-16 14:44:53,0.0,210.83 M
2019-06-16 14:44:55,9.0,228.88 M
2019-06-16 14:44:57,0.0,228.86 M
2019-06-16 14:44:59,1.0,228.86 M
2019-06-16 14:45:01,0.0,228.86 M
2019-06-16 14:45:03,0.0,228.82 M
2019-06-16 14:45:05,6.0,228.90 M
2019-06-16 14:45:07,0.0,228.95 M
2019-06-16 14:45:09,10.0,228.95 M
2019-06-16 14:45:11,0.0,229.13 M
2019-06-16 14:45:13,0.0,229.13 M
2019-06-16 14:45:15,0.0,229.30 M
2019-06-16 14:45:17,0.0,229.30 M
2019-06-16 14:45:19,2.0,230.06 M
2019-06-16 14:45:21,0.0,231.34 M
2019-06-16 14:45:23,0.0,231.29 M
2019-06-16 14:45:25,4.0,232.03 M
2019-06-16 14:45:27,0.0,232.03 M
2019-06-16 14:45:29,12.0,236.66 M
2019-06-16 14:45:31,0.0,236.66 M
2019-06-16 14:45:33,5.0,237.38 M
2019-06-16 14:45:35,0.0,237.43 M
2019-06-16 14:45:37,0.0,237.43 M
2019-06-16 14:45:39,0.0,242.43 M
2019-06-16 14:45:41,0.0,242.43 M
2019-06-16 14:45:43,4.0,239.07 M
2019-06-16 14:45:45,0.0,239.07 M
2019-06-16 14:45:47,0.0,239.07 M
2019-06-16 14:45:49,0.0,239.30 M
2019-06-16 14:45:51,0.0,239.30 M
2019-06-16 14:45:53,8.0,239.30 M
2019-06-16 14:45:55,0.0,239.36 M
2019-06-16 14:45:57,1.0,239.36 M
2019-06-16 14:45:59,0.0,239.36 M
2019-06-16 14:46:01,0.0,239.45 M
2019-06-16 14:46:03,5.0,239.45 M
2019-06-16 14:46:05,0.0,239.45 M
2019-06-16 14:46:07,0.0,239.45 M
2019-06-16 14:46:10,0.0,239.45 M
2019-06-16 14:46:12,0.0,239.45 M
2019-06-16 14:46:14,6.0,239.45 M
2019-06-16 14:46:16,0.0,239.45 M
2019-06-16 14:46:18,0.0,239.45 M
2019-06-16 14:46:20,0.0,239.45 M
2019-06-16 14:46:22,0.0,239.60 M
2019-06-16 14:46:24,10.0,245.10 M
2019-06-16 14:46:26,0.0,245.11 M
2019-06-16 14:46:28,3.0,245.11 M
2019-06-16 14:46:30,0.0,245.11 M
2019-06-16 14:46:32,0.0,245.11 M
2019-06-16 14:46:34,0.0,246.61 M
2019-06-16 14:46:36,0.0,246.61 M
2019-06-16 14:46:38,9.0,246.72 M
2019-06-16 14:46:40,0.0,246.72 M
2019-06-16 14:46:42,10.0,250.32 M
2019-06-16 14:46:44,0.0,250.42 M
2019-06-16 14:46:46,0.0,250.42 M
2019-06-16 14:46:48,0.0,250.42 M
2019-06-16 14:46:50,0.0,250.42 M
2019-06-16 14:46:52,6.0,250.42 M
2019-06-16 14:46:54,0.0,250.42 M
2019-06-16 14:46:56,1.0,250.42 M
2019-06-16 14:46:58,0.0,250.42 M
2019-06-16 14:47:00,0.0,250.42 M
2019-06-16 14:47:02,0.0,250.42 M
2019-06-16 14:47:04,0.0,250.42 M
2019-06-16 14:47:06,1.0,250.63 M
2019-06-16 14:47:08,0.0,250.64 M
2019-06-16 14:47:10,7.0,250.69 M
2019-06-16 14:47:12,1.0,250.69 M
2019-06-16 14:47:14,0.0,250.69 M
2019-06-16 14:47:16,0.0,250.69 M
2019-06-16 14:47:18,0.0,250.69 M
2019-06-16 14:47:20,0.0,250.69 M
2019-06-16 14:47:22,0.0,250.70 M
2019-06-16 14:47:24,0.0,250.70 M
2019-06-16 14:47:26,0.0,250.70 M
2019-06-16 14:47:28,4.0,250.70 M
2019-06-16 14:47:30,0.0,250.70 M
2019-06-16 14:47:32,3.0,250.70 M
2019-06-16 14:47:34,0.0,250.70 M
2019-06-16 14:47:36,3.0,250.70 M
2019-06-16 14:47:38,0.0,250.72 M
2019-06-16 14:47:40,0.0,250.72 M
2019-06-16 14:47:42,1.0,250.72 M
2019-06-16 14:47:44,0.0,250.72 M
2019-06-16 14:47:46,9.0,250.38 M
2019-06-16 14:47:48,0.0,250.38 M
2019-06-16 14:47:50,1.0,250.38 M
2019-06-16 14:47:52,0.0,250.38 M
2019-06-16 14:47:54,0.0,250.38 M
2019-06-16 14:47:56,6.0,250.38 M
2019-06-16 14:47:58,0.0,250.38 M
2019-06-16 14:48:00,0.0,250.38 M
2019-06-16 14:48:02,0.0,250.38 M
2019-06-16 14:48:04,0.0,250.38 M
2019-06-16 14:48:06,0.0,250.38 M
2019-06-16 14:48:08,0.0,250.38 M
2019-06-16 14:48:10,8.0,250.38 M
2019-06-16 14:48:12,0.0,250.38 M
2019-06-16 14:48:14,8.0,250.38 M
2019-06-16 14:48:16,0.0,250.38 M
2019-06-16 14:48:18,0.0,250.38 M
2019-06-16 14:48:20,0.0,250.38 M
2019-06-16 14:48:22,0.0,250.38 M
2019-06-16 14:48:24,0.0,250.38 M
2019-06-16 14:48:26,1.0,250.38 M
2019-06-16 14:48:28,10.0,244.99 M
2019-06-16 14:48:30,0.0,244.99 M
2019-06-16 14:48:32,4.0,244.99 M
2019-06-16 14:48:34,0.0,244.99 M
2019-06-16 14:48:36,1.0,244.99 M
2019-06-16 14:48:38,0.0,244.99 M
2019-06-16 14:48:40,0.0,244.99 M
2019-06-16 14:48:42,0.0,244.99 M
2019-06-16 14:48:44,0.0,244.99 M
2019-06-16 14:48:46,6.0,244.99 M
2019-06-16 14:48:48,0.0,244.99 M
2019-06-16 14:48:50,0.0,244.99 M
2019-06-16 14:48:52,0.0,244.99 M
2019-06-16 14:48:54,1.0,244.99 M
2019-06-16 14:48:57,0.0,244.99 M
2019-06-16 14:48:59,0.0,244.99 M
2019-06-16 14:49:01,0.0,245.05 M
2019-06-16 14:49:03,0.0,245.05 M
2019-06-16 14:49:05,5.0,245.05 M
2019-06-16 14:49:07,0.0,245.05 M
2019-06-16 14:49:09,12.0,246.60 M
2019-06-16 14:49:11,0.0,246.60 M
2019-06-16 14:49:13,7.0,246.60 M
2019-06-16 14:49:15,0.0,246.60 M
2019-06-16 14:49:17,0.0,246.60 M
2019-06-16 14:49:19,0.0,246.60 M
2019-06-16 14:49:21,0.0,246.60 M
2019-06-16 14:49:24,147.8,161.59 M
2019-06-16 14:49:26,0.0,161.59 M
2019-06-16 14:49:29,137.9,158.51 M
2019-06-16 14:49:31,0.0,158.51 M
2019-06-16 14:49:34,139.8,156.55 M
2019-06-16 14:49:36,0.0,156.55 M
2019-06-16 14:49:38,0.0,156.55 M
2019-06-16 14:49:40,147.8,159.52 M
2019-06-16 14:49:42,0.0,159.52 M
2019-06-16 14:49:45,148.8,162.35 M
2019-06-16 14:49:47,0.0,162.35 M
2019-06-16 14:49:50,141.8,158.54 M
2019-06-16 14:49:52,0.0,158.54 M
2019-06-16 14:49:54,0.0,158.54 M
2019-06-16 14:49:56,0.0,161.98 M
2019-06-16 14:49:58,0.0,161.99 M
2019-06-16 14:50:00,38.0,172.47 M
2019-06-16 14:50:02,0.0,172.50 M
2019-06-16 14:50:04,0.0,172.50 M
2019-06-16 14:50:06,0.0,172.68 M
2019-06-16 14:50:08,0.0,172.77 M
2019-06-16 14:50:10,23.0,175.92 M
2019-06-16 14:50:12,0.0,176.06 M
2019-06-16 14:50:14,0.0,176.06 M
2019-06-16 14:50:16,0.0,183.27 M
2019-06-16 14:50:18,0.0,183.22 M
2019-06-16 14:50:21,13.0,190.14 M
2019-06-16 14:50:23,0.0,190.10 M
2019-06-16 14:50:25,9.0,197.04 M
2019-06-16 14:50:27,0.0,197.13 M
2019-06-16 14:50:29,0.0,197.13 M
2019-06-16 14:50:31,0.0,204.59 M
2019-06-16 14:50:33,0.0,204.62 M
2019-06-16 14:50:35,7.0,212.07 M
2019-06-16 14:50:37,0.0,212.25 M
2019-06-16 14:50:39,0.0,212.25 M
2019-06-16 14:50:41,0.0,219.95 M
2019-06-16 14:50:43,0.0,219.99 M
2019-06-16 14:50:45,12.0,232.13 M
2019-06-16 14:50:47,0.0,232.21 M
2019-06-16 14:50:49,1.0,232.46 M
2019-06-16 14:50:51,0.0,232.46 M
2019-06-16 14:50:53,0.0,232.41 M
2019-06-16 14:50:55,0.0,232.41 M
2019-06-16 14:50:57,0.0,232.41 M
2019-06-16 14:50:59,7.0,232.41 M
2019-06-16 14:51:01,1.0,232.41 M
2019-06-16 14:51:03,0.0,232.41 M
2019-06-16 14:51:05,0.0,232.41 M
2019-06-16 14:51:07,0.0,232.48 M
2019-06-16 14:51:09,6.0,232.48 M
2019-06-16 14:51:11,0.0,232.57 M
2019-06-16 14:51:13,0.0,232.57 M
2019-06-16 14:51:15,7.0,232.57 M
2019-06-16 14:51:17,0.0,232.56 M
2019-06-16 14:51:19,0.0,232.56 M
2019-06-16 14:51:21,0.0,232.56 M
2019-06-16 14:51:23,0.0,232.56 M
2019-06-16 14:51:25,5.0,234.05 M
2019-06-16 14:51:27,0.0,234.05 M
2019-06-16 14:51:29,0.0,234.05 M
2019-06-16 14:51:31,0.0,235.59 M
2019-06-16 14:51:33,0.0,235.59 M
2019-06-16 14:51:35,1.0,236.08 M
2019-06-16 14:51:37,0.0,236.59 M
2019-06-16 14:51:39,0.0,236.59 M
2019-06-16 14:51:41,4.0,237.34 M
2019-06-16 14:51:43,0.0,237.34 M
2019-06-16 14:51:45,3.0,237.34 M
2019-06-16 14:51:47,1.0,238.62 M
2019-06-16 14:51:49,0.0,238.77 M
2019-06-16 14:51:51,0.0,244.67 M
2019-06-16 14:51:53,0.0,244.67 M
2019-06-16 14:51:55,0.0,242.73 M
2019-06-16 14:51:57,0.0,242.73 M
2019-06-16 14:51:59,6.0,240.01 M
2019-06-16 14:52:01,0.0,240.01 M
2019-06-16 14:52:03,4.0,240.01 M
2019-06-16 14:52:05,0.0,240.01 M
2019-06-16 14:52:07,0.0,240.01 M
2019-06-16 14:52:09,0.0,240.01 M
2019-06-16 14:52:11,0.0,240.01 M
2019-06-16 14:52:13,3.0,242.79 M
2019-06-16 14:52:15,0.0,242.79 M
2019-06-16 14:52:17,0.0,242.79 M
2019-06-16 14:52:19,0.0,242.99 M
2019-06-16 14:52:21,0.0,242.99 M
2019-06-16 14:52:23,5.0,242.99 M
2019-06-16 14:52:25,1.0,242.99 M
2019-06-16 14:52:27,0.0,242.99 M
2019-06-16 14:52:29,0.0,242.99 M
2019-06-16 14:52:31,0.0,242.99 M
2019-06-16 14:52:33,3.0,242.99 M
2019-06-16 14:52:35,0.0,242.99 M
2019-06-16 14:52:37,2.0,242.99 M
2019-06-16 14:52:39,1.0,242.99 M
2019-06-16 14:52:41,0.0,242.99 M
2019-06-16 14:52:43,0.0,242.99 M
2019-06-16 14:52:45,0.0,243.00 M
2019-06-16 14:52:47,5.0,243.00 M
2019-06-16 14:52:49,0.0,243.00 M
2019-06-16 14:52:51,0.0,243.00 M
2019-06-16 14:52:53,0.0,243.00 M
2019-06-16 14:52:55,0.0,243.00 M
2019-06-16 14:52:57,6.0,243.00 M
2019-06-16 14:52:59,0.0,243.00 M
2019-06-16 14:53:01,0.0,243.00 M
2019-06-16 14:53:03,0.0,243.00 M
2019-06-16 14:53:05,0.0,243.00 M
2019-06-16 14:53:08,0.0,243.00 M
2019-06-16 14:53:10,0.0,243.00 M
2019-06-16 14:53:12,9.0,247.32 M
2019-06-16 14:53:14,0.0,247.32 M
2019-06-16 14:53:16,0.0,247.32 M
2019-06-16 14:53:18,0.0,247.32 M
2019-06-16 14:53:20,1.0,247.33 M
2019-06-16 14:53:22,7.0,247.33 M
2019-06-16 14:53:24,0.0,247.33 M
2019-06-16 14:53:26,0.0,247.33 M
2019-06-16 14:53:28,0.0,247.33 M
2019-06-16 14:53:30,0.0,247.33 M
2019-06-16 14:53:32,5.0,247.33 M
2019-06-16 14:53:34,0.0,247.33 M
2019-06-16 14:53:36,0.0,247.33 M
2019-06-16 14:53:38,0.0,247.46 M
2019-06-16 14:53:40,0.0,247.46 M
2019-06-16 14:53:42,6.0,247.62 M
2019-06-16 14:53:44,0.0,247.62 M
2019-06-16 14:53:46,0.0,247.62 M
2019-06-16 14:53:48,1.0,247.62 M
2019-06-16 14:53:50,0.0,247.62 M
2019-06-16 14:53:52,2.0,247.62 M
2019-06-16 14:53:54,0.0,247.62 M
2019-06-16 14:53:56,0.0,247.62 M
2019-06-16 14:53:58,6.0,247.62 M
2019-06-16 14:54:00,0.0,247.62 M
2019-06-16 14:54:02,0.0,247.62 M
2019-06-16 14:54:04,0.0,247.62 M
2019-06-16 14:54:06,0.0,247.62 M
2019-06-16 14:54:08,4.0,247.62 M
2019-06-16 14:54:10,1.0,247.62 M
2019-06-16 14:54:12,0.0,247.62 M
2019-06-16 14:54:14,0.0,247.62 M
2019-06-16 14:54:16,0.0,247.62 M
2019-06-16 14:54:18,3.0,247.62 M
2019-06-16 14:54:20,0.0,247.62 M
2019-06-16 14:54:22,0.0,247.62 M
2019-06-16 14:54:24,0.0,247.65 M
2019-06-16 14:54:26,0.0,247.65 M
2019-06-16 14:54:28,0.0,246.00 M
2019-06-16 14:54:30,0.0,246.00 M
2019-06-16 14:54:32,3.0,246.00 M
2019-06-16 14:54:34,0.0,246.00 M
2019-06-16 14:54:36,0.0,246.00 M
2019-06-16 14:54:38,0.0,246.00 M
2019-06-16 14:54:40,0.0,246.00 M
2019-06-16 14:54:42,3.0,246.00 M
2019-06-16 14:54:44,0.0,246.01 M
2019-06-16 14:54:46,0.0,246.01 M
2019-06-16 14:54:48,3.0,246.01 M
2019-06-16 14:54:51,148.8,161.94 M
2019-06-16 14:54:53,0.0,161.94 M
2019-06-16 14:54:55,0.0,161.94 M
2019-06-16 14:54:57,143.8,160.43 M
2019-06-16 14:54:59,0.0,160.43 M
2019-06-16 14:55:01,0.0,160.43 M
2019-06-16 14:55:03,136.8,157.93 M
2019-06-16 14:55:05,0.0,157.93 M
2019-06-16 14:55:07,1.0,157.93 M
2019-06-16 14:55:09,21.0,165.82 M
2019-06-16 14:55:11,0.0,165.86 M
2019-06-16 14:55:13,3.0,165.86 M
2019-06-16 14:55:15,0.0,166.01 M
2019-06-16 14:55:18,0.0,166.04 M
2019-06-16 14:55:20,30.0,172.85 M
2019-06-16 14:55:22,0.0,172.97 M
2019-06-16 14:55:24,0.0,172.97 M
2019-06-16 14:55:26,152.9,161.71 M
2019-06-16 14:55:28,0.0,161.71 M
2019-06-16 14:55:30,0.0,161.71 M
2019-06-16 14:55:32,137.9,158.96 M
2019-06-16 14:55:34,1.0,158.96 M
2019-06-16 14:55:36,0.0,158.96 M
2019-06-16 14:55:38,0.0,162.12 M
2019-06-16 14:55:40,0.0,162.14 M
2019-06-16 14:55:42,4.0,162.18 M
2019-06-16 14:55:44,0.0,162.24 M
2019-06-16 14:55:46,0.0,162.24 M
2019-06-16 14:55:48,11.0,162.50 M
2019-06-16 14:55:50,0.0,162.51 M
2019-06-16 14:55:52,0.0,162.51 M
2019-06-16 14:55:54,0.0,162.75 M
2019-06-16 14:55:56,0.0,162.77 M
2019-06-16 14:55:58,6.0,163.05 M
2019-06-16 14:56:00,0.0,163.05 M
2019-06-16 14:56:02,0.0,163.05 M
2019-06-16 14:56:05,143.0,159.53 M
2019-06-16 14:56:07,0.0,159.53 M
2019-06-16 14:56:09,15.0,161.05 M
2019-06-16 14:56:11,148.9,161.02 M
2019-06-16 14:56:13,0.0,161.02 M
2019-06-16 14:56:15,0.0,161.02 M
2019-06-16 14:56:17,0.0,165.40 M
2019-06-16 14:56:19,0.0,165.43 M
2019-06-16 14:56:22,150.8,161.36 M
2019-06-16 14:56:24,0.0,161.36 M
2019-06-16 14:56:26,1.0,161.36 M
2019-06-16 14:56:28,29.0,164.29 M
2019-06-16 14:56:30,0.0,164.32 M
2019-06-16 14:56:32,0.0,164.32 M
2019-06-16 14:56:34,0.0,164.85 M
2019-06-16 14:56:36,0.0,164.88 M
2019-06-16 14:56:39,149.8,162.95 M
2019-06-16 14:56:41,0.0,162.95 M
2019-06-16 14:56:43,0.0,162.95 M
2019-06-16 14:56:46,134.9,158.27 M
2019-06-16 14:56:48,1.0,158.27 M
2019-06-16 14:56:51,145.8,159.30 M
2019-06-16 14:56:53,0.0,159.30 M
2019-06-16 14:56:55,75.9,163.80 M
2019-06-16 14:56:57,0.0,163.85 M
2019-06-16 14:56:59,0.0,163.85 M
2019-06-16 14:57:01,0.0,174.41 M
2019-06-16 14:57:03,0.0,174.41 M
2019-06-16 14:57:05,0.0,188.66 M
2019-06-16 14:57:07,0.0,188.70 M
2019-06-16 14:57:09,0.0,202.54 M
2019-06-16 14:57:11,0.0,202.60 M
2019-06-16 14:57:13,148.8,161.48 M
2019-06-16 14:57:15,0.0,161.48 M
2019-06-16 14:57:17,55.0,165.36 M
2019-06-16 14:57:19,0.0,165.40 M
2019-06-16 14:57:21,45.9,165.74 M
2019-06-16 14:57:23,0.0,165.77 M
2019-06-16 14:57:25,39.0,168.66 M
2019-06-16 14:57:27,0.0,168.66 M
2019-06-16 14:57:29,22.0,178.18 M
2019-06-16 14:57:31,0.0,178.12 M
2019-06-16 14:57:33,17.0,186.82 M
2019-06-16 14:57:35,0.0,186.86 M
2019-06-16 14:57:37,9.0,196.10 M
2019-06-16 14:57:39,0.0,196.28 M
2019-06-16 14:57:41,0.0,206.05 M
2019-06-16 14:57:43,0.0,206.09 M
2019-06-16 14:57:45,0.0,216.13 M
2019-06-16 14:57:47,0.0,216.16 M
2019-06-16 14:57:49,150.8,161.55 M
2019-06-16 14:57:51,0.0,161.55 M
2019-06-16 14:57:53,0.0,161.55 M
2019-06-16 14:57:55,0.0,167.67 M
2019-06-16 14:57:57,0.0,167.72 M
2019-06-16 14:57:59,25.0,168.27 M
2019-06-16 14:58:01,0.0,168.29 M
2019-06-16 14:58:03,19.0,169.79 M
2019-06-16 14:58:05,0.0,169.79 M
2019-06-16 14:58:07,0.0,169.79 M
2019-06-16 14:58:09,148.8,162.02 M
2019-06-16 14:58:11,0.0,162.02 M
2019-06-16 14:58:13,145.9,161.36 M
2019-06-16 14:58:15,0.0,161.36 M
2019-06-16 14:58:19,147.8,161.34 M
2019-06-16 14:58:21,0.0,161.34 M
2019-06-16 14:58:23,0.0,161.34 M
2019-06-16 14:58:25,0.0,167.58 M
2019-06-16 14:58:27,0.0,167.63 M
2019-06-16 14:58:30,145.8,157.78 M
2019-06-16 14:58:32,0.0,157.78 M
2019-06-16 14:58:34,0.0,157.78 M
2019-06-16 14:58:36,0.0,162.75 M
2019-06-16 14:58:38,0.0,162.76 M
2019-06-16 14:58:40,19.0,163.01 M
2019-06-16 14:58:42,0.0,163.06 M
2019-06-16 14:58:44,0.0,163.06 M
2019-06-16 14:58:46,143.9,161.41 M
2019-06-16 14:58:48,0.0,161.41 M
2019-06-16 14:58:50,0.0,161.41 M
2019-06-16 14:58:52,0.0,163.43 M
2019-06-16 14:58:54,0.0,163.46 M
2019-06-16 14:58:56,146.8,158.39 M
2019-06-16 14:58:58,0.0,158.39 M
2019-06-16 14:59:01,146.8,158.38 M
2019-06-16 14:59:03,0.0,158.38 M
2019-06-16 14:59:05,0.0,158.38 M
2019-06-16 14:59:07,1.0,161.76 M
2019-06-16 14:59:09,0.0,161.77 M
2019-06-16 14:59:11,0.0,162.15 M
2019-06-16 14:59:13,0.0,162.16 M
2019-06-16 14:59:15,0.0,162.64 M
2019-06-16 14:59:17,0.0,162.64 M
2019-06-16 14:59:19,0.0,162.90 M
2019-06-16 14:59:21,0.0,162.94 M
2019-06-16 14:59:23,0.0,166.06 M
2019-06-16 14:59:25,0.0,166.08 M
2019-06-16 14:59:27,0.0,171.79 M
2019-06-16 14:59:29,0.0,171.83 M
2019-06-16 14:59:31,10.0,177.16 M
2019-06-16 14:59:33,0.0,177.28 M
2019-06-16 14:59:35,6.0,182.16 M
2019-06-16 14:59:37,0.0,182.27 M
2019-06-16 14:59:39,0.0,182.78 M
2019-06-16 14:59:41,1.0,187.14 M
2019-06-16 14:59:43,0.0,187.10 M
2019-06-16 14:59:45,0.0,191.98 M
2019-06-16 14:59:47,1.0,192.12 M
2019-06-16 14:59:49,7.0,197.27 M
2019-06-16 14:59:51,0.0,197.31 M
2019-06-16 14:59:53,0.0,197.31 M
2019-06-16 14:59:55,0.0,202.70 M
2019-06-16 14:59:57,0.0,202.89 M
2019-06-16 14:59:59,2.0,207.77 M
2019-06-16 15:00:01,0.0,207.94 M
2019-06-16 15:00:03,0.0,207.94 M
2019-06-16 15:00:05,0.0,213.57 M
2019-06-16 15:00:07,0.0,213.61 M
2019-06-16 15:00:09,3.0,220.56 M
2019-06-16 15:00:11,0.0,220.56 M
2019-06-16 15:00:13,3.0,220.56 M
2019-06-16 15:00:15,0.0,220.56 M
2019-06-16 15:00:18,0.0,220.56 M
2019-06-16 15:00:20,0.0,220.77 M
2019-06-16 15:00:22,0.0,220.73 M
2019-06-16 15:00:24,10.0,221.25 M
2019-06-16 15:00:26,0.0,221.42 M
2019-06-16 15:00:28,0.0,221.42 M
2019-06-16 15:00:30,0.0,221.42 M
2019-06-16 15:00:32,1.0,221.42 M
2019-06-16 15:00:34,0.0,221.42 M
2019-06-16 15:00:36,0.0,221.54 M
2019-06-16 15:00:38,0.0,221.54 M
2019-06-16 15:00:40,0.0,221.54 M
2019-06-16 15:00:42,0.0,221.54 M
2019-06-16 15:00:44,144.8,162.07 M
2019-06-16 15:00:46,0.0,162.07 M
2019-06-16 15:00:48,0.0,162.07 M
2019-06-16 15:00:50,5.0,171.00 M
2019-06-16 15:00:52,0.0,171.05 M
2019-06-16 15:00:54,30.0,174.64 M
2019-06-16 15:00:56,0.0,174.67 M
2019-06-16 15:00:59,140.8,159.01 M
2019-06-16 15:01:01,0.0,159.01 M
2019-06-16 15:01:04,151.8,161.17 M
2019-06-16 15:01:06,0.0,161.17 M
2019-06-16 15:01:09,147.8,159.59 M
2019-06-16 15:01:11,0.0,159.59 M
2019-06-16 15:01:14,146.8,160.35 M
2019-06-16 15:01:16,0.0,160.35 M
2019-06-16 15:01:18,65.9,165.82 M
2019-06-16 15:01:20,0.0,165.84 M
2019-06-16 15:01:22,29.0,166.08 M
2019-06-16 15:01:24,0.0,166.13 M
2019-06-16 15:01:26,0.0,166.13 M
2019-06-16 15:01:28,0.0,168.76 M
2019-06-16 15:01:30,0.0,168.79 M
2019-06-16 15:01:32,20.0,179.27 M
2019-06-16 15:01:34,0.0,179.25 M
2019-06-16 15:01:36,13.0,188.45 M
2019-06-16 15:01:38,0.0,188.40 M
2019-06-16 15:01:40,1.0,189.16 M
2019-06-16 15:01:42,0.0,197.89 M
2019-06-16 15:01:44,0.0,197.88 M
2019-06-16 15:01:46,0.0,209.27 M
2019-06-16 15:01:49,0.0,209.25 M
2019-06-16 15:01:51,28.0,225.53 M
2019-06-16 15:01:53,0.0,225.47 M
2019-06-16 15:01:55,2.0,242.98 M
2019-06-16 15:01:57,0.0,242.93 M
2019-06-16 15:01:59,0.0,242.93 M
2019-06-16 15:02:01,0.0,242.90 M
2019-06-16 15:02:03,0.0,242.90 M
2019-06-16 15:02:05,1.0,242.90 M
2019-06-16 15:02:07,149.8,161.34 M
2019-06-16 15:02:09,0.0,161.34 M
2019-06-16 15:02:11,0.0,161.34 M
2019-06-16 15:02:13,0.0,162.48 M
2019-06-16 15:02:15,0.0,162.48 M
2019-06-16 15:02:17,0.0,162.48 M
2019-06-16 15:02:19,0.0,162.48 M
2019-06-16 15:02:21,1.0,162.48 M
2019-06-16 15:02:23,0.0,162.48 M
2019-06-16 15:02:25,0.0,162.48 M
2019-06-16 15:02:27,0.0,162.48 M
2019-06-16 15:02:29,0.0,162.48 M
2019-06-16 15:02:31,0.0,162.48 M
2019-06-16 15:02:33,0.0,162.48 M
2019-06-16 15:02:35,1.0,162.66 M
2019-06-16 15:02:37,0.0,162.66 M
2019-06-16 15:02:39,0.0,162.66 M
2019-06-16 15:02:41,0.0,162.66 M
2019-06-16 15:02:43,1.0,162.66 M
2019-06-16 15:02:45,1.0,162.66 M
2019-06-16 15:02:47,0.0,162.66 M
2019-06-16 15:02:49,1.0,162.87 M
2019-06-16 15:02:51,0.0,162.87 M
2019-06-16 15:02:53,2.0,162.87 M
2019-06-16 15:02:55,0.0,162.87 M
2019-06-16 15:02:57,1.0,162.87 M
2019-06-16 15:02:59,0.0,162.87 M
2019-06-16 15:03:01,1.0,162.87 M
2019-06-16 15:03:03,0.0,162.87 M
2019-06-16 15:03:05,0.0,162.87 M
2019-06-16 15:03:07,0.0,162.87 M
2019-06-16 15:03:09,0.0,162.87 M
2019-06-16 15:03:11,2.0,162.94 M
2019-06-16 15:03:13,0.0,162.94 M
2019-06-16 15:03:15,0.0,162.94 M
2019-06-16 15:03:17,152.8,163.19 M
2019-06-16 15:03:19,0.0,163.19 M
2019-06-16 15:03:22,151.8,161.22 M
2019-06-16 15:03:24,0.0,161.22 M
2019-06-16 15:03:26,0.0,161.22 M
2019-06-16 15:03:28,0.0,163.98 M
2019-06-16 15:03:30,0.0,164.02 M
2019-06-16 15:03:33,157.8,161.59 M
2019-06-16 15:03:35,0.0,161.59 M
2019-06-16 15:03:37,0.0,161.59 M
2019-06-16 15:03:39,0.0,164.69 M
2019-06-16 15:03:41,1.0,164.72 M
2019-06-16 15:03:44,151.0,161.91 M
2019-06-16 15:03:46,0.0,161.91 M
2019-06-16 15:03:48,0.0,161.91 M
2019-06-16 15:03:50,0.0,164.95 M
2019-06-16 15:03:52,0.0,164.98 M
2019-06-16 15:03:54,34.0,168.39 M
2019-06-16 15:03:56,0.0,168.43 M
2019-06-16 15:03:58,0.0,168.43 M
2019-06-16 15:04:00,0.0,169.07 M
2019-06-16 15:04:02,0.0,169.08 M
2019-06-16 15:04:04,147.9,161.50 M
2019-06-16 15:04:06,0.0,161.50 M
2019-06-16 15:04:08,0.0,161.50 M
2019-06-16 15:04:10,69.0,168.06 M
2019-06-16 15:04:12,0.0,168.09 M
2019-06-16 15:04:14,0.0,168.09 M
2019-06-16 15:04:16,0.0,174.82 M
2019-06-16 15:04:18,0.0,174.96 M
2019-06-16 15:04:20,153.9,162.01 M
2019-06-16 15:04:22,1.0,162.01 M
2019-06-16 15:04:25,150.9,162.58 M
2019-06-16 15:04:27,0.0,162.58 M
2019-06-16 15:04:29,40.0,165.39 M
2019-06-16 15:04:31,1.0,165.41 M
2019-06-16 15:04:34,140.9,162.09 M
2019-06-16 15:04:36,0.0,162.09 M
2019-06-16 15:04:38,0.0,162.09 M
2019-06-16 15:04:40,0.0,163.54 M
2019-06-16 15:04:42,0.0,163.54 M
2019-06-16 15:04:44,1.0,163.54 M
2019-06-16 15:04:46,0.0,163.54 M
2019-06-16 15:04:48,1.0,163.54 M
2019-06-16 15:04:50,1.0,163.54 M
2019-06-16 15:04:52,0.0,163.54 M
2019-06-16 15:04:54,0.0,163.54 M
2019-06-16 15:04:56,0.0,163.54 M
2019-06-16 15:04:58,0.0,163.54 M
2019-06-16 15:05:00,0.0,163.54 M
2019-06-16 15:05:02,1.0,163.61 M
2019-06-16 15:05:04,0.0,163.61 M
2019-06-16 15:05:06,0.0,163.61 M
2019-06-16 15:05:08,0.0,163.61 M
2019-06-16 15:05:10,0.0,163.61 M
2019-06-16 15:05:12,1.0,163.61 M
2019-06-16 15:05:14,0.0,163.61 M
2019-06-16 15:05:16,1.0,163.75 M
2019-06-16 15:05:19,0.0,163.75 M
2019-06-16 15:05:21,2.0,163.81 M
2019-06-16 15:05:23,0.0,163.81 M
2019-06-16 15:05:25,0.0,163.81 M
2019-06-16 15:05:27,0.0,163.81 M
2019-06-16 15:05:29,0.0,163.81 M
2019-06-16 15:05:31,0.0,163.81 M
2019-06-16 15:05:33,0.0,163.81 M
2019-06-16 15:05:35,1.0,163.81 M
2019-06-16 15:05:37,0.0,163.81 M
2019-06-16 15:05:40,144.8,158.31 M
2019-06-16 15:05:42,0.0,158.31 M
2019-06-16 15:05:45,149.8,161.47 M
2019-06-16 15:05:47,0.0,161.47 M
2019-06-16 15:05:50,139.8,158.75 M
2019-06-16 15:05:52,0.0,158.75 M
2019-06-16 15:05:54,44.9,162.31 M
2019-06-16 15:05:56,0.0,162.37 M
2019-06-16 15:05:58,0.0,162.49 M
2019-06-16 15:06:00,0.0,162.54 M
2019-06-16 15:06:02,0.0,163.69 M
2019-06-16 15:06:04,0.0,163.73 M
2019-06-16 15:06:06,0.0,165.48 M
2019-06-16 15:06:08,0.0,165.48 M
2019-06-16 15:06:10,0.0,166.64 M
2019-06-16 15:06:12,0.0,166.64 M
2019-06-16 15:06:14,0.0,170.34 M
2019-06-16 15:06:16,0.0,170.38 M
2019-06-16 15:06:18,0.0,174.77 M
2019-06-16 15:06:20,3.0,179.41 M
2019-06-16 15:06:22,0.0,179.53 M
2019-06-16 15:06:24,6.0,184.40 M
2019-06-16 15:06:26,0.0,184.56 M
2019-06-16 15:06:28,0.0,189.95 M
2019-06-16 15:06:30,0.0,190.02 M
2019-06-16 15:06:32,0.0,195.64 M
2019-06-16 15:06:34,1.0,196.76 M
2019-06-16 15:06:36,0.0,201.12 M
2019-06-16 15:06:38,4.0,206.43 M
2019-06-16 15:06:40,0.0,206.46 M
2019-06-16 15:06:42,3.0,212.10 M
2019-06-16 15:06:44,0.0,212.14 M
2019-06-16 15:06:46,0.0,221.41 M
2019-06-16 15:06:48,0.0,221.43 M
2019-06-16 15:06:50,0.0,221.43 M
2019-06-16 15:06:52,0.0,221.43 M
2019-06-16 15:06:54,0.0,221.68 M
2019-06-16 15:06:56,0.0,221.67 M
2019-06-16 15:06:58,0.0,221.89 M
2019-06-16 15:07:00,5.0,221.93 M
2019-06-16 15:07:02,1.0,221.93 M
2019-06-16 15:07:04,4.0,221.93 M
2019-06-16 15:07:06,0.0,221.93 M
2019-06-16 15:07:08,0.0,221.93 M
2019-06-16 15:07:10,0.0,221.93 M
2019-06-16 15:07:12,0.0,221.95 M
2019-06-16 15:07:14,0.0,221.95 M
2019-06-16 15:07:16,0.0,222.05 M
2019-06-16 15:07:18,0.0,222.05 M
2019-06-16 15:07:20,0.0,222.05 M
2019-06-16 15:07:22,0.0,222.05 M
2019-06-16 15:07:24,0.0,222.17 M
2019-06-16 15:07:26,0.0,222.33 M
2019-06-16 15:07:28,0.0,222.33 M
2019-06-16 15:07:30,0.0,224.12 M
2019-06-16 15:07:33,2.0,225.14 M
2019-06-16 15:07:35,0.0,225.18 M
2019-06-16 15:07:37,4.0,225.27 M
2019-06-16 15:07:39,0.0,225.28 M
2019-06-16 15:07:42,145.8,162.28 M
2019-06-16 15:07:44,0.0,162.28 M
2019-06-16 15:07:46,60.9,165.50 M
2019-06-16 15:07:48,0.0,165.54 M
2019-06-16 15:07:50,25.0,165.68 M
2019-06-16 15:07:52,0.0,165.70 M
2019-06-16 15:07:54,27.0,165.73 M
2019-06-16 15:07:56,0.0,165.78 M
2019-06-16 15:07:58,13.0,167.91 M
2019-06-16 15:08:00,1.0,167.91 M
2019-06-16 15:08:02,28.0,178.93 M
2019-06-16 15:08:04,0.0,178.96 M
2019-06-16 15:08:06,9.0,186.14 M
2019-06-16 15:08:08,0.0,186.18 M
2019-06-16 15:08:10,0.0,186.18 M
2019-06-16 15:08:12,0.0,192.87 M
2019-06-16 15:08:14,0.0,192.93 M
2019-06-16 15:08:16,0.0,200.13 M
2019-06-16 15:08:18,0.0,200.24 M
2019-06-16 15:08:20,6.0,207.68 M
2019-06-16 15:08:22,0.0,207.78 M
2019-06-16 15:08:24,141.9,158.48 M
2019-06-16 15:08:26,0.0,158.48 M
2019-06-16 15:08:29,155.8,162.03 M
2019-06-16 15:08:31,0.0,162.03 M
2019-06-16 15:08:34,150.9,161.28 M
2019-06-16 15:08:36,0.0,161.28 M
2019-06-16 15:08:39,141.9,158.55 M
2019-06-16 15:08:41,0.0,158.55 M
2019-06-16 15:08:43,0.0,158.55 M
2019-06-16 15:08:45,0.0,160.75 M
2019-06-16 15:08:47,0.0,160.75 M
2019-06-16 15:08:49,3.0,160.75 M
2019-06-16 15:08:51,0.0,160.75 M
2019-06-16 15:08:53,1.0,160.75 M
2019-06-16 15:08:55,0.0,160.75 M
2019-06-16 15:08:57,0.0,160.75 M
2019-06-16 15:08:59,0.0,160.75 M
2019-06-16 15:09:01,0.0,160.75 M
2019-06-16 15:09:04,141.8,160.89 M
2019-06-16 15:09:07,0.0,160.89 M
2019-06-16 15:09:09,0.0,160.89 M
2019-06-16 15:09:11,0.0,166.84 M
2019-06-16 15:09:13,0.0,166.87 M
2019-06-16 15:09:15,36.0,172.59 M
2019-06-16 15:09:17,0.0,172.69 M
2019-06-16 15:09:20,158.9,163.34 M
2019-06-16 15:09:22,1.0,163.34 M
2019-06-16 15:09:24,54.0,165.54 M
2019-06-16 15:09:26,0.0,168.85 M
2019-06-16 15:09:28,0.0,168.85 M
2019-06-16 15:09:30,5.0,169.19 M
2019-06-16 15:09:32,0.0,169.19 M
2019-06-16 15:09:35,155.8,162.35 M
2019-06-16 15:09:37,0.0,162.35 M
2019-06-16 15:09:40,137.9,158.83 M
2019-06-16 15:09:42,0.0,158.83 M
2019-06-16 15:09:45,141.8,161.61 M
2019-06-16 15:09:47,0.0,161.61 M
2019-06-16 15:09:49,0.0,161.61 M
2019-06-16 15:09:51,0.0,163.12 M
2019-06-16 15:09:53,0.0,163.12 M
2019-06-16 15:09:55,3.0,163.12 M
2019-06-16 15:09:57,0.0,163.12 M
2019-06-16 15:09:59,0.0,163.12 M
2019-06-16 15:10:01,0.0,163.12 M
2019-06-16 15:10:03,0.0,163.12 M
2019-06-16 15:10:05,1.0,163.12 M
2019-06-16 15:10:07,0.0,163.12 M
2019-06-16 15:10:09,1.0,163.12 M
2019-06-16 15:10:11,0.0,163.12 M
2019-06-16 15:10:13,3.0,163.12 M
2019-06-16 15:10:15,0.0,163.12 M
2019-06-16 15:10:17,0.0,163.12 M
2019-06-16 15:10:19,1.0,163.12 M
2019-06-16 15:10:21,0.0,163.12 M
2019-06-16 15:10:23,1.0,163.20 M
2019-06-16 15:10:25,0.0,163.20 M
2019-06-16 15:10:27,2.0,163.32 M
2019-06-16 15:10:29,0.0,163.32 M
2019-06-16 15:10:31,0.0,163.32 M
2019-06-16 15:10:33,0.0,163.35 M
2019-06-16 15:10:35,0.0,163.35 M
2019-06-16 15:10:37,2.0,163.35 M
2019-06-16 15:10:39,0.0,163.35 M
2019-06-16 15:10:41,0.0,163.35 M
2019-06-16 15:10:43,0.0,163.35 M
2019-06-16 15:10:45,0.0,163.35 M
2019-06-16 15:10:47,1.0,163.35 M
2019-06-16 15:10:49,0.0,163.35 M
2019-06-16 15:10:52,152.0,162.82 M
2019-06-16 15:10:54,0.0,162.82 M
2019-06-16 15:10:57,0.0,162.82 M
2019-06-16 15:10:59,144.8,159.58 M
2019-06-16 15:11:01,0.0,159.58 M
2019-06-16 15:11:04,148.8,160.85 M
2019-06-16 15:11:06,0.0,160.85 M
2019-06-16 15:11:08,17.0,162.79 M
2019-06-16 15:11:10,0.0,162.79 M
2019-06-16 15:11:12,1.0,162.79 M
2019-06-16 15:11:14,0.0,162.79 M
2019-06-16 15:11:16,0.0,162.79 M
2019-06-16 15:11:18,0.0,162.79 M
2019-06-16 15:11:20,0.0,162.79 M
2019-06-16 15:11:22,0.0,162.79 M
2019-06-16 15:11:24,0.0,162.79 M
2019-06-16 15:11:26,0.0,162.79 M
2019-06-16 15:11:28,0.0,162.79 M
2019-06-16 15:11:30,0.0,162.79 M
2019-06-16 15:11:32,2.0,162.79 M
2019-06-16 15:11:34,0.0,162.79 M
2019-06-16 15:11:36,2.0,162.98 M
2019-06-16 15:11:38,1.0,162.98 M
2019-06-16 15:11:40,0.0,162.98 M
2019-06-16 15:11:42,0.0,162.98 M
2019-06-16 15:11:44,1.0,162.98 M
2019-06-16 15:11:46,2.0,163.12 M
2019-06-16 15:11:48,0.0,163.12 M
2019-06-16 15:11:50,2.0,163.13 M
2019-06-16 15:11:52,0.0,163.13 M
2019-06-16 15:11:54,0.0,163.13 M
2019-06-16 15:11:56,0.0,163.13 M
2019-06-16 15:11:58,1.0,163.13 M
2019-06-16 15:12:00,1.0,163.23 M
2019-06-16 15:12:02,0.0,163.23 M
2019-06-16 15:12:04,0.0,163.23 M
2019-06-16 15:12:06,0.0,163.23 M
2019-06-16 15:12:08,0.0,163.23 M
2019-06-16 15:12:10,2.0,163.23 M
2019-06-16 15:12:12,0.0,163.23 M
2019-06-16 15:12:14,0.0,163.23 M
2019-06-16 15:12:16,3.0,163.23 M
2019-06-16 15:12:18,0.0,163.23 M
2019-06-16 15:12:20,0.0,163.23 M
2019-06-16 15:12:22,0.0,163.30 M
2019-06-16 15:12:24,0.0,163.30 M
2019-06-16 15:12:26,0.0,163.30 M
2019-06-16 15:12:28,0.0,163.30 M
2019-06-16 15:12:30,1.0,163.30 M
2019-06-16 15:12:32,0.0,163.30 M
2019-06-16 15:12:34,0.0,163.30 M
2019-06-16 15:12:36,0.0,163.30 M
2019-06-16 15:12:38,0.0,163.30 M
2019-06-16 15:12:40,0.0,163.30 M
2019-06-16 15:12:42,0.0,163.30 M
2019-06-16 15:12:44,3.0,163.30 M
2019-06-16 15:12:46,0.0,163.30 M
2019-06-16 15:12:48,0.0,163.30 M
2019-06-16 15:12:50,0.0,163.30 M
2019-06-16 15:12:52,0.0,163.30 M
2019-06-16 15:12:54,0.0,163.30 M
2019-06-16 15:12:56,0.0,163.30 M
2019-06-16 15:12:58,0.0,163.30 M
2019-06-16 15:13:00,2.0,163.30 M
2019-06-16 15:13:02,0.0,163.30 M
2019-06-16 15:13:04,0.0,163.30 M
2019-06-16 15:13:06,0.0,163.30 M
2019-06-16 15:13:08,0.0,163.30 M
2019-06-16 15:13:10,0.0,163.30 M
2019-06-16 15:13:12,1.0,163.31 M
2019-06-16 15:13:14,0.0,163.31 M
2019-06-16 15:13:16,0.0,163.31 M
2019-06-16 15:13:18,0.0,163.31 M
2019-06-16 15:13:21,0.0,163.31 M
2019-06-16 15:13:23,1.0,163.31 M
2019-06-16 15:13:25,0.0,163.31 M
2019-06-16 15:13:27,0.0,163.31 M
2019-06-16 15:13:29,1.0,163.31 M
2019-06-16 15:13:31,0.0,163.31 M
2019-06-16 15:13:33,1.0,163.31 M
2019-06-16 15:13:35,0.0,166.22 M
2019-06-16 15:13:37,0.0,166.22 M
2019-06-16 15:13:39,1.0,166.22 M
2019-06-16 15:13:41,0.0,166.22 M
2019-06-16 15:13:43,0.0,166.22 M
2019-06-16 15:13:45,0.0,166.22 M
2019-06-16 15:13:47,0.0,166.22 M
2019-06-16 15:13:49,2.0,166.22 M
2019-06-16 15:13:51,1.0,166.22 M
2019-06-16 15:13:53,0.0,166.22 M
2019-06-16 15:13:55,0.0,166.22 M
2019-06-16 15:13:57,0.0,166.22 M
2019-06-16 15:13:59,1.0,166.22 M
2019-06-16 15:14:01,0.0,166.22 M
2019-06-16 15:14:03,0.0,166.22 M
2019-06-16 15:14:05,0.0,166.22 M
2019-06-16 15:14:07,0.0,166.22 M
2019-06-16 15:14:09,2.0,166.22 M
2019-06-16 15:14:11,0.0,166.22 M
2019-06-16 15:14:13,0.0,166.22 M
2019-06-16 15:14:15,0.0,166.22 M
2019-06-16 15:14:17,0.0,166.22 M
2019-06-16 15:14:19,1.0,166.22 M
2019-06-16 15:14:21,0.0,166.22 M
2019-06-16 15:14:23,2.0,166.22 M
2019-06-16 15:14:25,0.0,166.22 M
2019-06-16 15:14:27,0.0,166.22 M
2019-06-16 15:14:29,0.0,166.22 M
2019-06-16 15:14:31,0.0,166.22 M
2019-06-16 15:14:33,0.0,166.22 M
2019-06-16 15:14:35,0.0,166.22 M
2019-06-16 15:14:37,0.0,166.22 M
2019-06-16 15:14:39,0.0,166.22 M
2019-06-16 15:14:41,0.0,166.22 M
2019-06-16 15:14:43,1.0,166.22 M
2019-06-16 15:14:45,0.0,166.22 M
2019-06-16 15:14:47,0.0,166.22 M
2019-06-16 15:14:49,0.0,166.22 M
2019-06-16 15:14:51,0.0,166.22 M
2019-06-16 15:14:53,1.0,166.22 M
2019-06-16 15:14:55,0.0,166.22 M
2019-06-16 15:14:57,0.0,166.22 M
2019-06-16 15:14:59,0.0,166.22 M
2019-06-16 15:15:01,0.0,166.22 M
2019-06-16 15:15:03,154.8,163.24 M
2019-06-16 15:15:05,0.0,163.24 M
2019-06-16 15:15:08,152.8,161.75 M
2019-06-16 15:15:10,0.0,161.75 M
2019-06-16 15:15:12,0.0,161.75 M
2019-06-16 15:15:14,149.8,161.25 M
2019-06-16 15:15:16,0.0,161.25 M
2019-06-16 15:15:18,0.0,161.25 M
2019-06-16 15:15:21,151.8,162.13 M
2019-06-16 15:15:23,0.0,162.13 M
2019-06-16 15:15:26,146.8,158.99 M
2019-06-16 15:15:28,0.0,158.99 M
2019-06-16 15:15:30,0.0,158.99 M
2019-06-16 15:15:32,0.0,162.20 M
2019-06-16 15:15:34,0.0,162.25 M
2019-06-16 15:15:36,14.0,162.82 M
2019-06-16 15:15:38,0.0,162.84 M
2019-06-16 15:15:41,146.9,160.25 M
2019-06-16 15:15:43,0.0,160.25 M
2019-06-16 15:15:45,1.0,160.25 M
2019-06-16 15:15:47,0.0,166.50 M
2019-06-16 15:15:49,0.0,166.53 M
2019-06-16 15:15:51,77.9,200.84 M
2019-06-16 15:15:53,1.0,200.86 M
2019-06-16 15:15:55,44.9,201.70 M
2019-06-16 15:15:57,0.0,201.73 M
2019-06-16 15:15:59,0.0,201.73 M
2019-06-16 15:16:01,0.0,212.28 M
2019-06-16 15:16:03,0.0,212.23 M
2019-06-16 15:16:05,29.0,205.60 M
2019-06-16 15:16:07,0.0,205.62 M
2019-06-16 15:16:09,0.0,205.62 M
2019-06-16 15:16:11,0.0,214.61 M
2019-06-16 15:16:13,0.0,214.60 M
2019-06-16 15:16:15,10.0,220.27 M
2019-06-16 15:16:17,1.0,220.39 M
2019-06-16 15:16:19,0.0,220.39 M
2019-06-16 15:16:21,0.0,230.20 M
2019-06-16 15:16:23,0.0,230.24 M
2019-06-16 15:16:25,9.0,237.76 M
2019-06-16 15:16:27,0.0,237.71 M
2019-06-16 15:16:29,7.0,237.96 M
2019-06-16 15:16:31,0.0,238.12 M
2019-06-16 15:16:33,2.0,238.12 M
2019-06-16 15:16:35,0.0,238.12 M
2019-06-16 15:16:37,0.0,238.12 M
2019-06-16 15:16:39,0.0,238.12 M
2019-06-16 15:16:41,0.0,238.18 M
2019-06-16 15:16:43,0.0,238.18 M
2019-06-16 15:16:45,0.0,238.19 M
2019-06-16 15:16:47,147.8,162.08 M
2019-06-16 15:16:49,0.0,162.08 M
2019-06-16 15:16:51,3.0,162.39 M
2019-06-16 15:16:53,0.0,163.54 M
2019-06-16 15:16:55,0.0,163.55 M
2019-06-16 15:16:57,0.0,163.68 M
2019-06-16 15:17:00,144.9,157.35 M
2019-06-16 15:17:02,0.0,157.35 M
2019-06-16 15:17:04,61.0,161.80 M
2019-06-16 15:17:07,0.0,161.84 M
2019-06-16 15:17:09,8.0,161.89 M
2019-06-16 15:17:11,1.0,161.92 M
2019-06-16 15:17:13,0.0,162.77 M
2019-06-16 15:17:15,0.0,162.77 M
2019-06-16 15:17:17,0.0,168.57 M
2019-06-16 15:17:19,12.0,176.34 M
2019-06-16 15:17:21,0.0,176.37 M
2019-06-16 15:17:23,4.0,183.35 M
2019-06-16 15:17:25,0.0,183.34 M
2019-06-16 15:17:27,0.0,190.27 M
2019-06-16 15:17:29,2.0,191.61 M
2019-06-16 15:17:31,0.0,198.78 M
2019-06-16 15:17:33,8.0,206.93 M
2019-06-16 15:17:35,0.0,207.08 M
2019-06-16 15:17:37,3.0,215.06 M
2019-06-16 15:17:39,0.0,215.05 M
2019-06-16 15:17:41,8.0,228.43 M
2019-06-16 15:17:43,0.0,228.56 M
2019-06-16 15:17:46,146.8,160.88 M
2019-06-16 15:17:48,1.0,160.88 M
2019-06-16 15:17:50,44.9,163.67 M
2019-06-16 15:17:52,0.0,163.72 M
2019-06-16 15:17:54,147.8,162.51 M
2019-06-16 15:17:56,1.0,162.51 M
2019-06-16 15:17:59,149.9,162.50 M
2019-06-16 15:18:01,0.0,162.50 M
2019-06-16 15:18:03,144.9,161.49 M
2019-06-16 15:18:05,0.0,161.49 M
2019-06-16 15:18:07,18.0,162.36 M
2019-06-16 15:18:09,0.0,164.95 M
2019-06-16 15:18:11,0.0,164.97 M
2019-06-16 15:18:13,0.0,165.04 M
2019-06-16 15:18:16,141.8,159.37 M
2019-06-16 15:18:18,1.0,159.37 M
2019-06-16 15:18:20,31.0,162.23 M
2019-06-16 15:18:22,0.0,162.27 M
2019-06-16 15:18:24,9.0,162.48 M
2019-06-16 15:18:26,0.0,162.48 M
2019-06-16 15:18:28,0.0,162.48 M
2019-06-16 15:18:31,144.9,161.71 M
2019-06-16 15:18:33,0.0,161.71 M
2019-06-16 15:18:36,139.9,159.88 M
2019-06-16 15:18:38,0.0,159.88 M
2019-06-16 15:18:40,0.0,159.88 M
2019-06-16 15:18:42,0.0,163.05 M
2019-06-16 15:18:44,0.0,163.05 M
2019-06-16 15:18:46,0.0,163.05 M
2019-06-16 15:18:48,0.0,163.05 M
2019-06-16 15:18:50,1.0,163.05 M
2019-06-16 15:18:52,0.0,163.05 M
2019-06-16 15:18:54,0.0,163.05 M
2019-06-16 15:18:56,0.0,163.05 M
2019-06-16 15:18:58,1.0,163.05 M
2019-06-16 15:19:00,0.0,163.25 M
2019-06-16 15:19:02,0.0,163.25 M
2019-06-16 15:19:04,0.0,163.26 M
2019-06-16 15:19:06,0.0,163.26 M
2019-06-16 15:19:08,0.0,163.26 M
2019-06-16 15:19:10,0.0,163.26 M
2019-06-16 15:19:12,2.0,163.48 M
2019-06-16 15:19:14,1.0,163.48 M
2019-06-16 15:19:16,0.0,163.48 M
2019-06-16 15:19:18,0.0,163.48 M
2019-06-16 15:19:20,0.0,163.48 M
2019-06-16 15:19:22,0.0,163.83 M
2019-06-16 15:19:24,0.0,163.83 M
2019-06-16 15:19:26,2.0,163.83 M
2019-06-16 15:19:28,0.0,163.83 M
2019-06-16 15:19:30,1.0,163.96 M
2019-06-16 15:19:32,0.0,163.96 M
2019-06-16 15:19:34,0.0,163.96 M
2019-06-16 15:19:36,0.0,163.96 M
2019-06-16 15:19:38,0.0,163.96 M
2019-06-16 15:19:41,139.8,158.27 M
2019-06-16 15:19:43,0.0,158.27 M
2019-06-16 15:19:45,1.0,158.27 M
2019-06-16 15:19:47,146.9,160.98 M
2019-06-16 15:19:49,0.0,160.98 M
2019-06-16 15:19:51,0.0,160.98 M
2019-06-16 15:19:53,0.0,164.24 M
2019-06-16 15:19:55,0.0,164.28 M
2019-06-16 15:19:58,153.8,161.97 M
2019-06-16 15:20:00,0.0,161.97 M
2019-06-16 15:20:02,0.0,161.97 M
2019-06-16 15:20:04,142.0,159.09 M
2019-06-16 15:20:06,0.0,159.09 M
2019-06-16 15:20:08,0.0,159.09 M
2019-06-16 15:20:11,158.8,163.05 M
2019-06-16 15:20:13,0.0,163.05 M
2019-06-16 15:20:16,144.9,159.75 M
2019-06-16 15:20:18,0.0,159.75 M
2019-06-16 15:20:21,150.8,161.50 M
2019-06-16 15:20:23,0.0,161.50 M
2019-06-16 15:20:25,0.0,161.50 M
2019-06-16 15:20:27,0.0,163.26 M
2019-06-16 15:20:29,0.0,163.26 M
2019-06-16 15:20:31,0.0,163.26 M
2019-06-16 15:20:33,0.0,163.26 M
2019-06-16 15:20:35,0.0,163.26 M
2019-06-16 15:20:37,0.0,163.26 M
2019-06-16 15:20:39,1.0,163.26 M
2019-06-16 15:20:41,0.0,163.26 M
2019-06-16 15:20:43,0.0,163.26 M
2019-06-16 15:20:45,0.0,163.26 M
2019-06-16 15:20:47,1.0,163.26 M
2019-06-16 15:20:49,0.0,163.28 M
2019-06-16 15:20:51,0.0,163.28 M
2019-06-16 15:20:53,4.0,163.52 M
2019-06-16 15:20:55,0.0,163.52 M
2019-06-16 15:20:57,0.0,163.52 M
2019-06-16 15:20:59,144.8,159.47 M
2019-06-16 15:21:01,0.0,159.47 M
2019-06-16 15:21:03,0.0,159.47 M
2019-06-16 15:21:05,143.8,161.53 M
2019-06-16 15:21:07,0.0,161.53 M
2019-06-16 15:21:09,6.0,161.77 M
2019-06-16 15:21:11,0.0,164.84 M
2019-06-16 15:21:14,152.8,162.93 M
2019-06-16 15:21:16,0.0,162.93 M
2019-06-16 15:21:19,156.8,160.83 M
2019-06-16 15:21:21,0.0,160.83 M
2019-06-16 15:21:25,147.8,161.03 M
2019-06-16 15:21:27,0.0,161.03 M
2019-06-16 15:21:30,149.8,160.34 M
2019-06-16 15:21:32,0.0,160.34 M
2019-06-16 15:21:35,156.8,162.10 M
2019-06-16 15:21:37,0.0,162.10 M
2019-06-16 15:21:39,12.0,163.51 M
2019-06-16 15:21:41,0.0,163.51 M
2019-06-16 15:21:43,1.0,163.51 M
2019-06-16 15:21:45,0.0,163.51 M
2019-06-16 15:21:47,0.0,163.51 M
2019-06-16 15:21:49,0.0,163.51 M
2019-06-16 15:21:51,0.0,163.51 M
2019-06-16 15:21:53,2.0,163.51 M
2019-06-16 15:21:55,0.0,163.51 M
2019-06-16 15:21:57,1.0,163.51 M
2019-06-16 15:21:59,0.0,163.51 M
2019-06-16 15:22:01,2.0,163.51 M
2019-06-16 15:22:03,0.0,163.51 M
2019-06-16 15:22:05,0.0,163.51 M
2019-06-16 15:22:07,0.0,163.57 M
2019-06-16 15:22:09,0.0,163.57 M
2019-06-16 15:22:11,2.0,163.73 M
2019-06-16 15:22:13,1.0,163.73 M
2019-06-16 15:22:15,0.0,163.73 M
2019-06-16 15:22:17,0.0,163.89 M
2019-06-16 15:22:19,0.0,163.89 M
2019-06-16 15:22:21,0.0,163.89 M
2019-06-16 15:22:23,0.0,163.90 M
2019-06-16 15:22:25,0.0,163.90 M
2019-06-16 15:22:27,0.0,163.90 M
2019-06-16 15:22:29,0.0,163.90 M
2019-06-16 15:22:31,1.0,163.90 M
2019-06-16 15:22:33,0.0,163.90 M
2019-06-16 15:22:35,2.0,163.90 M
2019-06-16 15:22:37,1.0,163.90 M
2019-06-16 15:22:39,1.0,163.90 M
2019-06-16 15:22:41,0.0,163.90 M
2019-06-16 15:22:43,0.0,163.90 M
2019-06-16 15:22:45,0.0,163.90 M
2019-06-16 15:22:47,0.0,163.90 M
2019-06-16 15:22:49,3.0,163.98 M
2019-06-16 15:22:51,0.0,163.98 M
2019-06-16 15:22:53,5.0,163.98 M
2019-06-16 15:22:55,0.0,163.98 M
2019-06-16 15:22:57,0.0,163.98 M
2019-06-16 15:22:59,3.0,163.98 M
2019-06-16 15:23:01,0.0,163.98 M
2019-06-16 15:23:03,0.0,163.98 M
2019-06-16 15:23:05,0.0,163.98 M
2019-06-16 15:23:07,1.0,163.98 M
2019-06-16 15:23:09,1.0,163.99 M
2019-06-16 15:23:11,0.0,163.99 M
2019-06-16 15:23:13,0.0,163.99 M
2019-06-16 15:23:15,0.0,163.99 M
2019-06-16 15:23:17,0.0,163.99 M
2019-06-16 15:23:19,2.0,163.99 M
2019-06-16 15:23:21,0.0,163.99 M
2019-06-16 15:23:23,0.0,163.99 M
2019-06-16 15:23:25,0.0,163.99 M
2019-06-16 15:23:27,0.0,163.99 M
2019-06-16 15:23:29,2.0,164.13 M
2019-06-16 15:23:31,1.0,164.13 M
2019-06-16 15:23:33,0.0,164.13 M
2019-06-16 15:23:35,0.0,164.13 M
2019-06-16 15:23:38,0.0,164.13 M
2019-06-16 15:23:40,0.0,164.13 M
2019-06-16 15:23:42,0.0,164.13 M
2019-06-16 15:23:44,1.0,164.34 M
2019-06-16 15:23:46,0.0,164.34 M
2019-06-16 15:23:48,0.0,164.34 M
2019-06-16 15:23:50,0.0,164.34 M
2019-06-16 15:23:52,0.0,164.34 M
2019-06-16 15:23:54,3.0,166.87 M
2019-06-16 15:23:56,0.0,166.87 M
2019-06-16 15:23:58,0.0,166.87 M
2019-06-16 15:24:00,0.0,166.87 M
2019-06-16 15:24:02,0.0,166.87 M
2019-06-16 15:24:04,1.0,166.87 M
2019-06-16 15:24:06,0.0,166.87 M
2019-06-16 15:24:08,0.0,166.87 M
2019-06-16 15:24:10,2.0,166.87 M
2019-06-16 15:24:12,0.0,166.87 M
2019-06-16 15:24:14,1.0,166.87 M
2019-06-16 15:24:16,0.0,166.87 M
2019-06-16 15:24:18,0.0,166.87 M
2019-06-16 15:24:20,1.0,166.87 M
2019-06-16 15:24:22,0.0,166.87 M
2019-06-16 15:24:24,0.0,166.87 M
2019-06-16 15:24:26,0.0,166.87 M
2019-06-16 15:24:28,0.0,166.87 M
2019-06-16 15:24:30,1.0,166.87 M
2019-06-16 15:24:32,0.0,166.87 M
2019-06-16 15:24:34,1.0,166.87 M
2019-06-16 15:24:36,0.0,166.87 M
2019-06-16 15:24:38,0.0,166.87 M
2019-06-16 15:24:40,1.0,166.87 M
2019-06-16 15:24:42,0.0,166.87 M
2019-06-16 15:24:44,0.0,166.87 M
2019-06-16 15:24:46,0.0,166.87 M
2019-06-16 15:24:48,0.0,166.87 M
2019-06-16 15:24:50,1.0,166.87 M
2019-06-16 15:24:52,0.0,166.87 M
2019-06-16 15:24:54,0.0,166.87 M
2019-06-16 15:24:56,0.0,166.87 M
2019-06-16 15:24:58,0.0,166.87 M
2019-06-16 15:25:00,1.0,166.87 M
2019-06-16 15:25:02,0.0,166.87 M
2019-06-16 15:25:04,0.0,166.87 M
2019-06-16 15:25:06,0.0,167.02 M
2019-06-16 15:25:08,0.0,167.02 M
2019-06-16 15:25:10,1.0,167.02 M
2019-06-16 15:25:12,0.0,167.02 M
2019-06-16 15:25:14,0.0,167.02 M
2019-06-16 15:25:16,0.0,167.02 M
2019-06-16 15:25:18,0.0,167.02 M
2019-06-16 15:25:21,153.8,161.04 M
2019-06-16 15:25:23,0.0,161.04 M
2019-06-16 15:25:25,11.0,162.45 M
2019-06-16 15:25:27,148.8,160.60 M
2019-06-16 15:25:29,0.0,160.60 M
2019-06-16 15:25:32,153.8,159.69 M
2019-06-16 15:25:34,0.0,159.69 M
2019-06-16 15:25:36,5.0,160.10 M
2019-06-16 15:25:38,137.9,158.34 M
2019-06-16 15:25:40,0.0,158.34 M
2019-06-16 15:25:42,0.0,158.34 M
2019-06-16 15:25:45,145.8,159.08 M
2019-06-16 15:25:47,0.0,159.08 M
2019-06-16 15:25:49,0.0,159.08 M
2019-06-16 15:25:51,0.0,166.19 M
2019-06-16 15:25:53,0.0,166.22 M
2019-06-16 15:25:55,0.0,166.18 M
2019-06-16 15:25:57,1.0,166.20 M
2019-06-16 15:25:59,20.0,166.29 M
2019-06-16 15:26:01,0.0,166.30 M
2019-06-16 15:26:03,0.0,166.30 M
2019-06-16 15:26:05,151.8,163.26 M
2019-06-16 15:26:07,0.0,163.26 M
2019-06-16 15:26:09,0.0,163.26 M
2019-06-16 15:26:11,0.0,168.10 M
2019-06-16 15:26:13,0.0,168.11 M
2019-06-16 15:26:15,29.0,168.48 M
2019-06-16 15:26:17,0.0,168.54 M
2019-06-16 15:26:19,33.0,169.48 M
2019-06-16 15:26:21,0.0,169.48 M
2019-06-16 15:26:23,0.0,169.48 M
2019-06-16 15:26:25,2.0,180.82 M
2019-06-16 15:26:27,0.0,180.85 M
2019-06-16 15:26:29,14.0,190.93 M
2019-06-16 15:26:31,0.0,190.98 M
2019-06-16 15:26:33,0.0,190.98 M
2019-06-16 15:26:35,0.0,200.75 M
2019-06-16 15:26:37,0.0,200.79 M
2019-06-16 15:26:39,0.0,211.06 M
2019-06-16 15:26:41,1.0,211.25 M
2019-06-16 15:26:43,6.0,221.80 M
2019-06-16 15:26:45,0.0,221.93 M
2019-06-16 15:26:47,10.0,231.01 M
2019-06-16 15:26:49,0.0,231.12 M
2019-06-16 15:26:51,0.0,231.12 M
2019-06-16 15:26:53,0.0,231.64 M
2019-06-16 15:26:55,0.0,231.65 M
2019-06-16 15:26:57,145.9,161.91 M
2019-06-16 15:26:59,0.0,161.91 M
2019-06-16 15:27:01,0.0,161.91 M
2019-06-16 15:27:03,0.0,164.56 M
2019-06-16 15:27:05,0.0,164.60 M
2019-06-16 15:27:07,15.0,165.40 M
2019-06-16 15:27:09,0.0,165.41 M
2019-06-16 15:27:12,151.8,159.66 M
2019-06-16 15:27:14,0.0,159.66 M
2019-06-16 15:27:17,145.9,157.42 M
2019-06-16 15:27:19,0.0,157.42 M
2019-06-16 15:27:21,0.0,157.42 M
2019-06-16 15:27:23,0.0,162.15 M
2019-06-16 15:27:25,0.0,162.20 M
2019-06-16 15:27:29,155.8,163.63 M
2019-06-16 15:27:31,0.0,163.63 M
2019-06-16 15:27:33,37.0,165.74 M
2019-06-16 15:27:35,0.0,166.78 M
2019-06-16 15:27:37,0.0,166.78 M
2019-06-16 15:27:39,0.0,166.94 M
2019-06-16 15:27:41,0.0,166.96 M
2019-06-16 15:27:43,142.8,161.65 M
2019-06-16 15:27:45,1.0,161.65 M
2019-06-16 15:27:48,140.8,158.21 M
2019-06-16 15:27:50,0.0,158.21 M
2019-06-16 15:27:52,0.0,158.21 M
2019-06-16 15:27:54,0.0,161.76 M
2019-06-16 15:27:56,0.0,161.78 M
2019-06-16 15:27:58,0.0,162.05 M
2019-06-16 15:28:00,0.0,162.07 M
2019-06-16 15:28:02,0.0,162.42 M
2019-06-16 15:28:04,0.0,162.42 M
2019-06-16 15:28:06,4.0,162.44 M
2019-06-16 15:28:08,0.0,162.46 M
2019-06-16 15:28:10,143.8,159.05 M
2019-06-16 15:28:12,0.0,159.05 M
2019-06-16 15:28:15,152.8,161.47 M
2019-06-16 15:28:17,0.0,161.47 M
2019-06-16 15:28:20,147.9,160.66 M
2019-06-16 15:28:22,0.0,160.66 M
2019-06-16 15:28:25,142.9,159.38 M
2019-06-16 15:28:27,0.0,159.38 M
2019-06-16 15:28:30,144.9,157.95 M
2019-06-16 15:28:32,0.0,157.95 M
2019-06-16 15:28:34,0.0,157.95 M
2019-06-16 15:28:37,146.8,161.74 M
2019-06-16 15:28:39,0.0,161.74 M
2019-06-16 15:28:41,8.0,162.25 M
2019-06-16 15:28:43,0.0,168.21 M
2019-06-16 15:28:45,0.0,168.22 M
2019-06-16 15:28:47,146.8,160.93 M
2019-06-16 15:28:49,0.0,160.93 M
2019-06-16 15:28:51,144.8,161.22 M
2019-06-16 15:28:53,0.0,161.22 M
2019-06-16 15:28:55,54.9,164.72 M
2019-06-16 15:28:57,0.0,164.75 M
2019-06-16 15:28:59,0.0,165.02 M
2019-06-16 15:29:01,3.0,165.07 M
2019-06-16 15:29:03,0.0,165.19 M
2019-06-16 15:29:05,22.0,166.00 M
2019-06-16 15:29:07,0.0,166.02 M
2019-06-16 15:29:09,0.0,172.83 M
2019-06-16 15:29:11,0.0,172.86 M
2019-06-16 15:29:13,0.0,180.38 M
2019-06-16 15:29:15,0.0,180.38 M
2019-06-16 15:29:17,0.0,187.14 M
2019-06-16 15:29:19,5.0,194.50 M
2019-06-16 15:29:21,0.0,194.50 M
2019-06-16 15:29:23,0.0,201.68 M
2019-06-16 15:29:25,11.0,209.48 M
2019-06-16 15:29:27,0.0,209.51 M
2019-06-16 15:29:29,0.0,221.12 M
2019-06-16 15:29:31,0.0,221.21 M
2019-06-16 15:29:33,0.0,222.49 M
2019-06-16 15:29:35,10.0,222.61 M
2019-06-16 15:29:37,0.0,222.59 M
2019-06-16 15:29:39,12.0,222.59 M
2019-06-16 15:29:41,0.0,222.63 M
2019-06-16 15:29:43,2.0,222.63 M
2019-06-16 15:29:45,0.0,222.63 M
2019-06-16 15:29:47,0.0,222.63 M
2019-06-16 15:29:49,0.0,222.63 M
2019-06-16 15:29:51,0.0,222.63 M
2019-06-16 15:29:53,4.0,222.68 M
2019-06-16 15:29:55,0.0,222.68 M
2019-06-16 15:29:57,8.0,222.68 M
2019-06-16 15:29:59,1.0,222.68 M
2019-06-16 15:30:01,11.0,229.75 M
2019-06-16 15:30:03,0.0,229.85 M
2019-06-16 15:30:05,0.0,231.90 M
2019-06-16 15:30:07,0.0,231.90 M
2019-06-16 15:30:09,0.0,232.41 M
2019-06-16 15:30:11,1.0,232.45 M
2019-06-16 15:30:13,0.0,232.45 M
2019-06-16 15:30:15,5.0,234.29 M
2019-06-16 15:30:17,0.0,234.29 M
2019-06-16 15:30:19,0.0,235.66 M
2019-06-16 15:30:21,4.0,236.93 M
2019-06-16 15:30:23,0.0,236.93 M
2019-06-16 15:30:25,10.0,234.94 M
2019-06-16 15:30:27,0.0,234.94 M
2019-06-16 15:30:29,3.0,234.94 M
2019-06-16 15:30:31,1.0,234.94 M
2019-06-16 15:30:33,0.0,238.24 M
2019-06-16 15:30:35,4.0,238.24 M
2019-06-16 15:30:37,0.0,238.24 M
2019-06-16 15:30:39,6.0,238.24 M
2019-06-16 15:30:41,0.0,238.24 M
2019-06-16 15:30:43,0.0,238.24 M
2019-06-16 15:30:45,0.0,238.24 M
2019-06-16 15:30:47,0.0,238.48 M
2019-06-16 15:30:49,0.0,238.49 M
2019-06-16 15:30:51,0.0,238.49 M
2019-06-16 15:30:53,8.0,238.49 M
2019-06-16 15:30:56,0.0,238.49 M
2019-06-16 15:30:58,6.0,238.49 M
2019-06-16 15:31:00,0.0,238.46 M
2019-06-16 15:31:02,3.0,238.46 M
2019-06-16 15:31:04,0.0,238.46 M
2019-06-16 15:31:06,0.0,240.84 M
2019-06-16 15:31:08,4.0,241.34 M
2019-06-16 15:31:10,0.0,241.35 M
2019-06-16 15:31:12,3.0,241.59 M
2019-06-16 15:31:14,0.0,241.59 M
2019-06-16 15:31:16,0.0,242.08 M
2019-06-16 15:31:18,0.0,242.08 M
2019-06-16 15:31:20,0.0,244.14 M
2019-06-16 15:31:22,1.0,244.14 M
2019-06-16 15:31:24,0.0,244.14 M
2019-06-16 15:31:26,2.0,244.14 M
2019-06-16 15:31:28,1.0,244.14 M
2019-06-16 15:31:30,2.0,244.14 M
2019-06-16 15:31:32,1.0,244.14 M
2019-06-16 15:31:34,0.0,244.14 M
2019-06-16 15:31:36,0.0,244.14 M
2019-06-16 15:31:38,0.0,244.33 M
2019-06-16 15:31:40,2.0,244.33 M
2019-06-16 15:31:42,1.0,244.33 M
2019-06-16 15:31:44,3.0,244.33 M
2019-06-16 15:31:46,0.0,244.33 M
2019-06-16 15:31:48,4.0,244.33 M
2019-06-16 15:31:50,0.0,244.33 M
2019-06-16 15:31:52,0.0,244.33 M
2019-06-16 15:31:54,5.0,244.33 M
2019-06-16 15:31:56,0.0,244.33 M
2019-06-16 15:31:58,0.0,244.33 M
2019-06-16 15:32:00,0.0,244.33 M
2019-06-16 15:32:02,0.0,244.33 M
2019-06-16 15:32:04,12.0,244.33 M
2019-06-16 15:32:06,0.0,244.33 M
2019-06-16 15:32:08,15.0,244.38 M
2019-06-16 15:32:10,0.0,244.38 M
2019-06-16 15:32:12,2.0,244.38 M
2019-06-16 15:32:14,0.0,244.38 M
2019-06-16 15:32:16,0.0,244.44 M
2019-06-16 15:32:18,0.0,244.44 M
2019-06-16 15:32:20,0.0,244.44 M
2019-06-16 15:32:22,0.0,244.50 M
2019-06-16 15:32:24,0.0,244.50 M
2019-06-16 15:32:26,1.0,244.50 M
2019-06-16 15:32:28,0.0,244.50 M
2019-06-16 15:32:30,0.0,244.50 M
2019-06-16 15:32:32,0.0,244.50 M
2019-06-16 15:32:34,0.0,244.50 M
2019-06-16 15:32:36,0.0,244.50 M
2019-06-16 15:32:38,0.0,244.50 M
2019-06-16 15:32:40,7.0,244.58 M
2019-06-16 15:32:42,0.0,244.58 M
2019-06-16 15:32:44,3.0,244.58 M
2019-06-16 15:32:46,0.0,244.58 M
2019-06-16 15:32:48,5.0,244.58 M
2019-06-16 15:32:50,0.0,244.58 M
2019-06-16 15:32:52,6.0,244.58 M
2019-06-16 15:32:54,0.0,244.59 M
2019-06-16 15:32:56,5.0,244.59 M
2019-06-16 15:32:58,0.0,244.59 M
2019-06-16 15:33:00,3.0,244.59 M
2019-06-16 15:33:02,1.0,244.59 M
2019-06-16 15:33:04,3.0,244.59 M
2019-06-16 15:33:06,0.0,244.59 M
2019-06-16 15:33:08,2.0,244.59 M
2019-06-16 15:33:10,0.0,244.59 M
2019-06-16 15:33:12,5.0,244.59 M
2019-06-16 15:33:14,0.0,244.59 M
2019-06-16 15:33:16,1.0,244.59 M
2019-06-16 15:33:18,0.0,244.59 M
2019-06-16 15:33:20,0.0,244.59 M
2019-06-16 15:33:22,0.0,248.46 M
2019-06-16 15:33:24,0.0,248.46 M
2019-06-16 15:33:26,0.0,248.46 M
2019-06-16 15:33:28,0.0,248.46 M
2019-06-16 15:33:30,2.0,248.46 M
2019-06-16 15:33:32,0.0,248.46 M
2019-06-16 15:33:34,4.0,248.46 M
2019-06-16 15:33:36,0.0,248.46 M
2019-06-16 15:33:38,5.0,251.29 M
2019-06-16 15:33:40,0.0,251.34 M
2019-06-16 15:33:43,3.0,251.34 M
2019-06-16 15:33:45,0.0,251.34 M
2019-06-16 15:33:47,0.0,251.34 M
2019-06-16 15:33:49,0.0,251.34 M
2019-06-16 15:33:52,145.9,159.37 M
2019-06-16 15:33:54,0.0,159.37 M
2019-06-16 15:33:56,0.0,159.37 M
2019-06-16 15:33:58,145.8,161.37 M
2019-06-16 15:34:00,0.0,161.37 M
2019-06-16 15:34:02,0.0,161.37 M
2019-06-16 15:34:04,0.0,162.62 M
2019-06-16 15:34:06,0.0,162.62 M
2019-06-16 15:34:08,1.0,162.62 M
2019-06-16 15:34:10,0.0,162.62 M
2019-06-16 15:34:12,0.0,162.62 M
2019-06-16 15:34:14,0.0,162.62 M
2019-06-16 15:34:16,0.0,162.62 M
2019-06-16 15:34:18,60.9,165.10 M
2019-06-16 15:34:20,0.0,165.12 M
2019-06-16 15:34:22,0.0,165.12 M
2019-06-16 15:34:24,39.0,167.09 M
2019-06-16 15:34:26,0.0,167.12 M
2019-06-16 15:34:28,0.0,167.12 M
2019-06-16 15:34:30,0.0,169.46 M
2019-06-16 15:34:32,0.0,169.46 M
2019-06-16 15:34:34,144.8,161.93 M
2019-06-16 15:34:36,0.0,161.93 M
2019-06-16 15:34:38,0.0,161.93 M
2019-06-16 15:34:40,0.0,164.74 M
2019-06-16 15:34:42,0.0,164.76 M
2019-06-16 15:34:44,8.0,165.02 M
2019-06-16 15:34:46,0.0,165.04 M
2019-06-16 15:34:48,1.0,165.04 M
2019-06-16 15:34:50,0.0,165.15 M
2019-06-16 15:34:52,0.0,165.19 M
2019-06-16 15:34:55,151.8,161.42 M
2019-06-16 15:34:57,0.0,161.42 M
2019-06-16 15:34:59,0.0,161.42 M
2019-06-16 15:35:01,147.8,159.49 M
2019-06-16 15:35:03,0.0,159.49 M
2019-06-16 15:35:05,0.0,159.49 M
2019-06-16 15:35:07,146.8,160.50 M
2019-06-16 15:35:10,0.0,160.50 M
2019-06-16 15:35:12,0.0,160.50 M
2019-06-16 15:35:14,38.0,163.71 M
2019-06-16 15:35:16,0.0,163.74 M
2019-06-16 15:35:19,137.9,158.86 M
2019-06-16 15:35:21,0.0,158.86 M
2019-06-16 15:35:23,11.0,159.59 M
2019-06-16 15:35:25,1.0,162.85 M
2019-06-16 15:35:27,0.0,162.87 M
2019-06-16 15:35:29,0.0,163.18 M
2019-06-16 15:35:31,0.0,163.18 M
2019-06-16 15:35:33,8.0,165.93 M
2019-06-16 15:35:35,0.0,165.98 M
2019-06-16 15:35:38,143.9,162.27 M
2019-06-16 15:35:40,0.0,162.27 M
2019-06-16 15:35:42,0.0,162.27 M
2019-06-16 15:35:44,134.9,158.22 M
2019-06-16 15:35:46,0.0,158.22 M
2019-06-16 15:35:48,0.0,158.22 M
2019-06-16 15:35:50,144.8,160.76 M
2019-06-16 15:35:52,0.0,160.76 M
2019-06-16 15:35:55,143.0,158.47 M
2019-06-16 15:35:57,0.0,158.47 M
2019-06-16 15:36:00,144.8,161.11 M
2019-06-16 15:36:02,0.0,161.11 M
2019-06-16 15:36:04,1.0,161.11 M
2019-06-16 15:36:06,0.0,166.60 M
2019-06-16 15:36:08,0.0,166.65 M
2019-06-16 15:36:10,147.8,162.14 M
2019-06-16 15:36:12,0.0,162.14 M
2019-06-16 15:36:14,25.0,164.31 M
2019-06-16 15:36:17,146.8,161.55 M
2019-06-16 15:36:19,0.0,161.55 M
2019-06-16 15:36:21,0.0,161.55 M
2019-06-16 15:36:23,143.8,158.51 M
2019-06-16 15:36:25,0.0,158.51 M
2019-06-16 15:36:28,148.8,159.89 M
2019-06-16 15:36:30,1.0,159.89 M
2019-06-16 15:36:32,18.0,160.82 M
2019-06-16 15:36:34,0.0,162.88 M
2019-06-16 15:36:36,0.0,162.90 M
2019-06-16 15:36:38,146.9,162.20 M
2019-06-16 15:36:40,1.0,162.20 M
2019-06-16 15:36:43,149.8,161.04 M
2019-06-16 15:36:45,1.0,161.04 M
2019-06-16 15:36:47,0.0,161.04 M
2019-06-16 15:36:49,1.0,163.72 M
2019-06-16 15:36:51,0.0,163.72 M
2019-06-16 15:36:53,0.0,163.72 M
2019-06-16 15:36:55,0.0,163.72 M
2019-06-16 15:36:57,0.0,163.72 M
2019-06-16 15:36:59,0.0,163.72 M
2019-06-16 15:37:01,0.0,163.72 M
2019-06-16 15:37:03,0.0,163.72 M
2019-06-16 15:37:05,1.0,163.72 M
2019-06-16 15:37:07,0.0,163.72 M
2019-06-16 15:37:09,2.0,163.72 M
2019-06-16 15:37:11,0.0,163.72 M
2019-06-16 15:37:13,0.0,163.72 M
2019-06-16 15:37:15,0.0,163.84 M
2019-06-16 15:37:17,0.0,163.84 M
2019-06-16 15:37:19,3.0,163.84 M
2019-06-16 15:37:21,0.0,163.84 M
2019-06-16 15:37:23,0.0,163.84 M
2019-06-16 15:37:25,0.0,164.11 M
2019-06-16 15:37:27,0.0,164.11 M
2019-06-16 15:37:29,1.0,164.12 M
2019-06-16 15:37:31,1.0,164.12 M
2019-06-16 15:37:33,0.0,164.12 M
2019-06-16 15:37:35,0.0,164.12 M
2019-06-16 15:37:37,0.0,164.12 M
2019-06-16 15:37:39,2.0,164.12 M
2019-06-16 15:37:41,1.0,164.12 M
2019-06-16 15:37:43,0.0,164.12 M
2019-06-16 15:37:45,0.0,164.12 M
2019-06-16 15:37:47,0.0,164.12 M
2019-06-16 15:37:49,1.0,164.12 M
2019-06-16 15:37:51,1.0,164.12 M
2019-06-16 15:37:53,1.0,164.12 M
2019-06-16 15:37:55,0.0,164.12 M
2019-06-16 15:37:57,0.0,164.12 M
2019-06-16 15:37:59,0.0,164.16 M
2019-06-16 15:38:01,0.0,164.16 M
2019-06-16 15:38:03,0.0,164.32 M
2019-06-16 15:38:05,1.0,164.32 M
2019-06-16 15:38:07,2.0,164.32 M
2019-06-16 15:38:09,0.0,164.32 M
2019-06-16 15:38:11,0.0,164.32 M
2019-06-16 15:38:13,0.0,164.32 M
2019-06-16 15:38:15,0.0,164.32 M
2019-06-16 15:38:17,1.0,164.32 M
2019-06-16 15:38:20,0.0,164.32 M
2019-06-16 15:38:22,0.0,164.32 M
2019-06-16 15:38:24,0.0,164.32 M
2019-06-16 15:38:26,1.0,164.33 M
2019-06-16 15:38:28,0.0,164.33 M
2019-06-16 15:38:30,1.0,164.33 M
2019-06-16 15:38:32,0.0,164.33 M
2019-06-16 15:38:34,4.0,164.33 M
2019-06-16 15:38:36,0.0,164.33 M
2019-06-16 15:38:38,2.0,164.33 M
2019-06-16 15:38:40,0.0,164.33 M
2019-06-16 15:38:42,0.0,164.33 M
2019-06-16 15:38:44,0.0,164.33 M
2019-06-16 15:38:46,0.0,164.33 M
2019-06-16 15:38:48,0.0,164.33 M
2019-06-16 15:38:50,0.0,164.33 M
2019-06-16 15:38:52,0.0,164.33 M
2019-06-16 15:38:54,0.0,164.33 M
2019-06-16 15:38:56,5.0,167.32 M
2019-06-16 15:38:58,0.0,167.32 M
2019-06-16 15:39:00,0.0,167.32 M
2019-06-16 15:39:02,0.0,167.32 M
2019-06-16 15:39:04,1.0,167.32 M
2019-06-16 15:39:06,0.0,167.32 M
2019-06-16 15:39:08,0.0,167.32 M
2019-06-16 15:39:10,0.0,167.32 M
2019-06-16 15:39:12,0.0,167.32 M
2019-06-16 15:39:14,1.0,167.32 M
2019-06-16 15:39:16,0.0,167.32 M
2019-06-16 15:39:18,1.0,167.32 M
2019-06-16 15:39:20,0.0,167.32 M
2019-06-16 15:39:22,0.0,167.32 M
2019-06-16 15:39:24,0.0,167.32 M
2019-06-16 15:39:26,0.0,167.32 M
2019-06-16 15:39:28,0.0,167.32 M
2019-06-16 15:39:30,0.0,167.32 M
2019-06-16 15:39:32,1.0,167.32 M
2019-06-16 15:39:34,0.0,167.32 M
2019-06-16 15:39:36,1.0,167.32 M
2019-06-16 15:39:38,0.0,167.32 M
2019-06-16 15:39:40,2.0,167.48 M
2019-06-16 15:39:42,0.0,167.48 M
2019-06-16 15:39:44,0.0,167.48 M
2019-06-16 15:39:46,0.0,167.48 M
2019-06-16 15:39:48,1.0,167.48 M
2019-06-16 15:39:50,0.0,167.48 M
2019-06-16 15:39:52,1.0,167.48 M
2019-06-16 15:39:54,1.0,167.48 M
2019-06-16 15:39:56,0.0,167.48 M
2019-06-16 15:39:58,0.0,167.48 M
2019-06-16 15:40:00,0.0,167.48 M
2019-06-16 15:40:02,0.0,167.48 M
2019-06-16 15:40:04,0.0,167.48 M
2019-06-16 15:40:06,0.0,167.48 M
2019-06-16 15:40:08,0.0,167.48 M
2019-06-16 15:40:10,0.0,167.48 M
2019-06-16 15:40:12,0.0,167.48 M
2019-06-16 15:40:14,148.8,160.80 M
2019-06-16 15:40:16,0.0,160.80 M
2019-06-16 15:40:19,144.9,161.25 M
2019-06-16 15:40:21,0.0,161.25 M
2019-06-16 15:40:23,27.0,163.50 M
2019-06-16 15:40:25,1.0,163.52 M
2019-06-16 15:40:27,0.0,163.52 M
2019-06-16 15:40:29,0.0,164.17 M
2019-06-16 15:40:31,0.0,164.22 M
2019-06-16 15:40:33,14.0,164.75 M
2019-06-16 15:40:35,0.0,164.77 M
2019-06-16 15:40:39,148.0,160.43 M
2019-06-16 15:40:41,0.0,160.43 M
2019-06-16 15:40:44,146.9,162.58 M
2019-06-16 15:40:46,0.0,162.58 M
2019-06-16 15:40:48,0.0,162.58 M
2019-06-16 15:40:50,0.0,167.20 M
2019-06-16 15:40:52,0.0,167.22 M
2019-06-16 15:40:54,141.8,158.99 M
2019-06-16 15:40:56,0.0,158.99 M
2019-06-16 15:40:58,0.0,158.99 M
2019-06-16 15:41:00,0.0,163.40 M
2019-06-16 15:41:02,0.0,163.41 M
2019-06-16 15:41:04,136.9,158.36 M
2019-06-16 15:41:06,0.0,158.36 M
2019-06-16 15:41:08,45.0,162.82 M
2019-06-16 15:41:10,0.0,162.84 M
2019-06-16 15:41:12,27.0,162.90 M
2019-06-16 15:41:14,0.0,162.92 M
2019-06-16 15:41:16,29.0,163.83 M
2019-06-16 15:41:18,0.0,163.83 M
2019-06-16 15:41:20,0.0,163.91 M
2019-06-16 15:41:22,0.0,163.93 M
2019-06-16 15:41:24,0.0,167.53 M
2019-06-16 15:41:26,15.0,174.30 M
2019-06-16 15:41:28,0.0,174.33 M
2019-06-16 15:41:30,9.0,178.70 M
2019-06-16 15:41:32,0.0,178.74 M
2019-06-16 15:41:34,3.0,183.36 M
2019-06-16 15:41:36,1.0,183.39 M
2019-06-16 15:41:38,2.0,188.02 M
2019-06-16 15:41:40,0.0,188.11 M
2019-06-16 15:41:42,0.0,192.73 M
2019-06-16 15:41:44,8.0,199.17 M
2019-06-16 15:41:46,0.0,199.20 M
2019-06-16 15:41:48,4.0,204.85 M
2019-06-16 15:41:50,0.0,204.90 M
2019-06-16 15:41:52,5.0,209.52 M
2019-06-16 15:41:54,0.0,209.62 M
2019-06-16 15:41:56,0.0,218.65 M
2019-06-16 15:41:58,0.0,218.71 M
2019-06-16 15:42:00,0.0,219.71 M
2019-06-16 15:42:02,3.0,219.77 M
2019-06-16 15:42:04,0.0,219.81 M
2019-06-16 15:42:06,0.0,219.81 M
2019-06-16 15:42:08,0.0,219.81 M
2019-06-16 15:42:10,0.0,219.81 M
2019-06-16 15:42:12,10.0,220.07 M
2019-06-16 15:42:14,0.0,220.07 M
2019-06-16 15:42:16,0.0,220.48 M
2019-06-16 15:42:18,0.0,220.48 M
2019-06-16 15:42:20,0.0,220.48 M
2019-06-16 15:42:22,0.0,220.46 M
2019-06-16 15:42:24,0.0,220.58 M
2019-06-16 15:42:26,0.0,220.58 M
2019-06-16 15:42:28,6.0,220.58 M
2019-06-16 15:42:31,0.0,220.70 M
2019-06-16 15:42:33,0.0,220.70 M
2019-06-16 15:42:35,0.0,220.70 M
2019-06-16 15:42:37,0.0,220.70 M
2019-06-16 15:42:39,0.0,221.10 M
2019-06-16 15:42:41,3.0,221.91 M
2019-06-16 15:42:43,0.0,221.94 M
2019-06-16 15:42:45,6.0,222.95 M
2019-06-16 15:42:47,0.0,223.03 M
2019-06-16 15:42:49,13.0,228.93 M
2019-06-16 15:42:51,0.0,228.97 M
2019-06-16 15:42:53,4.0,232.70 M
2019-06-16 15:42:55,0.0,232.74 M
2019-06-16 15:42:57,0.0,233.75 M
2019-06-16 15:42:59,4.0,236.04 M
2019-06-16 15:43:01,0.0,236.55 M
2019-06-16 15:43:03,3.0,237.82 M
2019-06-16 15:43:05,0.0,237.85 M
2019-06-16 15:43:07,0.0,239.13 M
2019-06-16 15:43:09,2.0,236.77 M
2019-06-16 15:43:11,0.0,236.77 M
2019-06-16 15:43:13,5.0,238.02 M
2019-06-16 15:43:15,0.0,238.11 M
2019-06-16 15:43:17,7.0,236.29 M
2019-06-16 15:43:19,1.0,236.29 M
2019-06-16 15:43:21,3.0,236.29 M
2019-06-16 15:43:23,0.0,236.29 M
2019-06-16 15:43:25,5.0,236.29 M
2019-06-16 15:43:27,0.0,236.29 M
2019-06-16 15:43:29,0.0,236.29 M
2019-06-16 15:43:31,0.0,236.29 M
2019-06-16 15:43:33,0.0,236.29 M
2019-06-16 15:43:35,0.0,236.29 M
2019-06-16 15:43:37,0.0,236.29 M
2019-06-16 15:43:39,4.0,236.29 M
2019-06-16 15:43:41,0.0,236.29 M
2019-06-16 15:43:43,3.0,236.29 M
2019-06-16 15:43:45,0.0,236.29 M
2019-06-16 15:43:47,0.0,236.29 M
2019-06-16 15:43:49,0.0,236.25 M
2019-06-16 15:43:51,0.0,236.25 M
2019-06-16 15:43:53,0.0,236.25 M
2019-06-16 15:43:55,0.0,236.25 M
2019-06-16 15:43:57,4.0,236.25 M
2019-06-16 15:43:59,0.0,236.25 M
2019-06-16 15:44:01,4.0,236.88 M
2019-06-16 15:44:03,0.0,236.88 M
2019-06-16 15:44:05,0.0,237.36 M
2019-06-16 15:44:07,0.0,237.36 M
2019-06-16 15:44:09,0.0,237.58 M
2019-06-16 15:44:11,10.0,237.82 M
2019-06-16 15:44:13,0.0,237.82 M
2019-06-16 15:44:15,0.0,237.82 M
2019-06-16 15:44:17,0.0,237.82 M
2019-06-16 15:44:19,0.0,237.82 M
2019-06-16 15:44:21,6.0,238.25 M
2019-06-16 15:44:23,0.0,238.29 M
2019-06-16 15:44:25,0.0,240.81 M
2019-06-16 15:44:27,2.0,240.81 M
2019-06-16 15:44:29,0.0,240.81 M
2019-06-16 15:44:31,0.0,243.87 M
2019-06-16 15:44:33,2.0,243.87 M
2019-06-16 15:44:35,0.0,243.87 M
2019-06-16 15:44:37,4.0,243.87 M
2019-06-16 15:44:39,0.0,244.01 M
2019-06-16 15:44:41,0.0,244.01 M
2019-06-16 15:44:43,3.0,244.01 M
2019-06-16 15:44:45,0.0,244.01 M
2019-06-16 15:44:47,4.0,244.17 M
2019-06-16 15:44:49,0.0,244.17 M
2019-06-16 15:44:51,0.0,244.17 M
2019-06-16 15:44:53,3.0,244.23 M
2019-06-16 15:44:55,0.0,244.23 M
2019-06-16 15:44:57,3.0,244.23 M
2019-06-16 15:44:59,0.0,244.23 M
2019-06-16 15:45:01,0.0,244.23 M
2019-06-16 15:45:03,1.0,244.23 M
2019-06-16 15:45:05,0.0,244.23 M
2019-06-16 15:45:07,3.0,244.25 M
2019-06-16 15:45:09,1.0,244.29 M
2019-06-16 15:45:11,3.0,244.29 M
2019-06-16 15:45:13,0.0,244.29 M
2019-06-16 15:45:15,0.0,244.29 M
2019-06-16 15:45:18,0.0,244.29 M
2019-06-16 15:45:20,0.0,244.29 M
2019-06-16 15:45:22,3.0,244.29 M
2019-06-16 15:45:24,0.0,244.29 M
2019-06-16 15:45:26,0.0,244.29 M
2019-06-16 15:45:28,2.0,244.34 M
2019-06-16 15:45:30,0.0,244.34 M
2019-06-16 15:45:32,0.0,244.34 M
2019-06-16 15:45:34,0.0,244.34 M
2019-06-16 15:45:36,0.0,244.34 M
2019-06-16 15:45:38,7.0,244.34 M
2019-06-16 15:45:40,0.0,244.34 M
2019-06-16 15:45:42,0.0,244.47 M
2019-06-16 15:45:44,0.0,244.47 M
2019-06-16 15:45:46,1.0,247.05 M
2019-06-16 15:45:48,1.0,247.05 M
2019-06-16 15:45:50,0.0,247.05 M
2019-06-16 15:45:52,4.0,247.05 M
2019-06-16 15:45:54,1.0,247.05 M
2019-06-16 15:45:56,3.0,247.05 M
2019-06-16 15:45:58,0.0,247.05 M
2019-06-16 15:46:00,0.0,247.05 M
2019-06-16 15:46:02,0.0,247.05 M
2019-06-16 15:46:05,150.9,161.71 M
2019-06-16 15:46:07,0.0,161.71 M
2019-06-16 15:46:09,55.9,165.23 M
2019-06-16 15:46:11,0.0,165.24 M
2019-06-16 15:46:13,151.8,161.62 M
2019-06-16 15:46:15,0.0,161.62 M
2019-06-16 15:46:17,136.8,158.79 M
2019-06-16 15:46:19,0.0,158.79 M
2019-06-16 15:46:21,83.9,166.85 M
2019-06-16 15:46:23,0.0,166.90 M
2019-06-16 15:46:25,29.0,169.51 M
2019-06-16 15:46:27,0.0,169.54 M
2019-06-16 15:46:30,142.8,158.92 M
2019-06-16 15:46:32,0.0,158.92 M
2019-06-16 15:46:35,156.8,160.28 M
2019-06-16 15:46:37,0.0,160.28 M
2019-06-16 15:46:40,149.9,162.21 M
2019-06-16 15:46:42,0.0,162.21 M
2019-06-16 15:46:44,31.0,165.33 M
2019-06-16 15:46:46,0.0,165.34 M
2019-06-16 15:46:50,140.9,158.52 M
2019-06-16 15:46:52,0.0,158.52 M
2019-06-16 15:46:54,153.8,162.02 M
2019-06-16 15:46:56,0.0,162.02 M
2019-06-16 15:46:58,22.0,163.84 M
2019-06-16 15:47:00,1.0,163.86 M
2019-06-16 15:47:02,142.8,161.98 M
2019-06-16 15:47:04,0.0,161.98 M
2019-06-16 15:47:06,149.8,161.94 M
2019-06-16 15:47:08,0.0,161.94 M
2019-06-16 15:47:10,0.0,164.99 M
2019-06-16 15:47:12,21.0,165.33 M
2019-06-16 15:47:14,0.0,165.38 M
2019-06-16 15:47:16,37.0,167.70 M
2019-06-16 15:47:18,0.0,167.73 M
2019-06-16 15:47:20,153.8,162.52 M
2019-06-16 15:47:22,0.0,162.52 M
2019-06-16 15:47:24,13.0,164.12 M
2019-06-16 15:47:26,0.0,164.12 M
2019-06-16 15:47:28,2.0,164.12 M
2019-06-16 15:47:30,0.0,164.12 M
2019-06-16 15:47:32,1.0,164.12 M
2019-06-16 15:47:34,0.0,164.12 M
2019-06-16 15:47:36,0.0,164.12 M
2019-06-16 15:47:38,0.0,164.12 M
2019-06-16 15:47:40,1.0,164.12 M
2019-06-16 15:47:42,0.0,164.12 M
2019-06-16 15:47:44,2.0,164.12 M
2019-06-16 15:47:46,0.0,164.12 M
2019-06-16 15:47:48,0.0,164.25 M
2019-06-16 15:47:50,0.0,164.25 M
2019-06-16 15:47:52,0.0,164.25 M
2019-06-16 15:47:54,3.0,164.48 M
2019-06-16 15:47:56,0.0,164.48 M
2019-06-16 15:47:58,2.0,164.48 M
2019-06-16 15:48:00,0.0,164.48 M
2019-06-16 15:48:02,0.0,164.48 M
2019-06-16 15:48:04,0.0,164.48 M
2019-06-16 15:48:06,0.0,164.48 M
2019-06-16 15:48:08,1.0,164.48 M
2019-06-16 15:48:10,0.0,164.48 M
2019-06-16 15:48:12,0.0,164.48 M
2019-06-16 15:48:14,0.0,164.48 M
2019-06-16 15:48:16,0.0,164.61 M
2019-06-16 15:48:18,5.0,164.76 M
2019-06-16 15:48:20,0.0,164.76 M
2019-06-16 15:48:22,3.0,164.76 M
2019-06-16 15:48:24,0.0,164.76 M
2019-06-16 15:48:26,0.0,164.76 M
2019-06-16 15:48:28,0.0,164.76 M
2019-06-16 15:48:31,0.0,164.76 M
2019-06-16 15:48:33,2.0,164.76 M
2019-06-16 15:48:35,0.0,164.76 M
2019-06-16 15:48:37,0.0,164.76 M
2019-06-16 15:48:39,2.0,164.76 M
2019-06-16 15:48:41,0.0,164.76 M
2019-06-16 15:48:43,0.0,164.76 M
2019-06-16 15:48:45,1.0,164.76 M
2019-06-16 15:48:47,0.0,164.76 M
2019-06-16 15:48:49,1.0,164.76 M
2019-06-16 15:48:51,0.0,164.76 M
2019-06-16 15:48:53,0.0,164.98 M
2019-06-16 15:48:55,0.0,164.98 M
2019-06-16 15:48:57,1.0,164.98 M
2019-06-16 15:48:59,0.0,164.98 M
2019-06-16 15:49:01,0.0,164.98 M
2019-06-16 15:49:03,6.0,167.79 M
2019-06-16 15:49:05,0.0,167.79 M
2019-06-16 15:49:07,0.0,167.79 M
2019-06-16 15:49:09,0.0,167.79 M
2019-06-16 15:49:11,1.0,167.79 M
2019-06-16 15:49:13,0.0,167.79 M
2019-06-16 15:49:15,0.0,167.79 M
2019-06-16 15:49:17,0.0,167.79 M
2019-06-16 15:49:19,0.0,167.79 M
2019-06-16 15:49:21,1.0,167.79 M
2019-06-16 15:49:23,0.0,167.79 M
2019-06-16 15:49:25,0.0,167.79 M
2019-06-16 15:49:27,0.0,167.79 M
2019-06-16 15:49:29,0.0,167.79 M
2019-06-16 15:49:31,2.0,167.79 M
2019-06-16 15:49:33,0.0,167.79 M
2019-06-16 15:49:35,1.0,167.79 M
2019-06-16 15:49:37,0.0,167.79 M
2019-06-16 15:49:39,1.0,167.79 M
2019-06-16 15:49:41,0.0,167.79 M
2019-06-16 15:49:43,1.0,167.79 M
2019-06-16 15:49:45,0.0,167.79 M
2019-06-16 15:49:47,2.0,167.79 M
2019-06-16 15:49:49,0.0,167.79 M
2019-06-16 15:49:51,1.0,167.79 M
2019-06-16 15:49:53,0.0,167.79 M
2019-06-16 15:49:55,0.0,167.79 M
2019-06-16 15:49:57,0.0,167.79 M
2019-06-16 15:49:59,0.0,167.79 M
2019-06-16 15:50:01,1.0,167.79 M
2019-06-16 15:50:03,0.0,167.79 M
2019-06-16 15:50:05,0.0,167.96 M
2019-06-16 15:50:07,1.0,167.96 M
2019-06-16 15:50:09,0.0,167.96 M
2019-06-16 15:50:12,135.9,159.11 M
2019-06-16 15:50:14,0.0,159.11 M
2019-06-16 15:50:16,67.9,166.18 M
2019-06-16 15:50:18,0.0,166.19 M
2019-06-16 15:50:20,0.0,166.34 M
2019-06-16 15:50:22,45.0,178.69 M
2019-06-16 15:50:24,0.0,179.98 M
2019-06-16 15:50:26,18.0,189.84 M
2019-06-16 15:50:28,0.0,189.84 M
2019-06-16 15:50:30,17.0,203.57 M
2019-06-16 15:50:32,0.0,203.66 M
2019-06-16 15:50:34,7.0,217.30 M
2019-06-16 15:50:36,0.0,217.33 M
2019-06-16 15:50:38,20.0,235.19 M
2019-06-16 15:50:40,0.0,235.19 M
2019-06-16 15:50:42,5.0,235.19 M
2019-06-16 15:50:44,0.0,235.12 M
2019-06-16 15:50:46,1.0,235.12 M
2019-06-16 15:50:48,0.0,235.12 M
2019-06-16 15:50:50,6.0,235.12 M
2019-06-16 15:50:52,0.0,235.07 M
2019-06-16 15:50:54,0.0,235.07 M
2019-06-16 15:50:56,0.0,235.17 M
2019-06-16 15:50:58,0.0,240.07 M
2019-06-16 15:51:00,1.0,240.24 M
2019-06-16 15:51:02,0.0,241.43 M
2019-06-16 15:51:05,7.0,242.42 M
2019-06-16 15:51:07,0.0,238.18 M
2019-06-16 15:51:09,8.0,238.18 M
2019-06-16 15:51:11,1.0,238.34 M
2019-06-16 15:51:13,9.0,240.32 M
2019-06-16 15:51:15,0.0,240.29 M
2019-06-16 15:51:17,147.9,160.91 M
2019-06-16 15:51:19,0.0,160.91 M
2019-06-16 15:51:21,146.8,160.24 M
2019-06-16 15:51:23,0.0,160.24 M
2019-06-16 15:51:25,0.0,163.53 M
2019-06-16 15:51:27,26.0,163.83 M
2019-06-16 15:51:29,0.0,163.85 M
2019-06-16 15:51:31,23.0,163.93 M
2019-06-16 15:51:33,1.0,163.95 M
2019-06-16 15:51:35,0.0,166.57 M
2019-06-16 15:51:37,0.0,166.71 M
2019-06-16 15:51:39,0.0,178.57 M
2019-06-16 15:51:41,9.0,185.55 M
2019-06-16 15:51:43,0.0,185.59 M
2019-06-16 15:51:45,0.0,192.52 M
2019-06-16 15:51:47,6.0,200.42 M
2019-06-16 15:51:49,0.0,200.41 M
2019-06-16 15:51:51,0.0,208.15 M
2019-06-16 15:51:53,6.0,216.12 M
2019-06-16 15:51:55,0.0,216.25 M
2019-06-16 15:51:57,0.0,225.51 M
2019-06-16 15:51:59,0.0,225.69 M
2019-06-16 15:52:01,0.0,226.71 M
2019-06-16 15:52:03,9.0,227.40 M
2019-06-16 15:52:05,0.0,227.48 M
2019-06-16 15:52:07,4.0,227.48 M
2019-06-16 15:52:09,0.0,227.48 M
2019-06-16 15:52:11,0.0,227.48 M
2019-06-16 15:52:13,0.0,227.48 M
2019-06-16 15:52:15,0.0,227.48 M
2019-06-16 15:52:17,3.0,227.65 M
2019-06-16 15:52:19,0.0,227.66 M
2019-06-16 15:52:21,0.0,228.03 M
2019-06-16 15:52:23,0.0,228.03 M
2019-06-16 15:52:25,0.0,231.89 M
2019-06-16 15:52:27,5.0,233.42 M
2019-06-16 15:52:29,1.0,233.42 M
2019-06-16 15:52:31,0.0,233.67 M
2019-06-16 15:52:33,0.0,233.67 M
2019-06-16 15:52:35,1.0,234.65 M
2019-06-16 15:52:37,10.0,235.75 M
2019-06-16 15:52:39,0.0,235.93 M
2019-06-16 15:52:41,0.0,242.08 M
2019-06-16 15:52:43,5.0,244.46 M
2019-06-16 15:52:45,0.0,244.52 M
