2019-06-09 20:05:21,171.8,151.46 M
2019-06-09 20:05:23,0.0,151.46 M
2019-06-09 20:05:25,0.0,151.46 M
2019-06-09 20:05:27,22.0,156.50 M
2019-06-09 20:05:29,467.5,533.81 M
2019-06-09 20:05:31,105.9,713.52 M
2019-06-09 20:05:33,0.0,713.52 M
2019-06-09 20:05:35,16.0,720.49 M
2019-06-09 20:05:37,6.0,723.05 M
2019-06-09 20:05:39,472.4,775.60 M
2019-06-09 20:05:41,737.4,777.56 M
2019-06-09 20:05:43,747.5,777.62 M
2019-06-09 20:05:45,287.8,778.68 M
2019-06-09 20:05:47,25.0,778.77 M
2019-06-09 20:05:49,4.0,778.77 M
2019-06-09 20:05:51,6.0,778.77 M
2019-06-09 20:05:53,6.0,778.77 M
2019-06-09 20:05:55,5.0,778.77 M
2019-06-09 20:05:57,4.0,778.77 M
2019-06-09 20:05:59,4.0,778.77 M
2019-06-09 20:06:01,5.0,778.77 M
2019-06-09 20:06:03,4.0,778.77 M
2019-06-09 20:06:05,7.0,778.77 M
2019-06-09 20:06:07,7.0,778.77 M
2019-06-09 20:06:09,61.0,789.53 M
2019-06-09 20:06:11,765.5,845.11 M
2019-06-09 20:06:13,743.6,844.84 M
2019-06-09 20:06:15,430.5,846.36 M
2019-06-09 20:06:17,4.0,867.55 M
2019-06-09 20:06:19,3.0,867.55 M
2019-06-09 20:06:21,7.0,867.55 M
2019-06-09 20:06:23,5.0,867.55 M
2019-06-09 20:06:25,7.0,852.05 M
2019-06-09 20:06:27,8.0,852.05 M
2019-06-09 20:06:29,5.0,852.05 M
2019-06-09 20:06:31,768.5,918.39 M
2019-06-09 20:06:33,766.4,918.28 M
2019-06-09 20:06:35,711.2,908.78 M
2019-06-09 20:06:37,4.0,952.88 M
2019-06-09 20:06:39,4.0,952.88 M
2019-06-09 20:06:41,6.0,939.30 M
2019-06-09 20:06:43,5.0,941.91 M
2019-06-09 20:06:45,6.0,935.32 M
2019-06-09 20:06:47,6.0,935.32 M
2019-06-09 20:06:49,5.0,935.32 M
2019-06-09 20:06:51,6.0,935.32 M
2019-06-09 20:06:53,5.0,935.32 M
2019-06-09 20:06:55,4.0,935.32 M
2019-06-09 20:06:57,5.0,935.32 M
2019-06-09 20:06:59,4.0,935.32 M
2019-06-09 20:07:01,6.0,935.32 M
2019-06-09 20:07:03,8.0,935.32 M
2019-06-09 20:07:05,7.0,935.32 M
2019-06-09 20:07:08,3.0,935.32 M
2019-06-09 20:07:10,3.0,935.32 M
2019-06-09 20:07:12,4.0,935.32 M
2019-06-09 20:07:14,2.0,935.32 M
2019-06-09 20:07:16,3.0,935.32 M
2019-06-09 20:07:18,6.0,935.32 M
2019-06-09 20:07:20,5.0,935.32 M
2019-06-09 20:07:22,6.0,935.32 M
2019-06-09 20:07:24,5.0,935.32 M
2019-06-09 20:07:26,5.0,935.32 M
2019-06-09 20:07:28,4.0,935.32 M
2019-06-09 20:07:30,4.0,935.32 M
2019-06-09 20:07:32,4.0,935.32 M
2019-06-09 20:07:34,4.0,935.32 M
2019-06-09 20:07:36,5.0,935.32 M
2019-06-09 20:07:38,4.0,935.32 M
2019-06-09 20:07:40,6.0,935.32 M
2019-06-09 20:07:42,8.0,935.32 M
2019-06-09 20:07:44,6.0,935.32 M
2019-06-09 20:07:46,10.0,935.32 M
2019-06-09 20:07:48,9.0,935.32 M
2019-06-09 20:07:50,6.0,935.32 M
2019-06-09 20:07:52,3.0,935.32 M
2019-06-09 20:07:54,5.0,935.32 M
2019-06-09 20:07:56,5.0,935.32 M
2019-06-09 20:07:58,5.0,935.32 M
2019-06-09 20:08:00,4.0,935.32 M
2019-06-09 20:08:02,2.0,935.32 M
2019-06-09 20:08:04,3.0,935.32 M
2019-06-09 20:08:06,3.0,935.32 M
2019-06-09 20:08:08,3.0,935.32 M
2019-06-09 20:08:10,3.0,935.32 M
2019-06-09 20:08:12,1.0,935.32 M
2019-06-09 20:08:14,1.0,935.32 M
2019-06-09 20:08:16,1.0,935.32 M
2019-06-09 20:08:18,2.0,935.32 M
2019-06-09 20:08:20,3.0,935.32 M
2019-06-09 20:08:22,3.0,935.32 M
2019-06-09 20:08:24,3.0,935.32 M
2019-06-09 20:08:26,3.0,935.32 M
2019-06-09 20:08:28,3.0,935.32 M
2019-06-09 20:08:30,4.0,935.32 M
2019-06-09 20:08:32,3.0,935.32 M
2019-06-09 20:08:34,3.0,935.32 M
2019-06-09 20:08:36,4.0,935.32 M
2019-06-09 20:08:38,7.0,935.32 M
2019-06-09 20:08:40,4.0,935.32 M
2019-06-09 20:08:42,4.0,935.32 M
2019-06-09 20:08:44,4.0,935.32 M
2019-06-09 20:08:46,4.0,935.32 M
2019-06-09 20:08:48,7.0,935.32 M
2019-06-09 20:08:50,7.0,935.32 M
2019-06-09 20:08:52,5.0,935.32 M
2019-06-09 20:08:54,5.0,935.32 M
2019-06-09 20:08:56,4.0,935.32 M
2019-06-09 20:08:58,6.0,935.32 M
2019-06-09 20:09:00,6.0,935.32 M
2019-06-09 20:09:02,5.0,935.32 M
2019-06-09 20:09:04,7.0,935.32 M
2019-06-09 20:09:06,6.0,935.32 M
2019-06-09 20:09:08,6.0,935.32 M
2019-06-09 20:09:10,5.0,935.32 M
2019-06-09 20:09:12,5.0,935.32 M
2019-06-09 20:09:14,4.0,935.32 M
2019-06-09 20:09:16,5.0,935.32 M
2019-06-09 20:09:18,5.0,935.32 M
2019-06-09 20:09:20,3.0,935.32 M
2019-06-09 20:09:22,5.0,935.32 M
2019-06-09 20:09:24,4.0,935.32 M
2019-06-09 20:09:26,5.0,935.32 M
2019-06-09 20:09:28,4.0,935.32 M
2019-06-09 20:09:30,4.0,935.32 M
2019-06-09 20:09:32,5.0,935.32 M
2019-06-09 20:09:34,4.0,935.32 M
2019-06-09 20:09:36,4.0,935.32 M
2019-06-09 20:09:38,3.0,935.32 M
2019-06-09 20:09:40,4.0,935.32 M
2019-06-09 20:09:42,5.0,935.32 M
2019-06-09 20:09:44,6.0,935.32 M
2019-06-09 20:09:46,6.0,935.32 M
2019-06-09 20:09:48,6.0,935.32 M
2019-06-09 20:09:50,3.0,935.32 M
2019-06-09 20:09:52,3.0,935.32 M
2019-06-09 20:09:55,1.0,935.32 M
2019-06-09 20:09:57,3.0,935.32 M
2019-06-09 20:09:59,4.0,935.32 M
2019-06-09 20:10:01,4.0,935.32 M
2019-06-09 20:10:03,3.0,935.32 M
2019-06-09 20:10:05,4.0,935.32 M
2019-06-09 20:10:07,2.0,935.32 M
2019-06-09 20:10:09,3.0,935.32 M
2019-06-09 20:10:11,3.0,935.32 M
2019-06-09 20:10:13,4.0,935.32 M
2019-06-09 20:10:15,3.0,935.32 M
2019-06-09 20:10:17,2.0,935.32 M
2019-06-09 20:10:19,4.0,935.32 M
2019-06-09 20:10:21,2.0,935.32 M
2019-06-09 20:10:23,4.0,935.32 M
2019-06-09 20:10:25,5.0,935.32 M
2019-06-09 20:10:27,4.0,935.32 M
2019-06-09 20:10:29,4.0,935.32 M
2019-06-09 20:10:31,4.0,935.32 M
2019-06-09 20:10:33,3.0,935.32 M
2019-06-09 20:10:35,2.0,935.32 M
2019-06-09 20:10:37,4.0,935.32 M
2019-06-09 20:10:39,3.0,935.32 M
2019-06-09 20:10:41,5.0,935.32 M
2019-06-09 20:10:43,4.0,935.32 M
2019-06-09 20:10:45,5.0,935.32 M
2019-06-09 20:10:47,5.0,935.32 M
2019-06-09 20:10:49,4.0,935.32 M
2019-06-09 20:10:51,4.0,935.32 M
2019-06-09 20:10:53,4.0,935.32 M
2019-06-09 20:10:55,4.0,935.32 M
2019-06-09 20:10:57,1.0,935.32 M
2019-06-09 20:10:59,3.0,935.32 M
2019-06-09 20:11:01,2.0,935.32 M
2019-06-09 20:11:03,3.0,935.32 M
2019-06-09 20:11:05,4.0,935.32 M
2019-06-09 20:11:07,3.0,935.32 M
2019-06-09 20:11:09,3.0,935.32 M
2019-06-09 20:11:11,2.0,935.32 M
2019-06-09 20:11:13,2.0,935.32 M
2019-06-09 20:11:15,3.0,935.32 M
2019-06-09 20:11:17,2.0,935.32 M
2019-06-09 20:11:19,2.0,935.32 M
2019-06-09 20:11:21,3.0,935.32 M
2019-06-09 20:11:23,3.0,935.32 M
2019-06-09 20:11:25,2.0,935.32 M
2019-06-09 20:11:27,3.0,935.32 M
2019-06-09 20:11:29,2.0,935.32 M
2019-06-09 20:11:31,5.0,935.32 M
2019-06-09 20:11:33,5.0,935.32 M
2019-06-09 20:11:35,4.0,935.32 M
2019-06-09 20:11:37,2.0,935.32 M
2019-06-09 20:11:39,5.0,935.32 M
2019-06-09 20:11:41,4.0,935.32 M
2019-06-09 20:11:43,4.0,935.32 M
2019-06-09 20:11:45,4.0,935.32 M
2019-06-09 20:11:47,7.0,935.32 M
2019-06-09 20:11:49,7.0,935.32 M
2019-06-09 20:11:51,8.0,935.32 M
2019-06-09 20:11:53,8.0,935.32 M
2019-06-09 20:11:55,4.0,935.32 M
2019-06-09 20:11:57,7.0,935.32 M
2019-06-09 20:11:59,4.0,935.32 M
2019-06-09 20:12:01,6.0,935.32 M
2019-06-09 20:12:03,8.0,935.32 M
2019-06-09 20:12:05,3.0,935.32 M
2019-06-09 20:12:07,7.0,935.32 M
2019-06-09 20:12:09,5.0,935.32 M
2019-06-09 20:12:11,5.0,935.32 M
2019-06-09 20:12:13,4.0,935.32 M
2019-06-09 20:12:15,5.0,935.32 M
2019-06-09 20:12:17,9.0,935.32 M
2019-06-09 20:12:19,7.0,935.32 M
2019-06-09 20:12:21,2.0,935.32 M
2019-06-09 20:12:23,0.0,935.32 M
2019-06-09 20:12:25,1.0,935.32 M
2019-06-09 20:12:27,2.0,935.32 M
2019-06-09 20:12:29,4.0,935.32 M
2019-06-09 20:12:31,4.0,935.32 M
2019-06-09 20:12:33,5.0,935.32 M
2019-06-09 20:12:35,4.0,935.32 M
2019-06-09 20:12:37,5.0,935.32 M
2019-06-09 20:12:39,7.0,935.32 M
2019-06-09 20:12:41,4.0,935.32 M
2019-06-09 20:12:44,3.0,935.32 M
2019-06-09 20:12:46,5.0,935.32 M
2019-06-09 20:12:48,4.0,935.32 M
2019-06-09 20:12:50,2.0,935.32 M
2019-06-09 20:12:52,6.0,935.32 M
2019-06-09 20:12:54,4.0,935.32 M
2019-06-09 20:12:56,4.0,935.32 M
2019-06-09 20:12:58,6.0,935.32 M
2019-06-09 20:13:00,7.0,935.32 M
2019-06-09 20:13:02,5.0,935.32 M
2019-06-09 20:13:04,1.0,935.32 M
2019-06-09 20:13:06,2.0,935.32 M
2019-06-09 20:13:08,3.0,935.32 M
2019-06-09 20:13:10,5.0,935.32 M
2019-06-09 20:13:12,3.0,935.32 M
2019-06-09 20:13:14,6.0,935.32 M
2019-06-09 20:13:16,5.0,935.32 M
2019-06-09 20:13:18,5.0,935.32 M
2019-06-09 20:13:20,7.0,935.32 M
2019-06-09 20:13:22,6.0,935.32 M
2019-06-09 20:13:24,4.0,935.32 M
2019-06-09 20:13:26,4.0,935.32 M
2019-06-09 20:13:28,6.0,935.32 M
2019-06-09 20:13:30,5.0,935.32 M
2019-06-09 20:13:32,5.0,935.32 M
2019-06-09 20:13:34,6.0,935.32 M
2019-06-09 20:13:36,4.0,935.32 M
2019-06-09 20:13:38,5.0,935.32 M
2019-06-09 20:13:40,4.0,935.32 M
2019-06-09 20:13:42,4.0,935.32 M
2019-06-09 20:13:44,3.0,935.32 M
2019-06-09 20:13:46,4.0,935.32 M
2019-06-09 20:13:48,4.0,935.32 M
2019-06-09 20:13:50,4.0,935.32 M
2019-06-09 20:13:52,3.0,935.32 M
2019-06-09 20:13:54,4.0,935.32 M
2019-06-09 20:13:56,2.0,935.32 M
2019-06-09 20:13:58,4.0,935.32 M
2019-06-09 20:14:00,3.0,935.32 M
2019-06-09 20:14:02,4.0,935.32 M
2019-06-09 20:14:04,5.0,935.32 M
2019-06-09 20:14:06,7.0,935.32 M
2019-06-09 20:14:08,6.0,935.32 M
2019-06-09 20:14:10,9.0,935.32 M
2019-06-09 20:14:12,5.0,935.32 M
2019-06-09 20:14:14,6.0,935.32 M
2019-06-09 20:14:16,5.0,935.32 M
2019-06-09 20:14:18,5.0,935.32 M
2019-06-09 20:14:20,4.0,935.32 M
2019-06-09 20:14:22,4.0,935.32 M
2019-06-09 20:14:24,3.0,935.32 M
2019-06-09 20:14:26,3.0,935.32 M
2019-06-09 20:14:28,4.0,935.32 M
2019-06-09 20:14:30,3.0,935.32 M
2019-06-09 20:14:32,6.0,935.32 M
2019-06-09 20:14:34,4.0,935.32 M
2019-06-09 20:14:36,7.0,935.32 M
2019-06-09 20:14:38,7.0,935.32 M
2019-06-09 20:14:40,8.0,935.32 M
2019-06-09 20:14:42,6.0,935.32 M
2019-06-09 20:14:44,4.0,935.32 M
2019-06-09 20:14:46,4.0,935.32 M
2019-06-09 20:14:48,3.0,935.32 M
2019-06-09 20:14:50,4.0,935.32 M
2019-06-09 20:14:52,1.0,935.32 M
2019-06-09 20:14:54,2.0,935.32 M
2019-06-09 20:14:56,2.0,935.32 M
2019-06-09 20:14:58,3.0,935.32 M
2019-06-09 20:15:00,3.0,935.32 M
2019-06-09 20:15:02,2.0,935.32 M
2019-06-09 20:15:04,3.0,935.32 M
2019-06-09 20:15:06,2.0,935.32 M
2019-06-09 20:15:08,4.0,935.32 M
2019-06-09 20:15:10,5.0,935.32 M
2019-06-09 20:15:12,3.0,935.32 M
2019-06-09 20:15:14,4.0,935.32 M
2019-06-09 20:15:16,3.0,935.32 M
2019-06-09 20:15:18,5.0,935.32 M
2019-06-09 20:15:20,5.0,935.32 M
2019-06-09 20:15:22,2.0,935.32 M
2019-06-09 20:15:24,2.0,935.32 M
2019-06-09 20:15:26,3.0,935.32 M
2019-06-09 20:15:28,1.0,935.32 M
2019-06-09 20:15:30,2.0,935.32 M
2019-06-09 20:15:33,2.0,935.32 M
2019-06-09 20:15:35,2.0,935.32 M
2019-06-09 20:15:37,2.0,935.32 M
2019-06-09 20:15:39,2.0,935.32 M
2019-06-09 20:15:41,3.0,935.32 M
2019-06-09 20:15:43,3.0,935.32 M
2019-06-09 20:15:45,4.0,935.32 M
2019-06-09 20:15:47,5.0,935.32 M
2019-06-09 20:15:49,7.0,935.32 M
2019-06-09 20:15:51,4.0,935.32 M
2019-06-09 20:15:53,8.0,935.32 M
2019-06-09 20:15:55,10.0,938.93 M
2019-06-09 20:15:57,499.9,995.18 M
2019-06-09 20:15:59,760.9,995.16 M
2019-06-09 20:16:01,760.3,990.46 M
2019-06-09 20:16:03,761.5,990.18 M
2019-06-09 20:16:05,765.4,984.16 M
2019-06-09 20:16:07,766.5,980.28 M
2019-06-09 20:16:09,758.5,978.21 M
2019-06-09 20:16:11,768.5,976.21 M
2019-06-09 20:16:13,626.3,967.58 M
2019-06-09 20:16:15,2.0,967.58 M
2019-06-09 20:16:17,2.0,967.58 M
2019-06-09 20:16:19,1.0,967.58 M
2019-06-09 20:16:21,1.0,967.58 M
2019-06-09 20:16:23,2.0,967.58 M
2019-06-09 20:16:25,3.0,967.58 M
2019-06-09 20:16:27,2.0,967.58 M
2019-06-09 20:16:29,2.0,967.58 M
2019-06-09 20:16:31,3.0,967.58 M
2019-06-09 20:16:33,3.0,967.58 M
2019-06-09 20:16:35,2.0,967.58 M
2019-06-09 20:16:37,2.0,967.58 M
2019-06-09 20:16:39,5.0,967.58 M
2019-06-09 20:16:41,4.0,967.58 M
2019-06-09 20:16:43,4.0,967.58 M
2019-06-09 20:16:45,5.0,967.58 M
2019-06-09 20:16:47,6.0,967.58 M
2019-06-09 20:16:49,6.0,967.58 M
2019-06-09 20:16:51,8.0,967.58 M
2019-06-09 20:16:53,2.0,967.58 M
2019-06-09 20:16:55,1.0,967.58 M
2019-06-09 20:16:57,1.0,967.58 M
2019-06-09 20:16:59,2.0,967.58 M
2019-06-09 20:17:01,5.0,967.58 M
2019-06-09 20:17:03,4.0,967.58 M
2019-06-09 20:17:05,3.0,967.58 M
2019-06-09 20:17:07,4.0,967.58 M
2019-06-09 20:17:09,3.0,967.58 M
2019-06-09 20:17:11,3.0,967.58 M
2019-06-09 20:17:13,3.0,967.58 M
2019-06-09 20:17:15,2.0,967.58 M
2019-06-09 20:17:17,4.0,967.58 M
2019-06-09 20:17:19,4.0,967.58 M
2019-06-09 20:17:21,4.0,967.58 M
2019-06-09 20:17:23,3.0,967.58 M
2019-06-09 20:17:25,3.0,967.58 M
2019-06-09 20:17:27,3.0,967.58 M
2019-06-09 20:17:29,3.0,967.58 M
2019-06-09 20:17:31,3.0,967.58 M
2019-06-09 20:17:33,2.0,967.58 M
2019-06-09 20:17:35,5.0,967.58 M
2019-06-09 20:17:37,5.0,967.58 M
2019-06-09 20:17:39,4.0,967.58 M
2019-06-09 20:17:41,5.0,967.58 M
2019-06-09 20:17:43,7.0,967.58 M
2019-06-09 20:17:45,6.0,967.58 M
2019-06-09 20:17:47,8.0,967.58 M
2019-06-09 20:17:49,7.0,967.58 M
2019-06-09 20:17:51,8.0,967.58 M
2019-06-09 20:17:53,9.0,967.58 M
2019-06-09 20:17:55,8.0,967.58 M
2019-06-09 20:17:57,7.0,967.58 M
2019-06-09 20:17:59,7.0,967.58 M
2019-06-09 20:18:01,5.0,967.58 M
2019-06-09 20:18:03,8.0,967.58 M
2019-06-09 20:18:05,8.0,967.58 M
2019-06-09 20:18:07,9.0,967.58 M
2019-06-09 20:18:09,5.0,967.58 M
2019-06-09 20:18:11,6.0,967.58 M
2019-06-09 20:18:13,4.0,967.58 M
2019-06-09 20:18:15,5.0,967.58 M
2019-06-09 20:18:17,6.0,967.58 M
2019-06-09 20:18:20,4.0,967.58 M
2019-06-09 20:18:22,4.0,967.58 M
2019-06-09 20:18:24,5.0,967.58 M
2019-06-09 20:18:26,5.0,967.58 M
2019-06-09 20:18:28,5.0,967.58 M
2019-06-09 20:18:30,5.0,967.58 M
2019-06-09 20:18:32,4.0,967.58 M
2019-06-09 20:18:34,4.0,967.58 M
2019-06-09 20:18:36,6.0,967.58 M
2019-06-09 20:18:38,3.0,967.58 M
2019-06-09 20:18:40,2.0,967.58 M
2019-06-09 20:18:42,3.0,967.58 M
2019-06-09 20:18:44,3.0,967.58 M
2019-06-09 20:18:46,2.0,967.58 M
2019-06-09 20:18:48,2.0,967.58 M
2019-06-09 20:18:50,3.0,967.58 M
2019-06-09 20:18:52,4.0,967.58 M
2019-06-09 20:18:54,5.0,967.58 M
2019-06-09 20:18:56,4.0,967.58 M
2019-06-09 20:18:58,5.0,967.58 M
2019-06-09 20:19:00,5.0,967.58 M
2019-06-09 20:19:02,7.0,967.58 M
2019-06-09 20:19:04,3.0,967.58 M
2019-06-09 20:19:06,5.0,967.58 M
2019-06-09 20:19:08,7.0,967.58 M
2019-06-09 20:19:10,4.0,967.58 M
2019-06-09 20:19:12,7.0,967.58 M
2019-06-09 20:19:14,8.0,967.58 M
2019-06-09 20:19:16,6.0,967.58 M
2019-06-09 20:19:18,7.0,967.58 M
2019-06-09 20:19:20,5.0,967.58 M
2019-06-09 20:19:22,6.0,967.58 M
2019-06-09 20:19:24,9.0,967.58 M
2019-06-09 20:19:26,7.0,967.58 M
2019-06-09 20:19:28,8.0,967.58 M
2019-06-09 20:19:30,7.0,967.58 M
2019-06-09 20:19:32,8.0,967.58 M
2019-06-09 20:19:34,6.0,967.58 M
2019-06-09 20:19:36,6.0,967.58 M
2019-06-09 20:19:38,5.0,967.58 M
2019-06-09 20:19:40,8.0,967.58 M
2019-06-09 20:19:42,8.0,967.58 M
2019-06-09 20:19:44,9.0,967.58 M
2019-06-09 20:19:46,9.0,967.58 M
2019-06-09 20:19:48,8.0,967.58 M
2019-06-09 20:19:50,9.0,967.58 M
2019-06-09 20:19:52,4.0,967.58 M
2019-06-09 20:19:54,7.0,967.58 M
2019-06-09 20:19:56,8.0,967.58 M
2019-06-09 20:19:58,8.0,967.58 M
2019-06-09 20:20:00,8.0,967.58 M
2019-06-09 20:20:02,5.0,967.58 M
2019-06-09 20:20:04,2.0,967.58 M
2019-06-09 20:20:06,5.0,971.04 M
2019-06-09 20:20:08,6.0,971.04 M
2019-06-09 20:20:10,4.0,971.04 M
2019-06-09 20:20:12,4.0,971.04 M
2019-06-09 20:20:14,5.0,971.04 M
2019-06-09 20:20:16,4.0,971.04 M
2019-06-09 20:20:18,6.0,971.04 M
2019-06-09 20:20:20,4.0,971.04 M
2019-06-09 20:20:22,3.0,971.04 M
2019-06-09 20:20:24,1.0,971.04 M
2019-06-09 20:20:26,7.0,971.04 M
2019-06-09 20:20:28,6.0,971.04 M
2019-06-09 20:20:30,8.0,971.04 M
2019-06-09 20:20:32,7.0,971.04 M
2019-06-09 20:20:34,9.0,971.04 M
2019-06-09 20:20:36,105.9,976.16 M
2019-06-09 20:20:38,79.9,977.85 M
2019-06-09 20:20:40,73.0,1.10 G
2019-06-09 20:20:42,55.9,1.13 G
2019-06-09 20:20:44,47.0,1.13 G
2019-06-09 20:20:46,73.0,1.14 G
2019-06-09 20:20:48,61.0,1.14 G
2019-06-09 20:20:50,53.0,1.14 G
2019-06-09 20:20:52,55.9,1.16 G
2019-06-09 20:20:54,43.0,1.17 G
2019-06-09 20:20:56,91.9,1.28 G
2019-06-09 20:20:58,51.9,1.28 G
2019-06-09 20:21:00,34.0,1.28 G
2019-06-09 20:21:02,73.9,1.31 G
2019-06-09 20:21:04,52.9,1.32 G
2019-06-09 20:21:06,46.9,1.32 G
2019-06-09 20:21:08,81.9,1.40 G
2019-06-09 20:21:10,49.9,1.40 G
2019-06-09 20:21:12,46.9,1.40 G
2019-06-09 20:21:15,739.6,1.43 G
2019-06-09 20:21:17,765.2,1.43 G
2019-06-09 20:21:19,758.3,1.42 G
2019-06-09 20:21:21,6.0,1.38 G
2019-06-09 20:21:23,0.0,1.38 G
2019-06-09 20:21:25,0.0,1.38 G
2019-06-09 20:21:27,1.0,1.38 G
2019-06-09 20:21:29,1.0,1.38 G
2019-06-09 20:21:31,3.0,1.38 G
2019-06-09 20:21:33,6.0,1.38 G
2019-06-09 20:21:35,7.0,1.38 G
2019-06-09 20:21:37,6.0,1.38 G
2019-06-09 20:21:39,3.0,1.38 G
2019-06-09 20:21:41,3.0,1.38 G
2019-06-09 20:21:43,2.0,1.38 G
2019-06-09 20:21:45,4.0,1.38 G
2019-06-09 20:21:47,3.0,1.38 G
2019-06-09 20:21:49,4.0,1.38 G
2019-06-09 20:21:51,4.0,1.38 G
2019-06-09 20:21:53,9.0,1.38 G
2019-06-09 20:21:55,8.0,1.38 G
2019-06-09 20:21:57,8.0,1.38 G
2019-06-09 20:21:59,4.0,1.38 G
2019-06-09 20:22:01,6.0,1.38 G
2019-06-09 20:22:03,6.0,1.38 G
2019-06-09 20:22:05,4.0,1.38 G
2019-06-09 20:22:07,8.0,1.38 G
2019-06-09 20:22:09,6.0,1.38 G
2019-06-09 20:22:11,6.0,1.38 G
2019-06-09 20:22:13,3.0,1.38 G
2019-06-09 20:22:15,7.0,1.38 G
2019-06-09 20:22:17,7.0,1.38 G
2019-06-09 20:22:19,7.0,1.38 G
2019-06-09 20:22:21,5.0,1.38 G
2019-06-09 20:22:23,4.0,1.38 G
2019-06-09 20:22:25,3.0,1.38 G
2019-06-09 20:22:27,6.0,1.38 G
2019-06-09 20:22:29,3.0,1.38 G
2019-06-09 20:22:31,6.0,1.38 G
2019-06-09 20:22:33,5.0,1.38 G
2019-06-09 20:22:35,5.0,1.38 G
2019-06-09 20:22:37,6.0,1.38 G
2019-06-09 20:22:39,5.0,1.38 G
2019-06-09 20:22:41,5.0,1.38 G
2019-06-09 20:22:43,4.0,1.38 G
2019-06-09 20:22:45,5.0,1.38 G
2019-06-09 20:22:47,4.0,1.38 G
2019-06-09 20:22:49,4.0,1.38 G
2019-06-09 20:22:51,3.0,1.38 G
2019-06-09 20:22:53,4.0,1.38 G
2019-06-09 20:22:55,5.0,1.38 G
2019-06-09 20:22:57,8.0,1.38 G
2019-06-09 20:22:59,5.0,1.38 G
2019-06-09 20:23:01,5.0,1.38 G
2019-06-09 20:23:03,4.0,1.38 G
2019-06-09 20:23:05,6.0,1.38 G
2019-06-09 20:23:07,6.0,1.38 G
2019-06-09 20:23:09,5.0,1.38 G
2019-06-09 20:23:11,5.0,1.38 G
2019-06-09 20:23:13,4.0,1.38 G
2019-06-09 20:23:15,5.0,1.38 G
2019-06-09 20:23:17,5.0,1.38 G
2019-06-09 20:23:19,5.0,1.38 G
2019-06-09 20:23:21,5.0,1.38 G
2019-06-09 20:23:23,6.0,1.38 G
2019-06-09 20:23:25,5.0,1.38 G
2019-06-09 20:23:27,6.0,1.38 G
2019-06-09 20:23:29,6.0,1.38 G
2019-06-09 20:23:31,5.0,1.38 G
2019-06-09 20:23:33,7.0,1.38 G
2019-06-09 20:23:35,6.0,1.38 G
2019-06-09 20:23:37,3.0,1.38 G
2019-06-09 20:23:39,5.0,1.38 G
2019-06-09 20:23:41,4.0,1.38 G
2019-06-09 20:23:43,5.0,1.38 G
2019-06-09 20:23:45,5.0,1.38 G
2019-06-09 20:23:47,4.0,1.38 G
2019-06-09 20:23:49,4.0,1.38 G
2019-06-09 20:23:51,5.0,1.38 G
2019-06-09 20:23:53,3.0,1.38 G
2019-06-09 20:23:55,6.0,1.38 G
2019-06-09 20:23:57,4.0,1.38 G
2019-06-09 20:23:59,4.0,1.38 G
2019-06-09 20:24:01,12.0,1.38 G
2019-06-09 20:24:04,4.0,1.38 G
2019-06-09 20:24:06,5.0,1.38 G
2019-06-09 20:24:08,4.0,1.38 G
2019-06-09 20:24:10,4.0,1.38 G
2019-06-09 20:24:12,3.0,1.38 G
2019-06-09 20:24:14,2.0,1.38 G
2019-06-09 20:24:16,3.0,1.38 G
2019-06-09 20:24:18,2.0,1.38 G
2019-06-09 20:24:20,4.0,1.38 G
2019-06-09 20:24:22,2.0,1.38 G
2019-06-09 20:24:24,4.0,1.38 G
2019-06-09 20:24:26,2.0,1.38 G
2019-06-09 20:24:28,3.0,1.38 G
2019-06-09 20:24:30,6.0,1.38 G
2019-06-09 20:24:32,8.0,1.38 G
2019-06-09 20:24:34,8.0,1.38 G
2019-06-09 20:24:36,9.0,1.38 G
2019-06-09 20:24:38,8.0,1.38 G
2019-06-09 20:24:40,6.0,1.38 G
2019-06-09 20:24:42,7.0,1.38 G
2019-06-09 20:24:44,7.0,1.38 G
2019-06-09 20:24:46,8.0,1.38 G
2019-06-09 20:24:48,7.0,1.38 G
2019-06-09 20:24:50,7.0,1.38 G
2019-06-09 20:24:52,8.0,1.38 G
2019-06-09 20:24:54,8.0,1.38 G
2019-06-09 20:24:56,8.0,1.38 G
2019-06-09 20:24:58,9.0,1.38 G
2019-06-09 20:25:00,7.0,1.38 G
2019-06-09 20:25:02,6.0,1.38 G
2019-06-09 20:25:04,6.0,1.38 G
2019-06-09 20:25:06,7.0,1.38 G
2019-06-09 20:25:08,8.0,1.38 G
2019-06-09 20:25:10,4.0,1.38 G
2019-06-09 20:25:12,8.0,1.38 G
2019-06-09 20:25:14,7.0,1.38 G
2019-06-09 20:25:16,7.0,1.38 G
2019-06-09 20:25:18,5.0,1.38 G
2019-06-09 20:25:20,6.0,1.38 G
2019-06-09 20:25:22,5.0,1.38 G
2019-06-09 20:25:24,7.0,1.38 G
2019-06-09 20:25:26,8.0,1.38 G
2019-06-09 20:25:28,8.0,1.38 G
2019-06-09 20:25:30,5.0,1.38 G
2019-06-09 20:25:32,6.0,1.38 G
2019-06-09 20:25:34,5.0,1.38 G
2019-06-09 20:25:36,6.0,1.38 G
2019-06-09 20:25:38,7.0,1.38 G
2019-06-09 20:25:40,6.0,1.38 G
2019-06-09 20:25:42,5.0,1.38 G
2019-06-09 20:25:44,5.0,1.38 G
2019-06-09 20:25:46,9.0,1.38 G
2019-06-09 20:25:48,8.0,1.38 G
2019-06-09 20:25:50,8.0,1.38 G
2019-06-09 20:25:52,7.0,1.38 G
2019-06-09 20:25:54,5.0,1.38 G
2019-06-09 20:25:56,5.0,1.38 G
2019-06-09 20:25:58,8.0,1.38 G
2019-06-09 20:26:00,7.0,1.38 G
2019-06-09 20:26:02,7.0,1.38 G
2019-06-09 20:26:04,7.0,1.38 G
2019-06-09 20:26:06,8.0,1.38 G
2019-06-09 20:26:08,8.0,1.38 G
2019-06-09 20:26:10,7.0,1.38 G
2019-06-09 20:26:12,7.0,1.38 G
2019-06-09 20:26:14,6.0,1.38 G
2019-06-09 20:26:16,7.0,1.38 G
2019-06-09 20:26:18,7.0,1.38 G
2019-06-09 20:26:20,6.0,1.38 G
2019-06-09 20:26:22,8.0,1.38 G
2019-06-09 20:26:24,3.0,1.38 G
2019-06-09 20:26:26,8.0,1.38 G
2019-06-09 20:26:28,6.0,1.38 G
2019-06-09 20:26:30,4.0,1.38 G
2019-06-09 20:26:32,6.0,1.38 G
2019-06-09 20:26:34,6.0,1.38 G
2019-06-09 20:26:36,4.0,1.38 G
2019-06-09 20:26:38,6.0,1.38 G
2019-06-09 20:26:40,7.0,1.38 G
2019-06-09 20:26:42,7.0,1.38 G
2019-06-09 20:26:44,5.0,1.38 G
2019-06-09 20:26:46,5.0,1.38 G
2019-06-09 20:26:48,7.0,1.38 G
2019-06-09 20:26:50,5.0,1.38 G
2019-06-09 20:26:53,10.0,1.38 G
2019-06-09 20:26:55,8.0,1.38 G
2019-06-09 20:26:57,6.0,1.38 G
2019-06-09 20:26:59,7.0,1.38 G
2019-06-09 20:27:01,5.0,1.38 G
2019-06-09 20:27:03,8.0,1.38 G
2019-06-09 20:27:05,9.0,1.38 G
2019-06-09 20:27:07,7.0,1.38 G
2019-06-09 20:27:09,7.0,1.38 G
2019-06-09 20:27:11,6.0,1.38 G
2019-06-09 20:27:13,7.0,1.38 G
2019-06-09 20:27:15,7.0,1.38 G
2019-06-09 20:27:17,759.2,1.41 G
2019-06-09 20:27:19,756.4,1.40 G
2019-06-09 20:27:21,765.6,1.40 G
2019-06-09 20:27:23,760.6,1.39 G
2019-06-09 20:27:25,755.4,1.39 G
2019-06-09 20:27:27,176.8,1.38 G
2019-06-09 20:27:29,3.0,1.38 G
2019-06-09 20:27:31,3.0,1.38 G
2019-06-09 20:27:33,5.0,1.38 G
2019-06-09 20:27:35,5.0,1.38 G
2019-06-09 20:27:37,7.0,1.38 G
2019-06-09 20:27:39,4.0,1.38 G
2019-06-09 20:27:41,6.0,1.38 G
2019-06-09 20:27:43,6.0,1.38 G
2019-06-09 20:27:45,8.0,1.38 G
2019-06-09 20:27:47,61.9,1.38 G
2019-06-09 20:27:49,145.8,1.40 G
2019-06-09 20:27:51,156.8,1.41 G
2019-06-09 20:27:53,36.0,1.41 G
2019-06-09 20:27:55,48.9,1.43 G
2019-06-09 20:27:57,34.0,1.43 G
2019-06-09 20:27:59,60.9,1.41 G
2019-06-09 20:28:01,32.0,1.41 G
2019-06-09 20:28:03,41.9,1.43 G
2019-06-09 20:28:05,43.0,1.43 G
2019-06-09 20:28:07,39.0,1.43 G
2019-06-09 20:28:09,37.0,1.43 G
2019-06-09 20:28:11,62.0,1.52 G
2019-06-09 20:28:13,34.0,1.52 G
2019-06-09 20:28:15,30.0,1.52 G
2019-06-09 20:28:17,36.0,1.52 G
2019-06-09 20:28:19,27.0,1.52 G
2019-06-09 20:28:21,37.0,1.56 G
2019-06-09 20:28:23,37.0,1.56 G
2019-06-09 20:28:25,28.0,1.56 G
2019-06-09 20:28:27,26.0,1.56 G
2019-06-09 20:28:29,53.9,1.56 G
2019-06-09 20:28:31,27.0,1.56 G
2019-06-09 20:28:33,32.0,1.59 G
2019-06-09 20:28:35,40.0,1.59 G
2019-06-09 20:28:37,28.0,1.59 G
2019-06-09 20:28:39,25.0,1.59 G
2019-06-09 20:28:41,43.9,1.59 G
2019-06-09 20:28:43,57.9,1.63 G
2019-06-09 20:28:45,30.0,1.63 G
2019-06-09 20:28:47,30.0,1.63 G
2019-06-09 20:28:49,80.9,1.63 G
2019-06-09 20:28:51,31.0,1.63 G
2019-06-09 20:28:53,44.0,1.62 G
2019-06-09 20:28:55,41.9,1.63 G
2019-06-09 20:28:57,28.0,1.63 G
2019-06-09 20:28:59,12.0,1.63 G
2019-06-09 20:29:01,5.0,1.63 G
2019-06-09 20:29:03,6.0,1.63 G
2019-06-09 20:29:05,6.0,1.63 G
2019-06-09 20:29:07,9.0,1.63 G
2019-06-09 20:29:09,7.0,1.63 G
2019-06-09 20:29:11,15.0,1.63 G
2019-06-09 20:29:13,29.0,1.63 G
2019-06-09 20:29:15,44.9,1.66 G
2019-06-09 20:29:17,29.0,1.66 G
2019-06-09 20:29:19,26.0,1.66 G
2019-06-09 20:29:21,27.0,1.66 G
2019-06-09 20:29:23,26.0,1.66 G
2019-06-09 20:29:25,30.0,1.66 G
2019-06-09 20:29:27,48.0,1.66 G
2019-06-09 20:29:29,25.0,1.66 G
2019-06-09 20:29:31,29.0,1.66 G
2019-06-09 20:29:33,28.0,1.66 G
2019-06-09 20:29:36,29.0,1.66 G
2019-06-09 20:29:38,36.0,1.66 G
2019-06-09 20:29:40,24.0,1.68 G
2019-06-09 20:29:42,26.0,1.68 G
2019-06-09 20:29:44,24.0,1.68 G
2019-06-09 20:29:46,24.0,1.68 G
2019-06-09 20:29:48,29.0,1.68 G
2019-06-09 20:29:50,29.0,1.68 G
2019-06-09 20:29:52,55.9,1.68 G
2019-06-09 20:29:54,24.0,1.68 G
2019-06-09 20:29:56,25.0,1.68 G
2019-06-09 20:29:58,29.0,1.68 G
2019-06-09 20:30:00,26.0,1.68 G
2019-06-09 20:30:02,23.0,1.68 G
2019-06-09 20:30:04,26.0,1.68 G
2019-06-09 20:30:06,24.0,1.70 G
2019-06-09 20:30:08,27.0,1.70 G
2019-06-09 20:30:10,27.0,1.70 G
2019-06-09 20:30:12,25.0,1.70 G
2019-06-09 20:30:14,26.0,1.70 G
2019-06-09 20:30:16,27.0,1.70 G
2019-06-09 20:30:18,60.9,1.70 G
2019-06-09 20:30:20,27.0,1.70 G
2019-06-09 20:30:22,29.0,1.70 G
2019-06-09 20:30:24,25.0,1.70 G
2019-06-09 20:30:26,27.0,1.70 G
2019-06-09 20:30:28,25.0,1.70 G
2019-06-09 20:30:30,27.0,1.71 G
2019-06-09 20:30:32,24.0,1.71 G
2019-06-09 20:30:34,26.0,1.71 G
2019-06-09 20:30:36,28.0,1.71 G
2019-06-09 20:30:38,32.0,1.71 G
2019-06-09 20:30:40,25.0,1.71 G
2019-06-09 20:30:42,27.0,1.71 G
2019-06-09 20:30:44,31.0,1.71 G
2019-06-09 20:30:46,30.0,1.71 G
2019-06-09 20:30:48,26.0,1.71 G
2019-06-09 20:30:50,29.0,1.71 G
2019-06-09 20:30:52,56.9,1.72 G
2019-06-09 20:30:54,28.0,1.72 G
2019-06-09 20:30:56,29.0,1.72 G
2019-06-09 20:30:58,32.0,1.72 G
2019-06-09 20:31:00,30.0,1.72 G
2019-06-09 20:31:02,31.0,1.72 G
2019-06-09 20:31:04,47.9,1.72 G
2019-06-09 20:31:06,31.0,1.72 G
2019-06-09 20:31:08,30.0,1.72 G
2019-06-09 20:31:10,29.0,1.72 G
2019-06-09 20:31:12,31.0,1.72 G
2019-06-09 20:31:14,42.9,1.73 G
2019-06-09 20:31:16,30.0,1.73 G
2019-06-09 20:31:18,30.0,1.73 G
2019-06-09 20:31:20,30.0,1.73 G
2019-06-09 20:31:22,29.0,1.73 G
2019-06-09 20:31:24,31.0,1.73 G
2019-06-09 20:31:26,32.0,1.73 G
2019-06-09 20:31:28,33.0,1.73 G
2019-06-09 20:31:30,35.0,1.73 G
2019-06-09 20:31:32,37.0,1.73 G
2019-06-09 20:31:34,30.0,1.73 G
2019-06-09 20:31:36,37.0,1.73 G
2019-06-09 20:31:38,34.0,1.73 G
2019-06-09 20:31:40,38.0,1.74 G
2019-06-09 20:31:42,37.0,1.74 G
2019-06-09 20:31:44,32.0,1.74 G
2019-06-09 20:31:46,39.0,1.74 G
2019-06-09 20:31:48,31.0,1.74 G
2019-06-09 20:31:50,28.0,1.74 G
2019-06-09 20:31:52,27.0,1.74 G
2019-06-09 20:31:54,47.9,1.74 G
2019-06-09 20:31:56,39.0,1.74 G
2019-06-09 20:31:58,34.0,1.74 G
2019-06-09 20:32:00,41.9,1.74 G
2019-06-09 20:32:02,62.9,1.74 G
2019-06-09 20:32:04,28.0,1.74 G
2019-06-09 20:32:06,33.0,1.74 G
2019-06-09 20:32:08,36.0,1.74 G
2019-06-09 20:32:10,28.0,1.74 G
2019-06-09 20:32:12,9.0,1.74 G
2019-06-09 20:32:14,31.0,1.74 G
2019-06-09 20:32:16,27.0,1.74 G
2019-06-09 20:32:18,32.0,1.74 G
2019-06-09 20:32:20,38.0,1.74 G
2019-06-09 20:32:22,35.0,1.74 G
2019-06-09 20:32:24,49.9,1.74 G
2019-06-09 20:32:27,38.0,1.74 G
2019-06-09 20:32:29,27.0,1.74 G
2019-06-09 20:32:31,23.0,1.74 G
2019-06-09 20:32:33,28.0,1.74 G
2019-06-09 20:32:35,38.0,1.74 G
2019-06-09 20:32:37,37.0,1.74 G
2019-06-09 20:32:39,33.0,1.74 G
2019-06-09 20:32:41,33.0,1.74 G
2019-06-09 20:32:43,29.0,1.74 G
2019-06-09 20:32:45,737.5,1.76 G
2019-06-09 20:32:47,759.4,1.76 G
2019-06-09 20:32:49,766.5,1.76 G
2019-06-09 20:32:51,3.0,1.75 G
2019-06-09 20:32:53,7.0,1.75 G
2019-06-09 20:32:55,764.5,1.74 G
2019-06-09 20:32:57,757.2,1.72 G
2019-06-09 20:32:59,456.5,1.71 G
2019-06-09 20:33:01,3.0,1.71 G
2019-06-09 20:33:03,4.0,1.71 G
2019-06-09 20:33:05,8.0,1.71 G
2019-06-09 20:33:07,8.0,1.71 G
2019-06-09 20:33:09,9.0,1.71 G
2019-06-09 20:33:11,7.0,1.71 G
2019-06-09 20:33:13,9.0,1.71 G
2019-06-09 20:33:15,6.0,1.71 G
2019-06-09 20:33:17,9.0,1.71 G
2019-06-09 20:33:19,6.0,1.71 G
2019-06-09 20:33:21,9.0,1.71 G
2019-06-09 20:33:23,8.0,1.71 G
2019-06-09 20:33:25,8.0,1.71 G
2019-06-09 20:33:27,9.0,1.71 G
2019-06-09 20:33:29,9.0,1.71 G
2019-06-09 20:33:31,8.0,1.71 G
2019-06-09 20:33:33,8.0,1.71 G
2019-06-09 20:33:35,7.0,1.71 G
2019-06-09 20:33:37,8.0,1.71 G
2019-06-09 20:33:39,7.0,1.71 G
2019-06-09 20:33:41,731.5,1.74 G
2019-06-09 20:33:43,757.5,1.72 G
2019-06-09 20:33:45,757.5,1.70 G
2019-06-09 20:33:47,760.5,1.69 G
2019-06-09 20:33:49,764.6,1.68 G
2019-06-09 20:33:51,674.2,1.68 G
2019-06-09 20:33:53,6.0,1.68 G
2019-06-09 20:33:55,7.0,1.68 G
2019-06-09 20:33:57,8.0,1.68 G
2019-06-09 20:33:59,107.0,1.70 G
2019-06-09 20:34:01,760.3,1.68 G
2019-06-09 20:34:03,756.4,1.68 G
2019-06-09 20:34:05,431.5,1.68 G
2019-06-09 20:34:07,5.0,1.68 G
2019-06-09 20:34:09,5.0,1.68 G
2019-06-09 20:34:11,5.0,1.68 G
2019-06-09 20:34:13,3.0,1.68 G
2019-06-09 20:34:15,6.0,1.68 G
2019-06-09 20:34:17,4.0,1.68 G
2019-06-09 20:34:19,4.0,1.68 G
2019-06-09 20:34:21,4.0,1.68 G
2019-06-09 20:34:23,3.0,1.68 G
2019-06-09 20:34:25,3.0,1.68 G
2019-06-09 20:34:27,5.0,1.68 G
2019-06-09 20:34:29,5.0,1.68 G
2019-06-09 20:34:31,6.0,1.68 G
2019-06-09 20:34:33,4.0,1.68 G
2019-06-09 20:34:35,3.0,1.68 G
2019-06-09 20:34:37,2.0,1.68 G
2019-06-09 20:34:39,3.0,1.68 G
2019-06-09 20:34:41,4.0,1.68 G
2019-06-09 20:34:43,6.0,1.68 G
2019-06-09 20:34:45,8.0,1.68 G
2019-06-09 20:34:47,10.0,1.68 G
2019-06-09 20:34:49,8.0,1.68 G
2019-06-09 20:34:51,5.0,1.68 G
2019-06-09 20:34:53,7.0,1.68 G
2019-06-09 20:34:55,7.0,1.68 G
2019-06-09 20:34:57,5.0,1.68 G
2019-06-09 20:34:59,8.0,1.68 G
2019-06-09 20:35:01,5.0,1.68 G
2019-06-09 20:35:03,8.0,1.68 G
2019-06-09 20:35:05,4.0,1.68 G
2019-06-09 20:35:07,8.0,1.68 G
2019-06-09 20:35:09,9.0,1.68 G
2019-06-09 20:35:11,10.0,1.68 G
2019-06-09 20:35:14,6.0,1.68 G
2019-06-09 20:35:16,6.0,1.68 G
2019-06-09 20:35:18,4.0,1.68 G
2019-06-09 20:35:20,8.0,1.68 G
2019-06-09 20:35:22,5.0,1.68 G
2019-06-09 20:35:24,5.0,1.68 G
2019-06-09 20:35:26,8.0,1.68 G
2019-06-09 20:35:28,8.0,1.68 G
2019-06-09 20:35:30,8.0,1.68 G
2019-06-09 20:35:32,6.0,1.68 G
2019-06-09 20:35:34,8.0,1.68 G
2019-06-09 20:35:36,8.0,1.68 G
2019-06-09 20:35:38,5.0,1.68 G
2019-06-09 20:35:40,3.0,1.69 G
2019-06-09 20:35:42,3.0,1.69 G
2019-06-09 20:35:44,4.0,1.69 G
2019-06-09 20:35:46,3.0,1.70 G
2019-06-09 20:35:48,3.0,1.70 G
2019-06-09 20:35:50,8.0,1.70 G
2019-06-09 20:35:52,31.0,1.71 G
2019-06-09 20:35:54,21.0,1.72 G
2019-06-09 20:35:56,25.0,1.73 G
2019-06-09 20:35:58,27.0,1.73 G
2019-06-09 20:36:00,282.9,1.74 G
2019-06-09 20:36:02,765.6,1.72 G
2019-06-09 20:36:04,765.6,1.70 G
2019-06-09 20:36:06,766.5,1.69 G
2019-06-09 20:36:08,767.5,1.69 G
2019-06-09 20:36:10,767.5,1.69 G
2019-06-09 20:36:12,7.0,1.67 G
2019-06-09 20:36:14,6.0,1.67 G
2019-06-09 20:36:16,7.0,1.67 G
2019-06-09 20:36:18,7.0,1.67 G
2019-06-09 20:36:20,7.0,1.67 G
2019-06-09 20:36:22,6.0,1.67 G
2019-06-09 20:36:24,7.0,1.67 G
2019-06-09 20:36:26,6.0,1.67 G
2019-06-09 20:36:28,8.0,1.67 G
2019-06-09 20:36:30,8.0,1.67 G
2019-06-09 20:36:32,8.0,1.67 G
2019-06-09 20:36:34,9.0,1.67 G
2019-06-09 20:36:36,7.0,1.67 G
2019-06-09 20:36:38,7.0,1.67 G
2019-06-09 20:36:40,8.0,1.67 G
2019-06-09 20:36:42,4.0,1.67 G
2019-06-09 20:36:44,8.0,1.67 G
2019-06-09 20:36:46,7.0,1.67 G
2019-06-09 20:36:48,8.0,1.67 G
2019-06-09 20:36:50,8.0,1.67 G
2019-06-09 20:36:52,7.0,1.67 G
2019-06-09 20:36:54,7.0,1.67 G
2019-06-09 20:36:56,6.0,1.67 G
2019-06-09 20:36:58,7.0,1.67 G
2019-06-09 20:37:00,8.0,1.67 G
2019-06-09 20:37:02,8.0,1.67 G
2019-06-09 20:37:04,9.0,1.67 G
2019-06-09 20:37:06,7.0,1.67 G
2019-06-09 20:37:08,4.0,1.67 G
2019-06-09 20:37:10,6.0,1.67 G
2019-06-09 20:37:12,7.0,1.67 G
2019-06-09 20:37:14,8.0,1.67 G
2019-06-09 20:37:16,4.0,1.67 G
2019-06-09 20:37:18,6.0,1.67 G
2019-06-09 20:37:20,5.0,1.67 G
2019-06-09 20:37:22,5.0,1.67 G
2019-06-09 20:37:24,9.0,1.67 G
2019-06-09 20:37:26,9.0,1.67 G
2019-06-09 20:37:28,9.0,1.67 G
2019-06-09 20:37:30,9.0,1.67 G
2019-06-09 20:37:32,7.0,1.67 G
2019-06-09 20:37:34,4.0,1.67 G
2019-06-09 20:37:36,6.0,1.67 G
2019-06-09 20:37:38,5.0,1.67 G
2019-06-09 20:37:40,5.0,1.67 G
2019-06-09 20:37:42,2.0,1.67 G
2019-06-09 20:37:44,5.0,1.67 G
2019-06-09 20:37:46,8.0,1.67 G
2019-06-09 20:37:48,9.0,1.67 G
2019-06-09 20:37:50,7.0,1.67 G
2019-06-09 20:37:52,4.0,1.67 G
2019-06-09 20:37:54,8.0,1.67 G
2019-06-09 20:37:56,5.0,1.67 G
2019-06-09 20:37:58,4.0,1.67 G
2019-06-09 20:38:00,4.0,1.67 G
2019-06-09 20:38:02,6.0,1.67 G
2019-06-09 20:38:05,6.0,1.67 G
2019-06-09 20:38:07,6.0,1.67 G
2019-06-09 20:38:09,6.0,1.67 G
2019-06-09 20:38:11,7.0,1.67 G
2019-06-09 20:38:13,6.0,1.67 G
2019-06-09 20:38:15,6.0,1.67 G
2019-06-09 20:38:17,8.0,1.67 G
2019-06-09 20:38:19,8.0,1.67 G
2019-06-09 20:38:21,7.0,1.67 G
2019-06-09 20:38:23,9.0,1.67 G
2019-06-09 20:38:25,9.0,1.67 G
2019-06-09 20:38:27,8.0,1.67 G
2019-06-09 20:38:29,7.0,1.67 G
2019-06-09 20:38:31,8.0,1.67 G
2019-06-09 20:38:33,8.0,1.67 G
2019-06-09 20:38:35,7.0,1.67 G
2019-06-09 20:38:37,6.0,1.67 G
2019-06-09 20:38:39,4.0,1.67 G
2019-06-09 20:38:41,9.0,1.67 G
2019-06-09 20:38:43,7.0,1.67 G
2019-06-09 20:38:45,6.0,1.67 G
2019-06-09 20:38:47,6.0,1.67 G
2019-06-09 20:38:49,6.0,1.67 G
2019-06-09 20:38:51,6.0,1.67 G
2019-06-09 20:38:53,6.0,1.67 G
2019-06-09 20:38:55,9.0,1.67 G
2019-06-09 20:38:57,5.0,1.67 G
2019-06-09 20:38:59,52.0,1.67 G
2019-06-09 20:39:01,41.0,1.67 G
2019-06-09 20:39:03,42.0,1.67 G
2019-06-09 20:39:05,80.9,1.67 G
2019-06-09 20:39:07,46.0,1.67 G
2019-06-09 20:39:09,40.0,1.67 G
2019-06-09 20:39:11,34.0,1.67 G
2019-06-09 20:39:13,45.0,1.67 G
2019-06-09 20:39:15,48.0,1.67 G
2019-06-09 20:39:17,45.9,1.67 G
2019-06-09 20:39:19,63.9,1.72 G
2019-06-09 20:39:21,44.0,1.72 G
2019-06-09 20:39:23,43.0,1.72 G
2019-06-09 20:39:25,44.9,1.72 G
2019-06-09 20:39:27,53.9,1.74 G
2019-06-09 20:39:29,50.9,1.74 G
2019-06-09 20:39:31,50.0,1.74 G
2019-06-09 20:39:33,63.9,1.77 G
2019-06-09 20:39:35,52.0,1.77 G
2019-06-09 20:39:37,44.9,1.77 G
2019-06-09 20:39:39,40.0,1.77 G
2019-06-09 20:39:41,54.0,1.77 G
2019-06-09 20:39:43,55.9,1.77 G
2019-06-09 20:39:45,43.0,1.77 G
2019-06-09 20:39:47,55.9,1.77 G
2019-06-09 20:39:49,51.0,1.79 G
2019-06-09 20:39:51,55.0,1.79 G
2019-06-09 20:39:53,41.0,1.79 G
2019-06-09 20:39:55,65.9,1.79 G
2019-06-09 20:39:57,36.0,1.79 G
2019-06-09 20:39:59,44.0,1.79 G
2019-06-09 20:40:01,37.0,1.79 G
2019-06-09 20:40:03,32.0,1.81 G
2019-06-09 20:40:05,17.0,1.81 G
2019-06-09 20:40:07,31.0,1.81 G
2019-06-09 20:40:09,54.9,1.81 G
2019-06-09 20:40:11,53.9,1.81 G
2019-06-09 20:40:13,69.0,1.81 G
2019-06-09 20:40:15,42.0,1.81 G
2019-06-09 20:40:17,42.9,1.81 G
2019-06-09 20:40:19,48.0,1.81 G
2019-06-09 20:40:21,45.9,1.82 G
2019-06-09 20:40:23,41.0,1.82 G
2019-06-09 20:40:25,40.0,1.82 G
2019-06-09 20:40:27,64.9,1.82 G
2019-06-09 20:40:29,43.0,1.82 G
2019-06-09 20:40:31,46.9,1.82 G
2019-06-09 20:40:33,45.0,1.82 G
2019-06-09 20:40:35,54.0,1.83 G
2019-06-09 20:40:37,36.0,1.83 G
2019-06-09 20:40:39,33.0,1.83 G
2019-06-09 20:40:41,51.9,1.83 G
2019-06-09 20:40:43,52.0,1.83 G
2019-06-09 20:40:45,54.9,1.83 G
2019-06-09 20:40:47,52.9,1.83 G
2019-06-09 20:40:49,53.0,1.83 G
2019-06-09 20:40:51,50.9,1.84 G
2019-06-09 20:40:53,38.0,1.84 G
2019-06-09 20:40:55,40.0,1.84 G
2019-06-09 20:40:57,60.0,1.85 G
2019-06-09 20:40:59,53.9,1.85 G
2019-06-09 20:41:01,41.0,1.85 G
2019-06-09 20:41:03,40.0,1.85 G
2019-06-09 20:41:05,61.0,1.86 G
2019-06-09 20:41:07,52.9,1.86 G
2019-06-09 20:41:09,42.0,1.86 G
2019-06-09 20:41:11,237.9,1.86 G
2019-06-09 20:41:14,764.6,1.86 G
2019-06-09 20:41:16,760.5,1.86 G
2019-06-09 20:41:18,766.4,1.85 G
2019-06-09 20:41:20,2.0,1.85 G
2019-06-09 20:41:22,2.0,1.85 G
2019-06-09 20:41:24,3.0,1.85 G
2019-06-09 20:41:26,5.0,1.85 G
2019-06-09 20:41:28,3.0,1.85 G
2019-06-09 20:41:30,3.0,1.85 G
2019-06-09 20:41:32,2.0,1.85 G
2019-06-09 20:41:34,1.0,1.85 G
2019-06-09 20:41:36,3.0,1.85 G
2019-06-09 20:41:38,3.0,1.85 G
2019-06-09 20:41:40,1.0,1.85 G
2019-06-09 20:41:42,3.0,1.85 G
2019-06-09 20:41:44,4.0,1.85 G
2019-06-09 20:41:46,5.0,1.85 G
2019-06-09 20:41:48,5.0,1.85 G
2019-06-09 20:41:50,4.0,1.85 G
2019-06-09 20:41:52,6.0,1.85 G
2019-06-09 20:41:54,7.0,1.85 G
2019-06-09 20:41:56,8.0,1.85 G
2019-06-09 20:41:58,8.0,1.85 G
2019-06-09 20:42:00,7.0,1.85 G
2019-06-09 20:42:02,8.0,1.85 G
2019-06-09 20:42:04,5.0,1.85 G
2019-06-09 20:42:06,4.0,1.85 G
2019-06-09 20:42:08,5.0,1.85 G
2019-06-09 20:42:10,6.0,1.85 G
2019-06-09 20:42:12,7.0,1.85 G
2019-06-09 20:42:14,7.0,1.85 G
2019-06-09 20:42:16,5.0,1.85 G
2019-06-09 20:42:18,7.0,1.85 G
2019-06-09 20:42:20,7.0,1.85 G
2019-06-09 20:42:22,6.0,1.85 G
2019-06-09 20:42:24,7.0,1.85 G
2019-06-09 20:42:26,6.0,1.85 G
2019-06-09 20:42:28,5.0,1.85 G
2019-06-09 20:42:30,5.0,1.85 G
2019-06-09 20:42:32,6.0,1.85 G
2019-06-09 20:42:34,8.0,1.85 G
2019-06-09 20:42:36,5.0,1.85 G
2019-06-09 20:42:38,5.0,1.85 G
2019-06-09 20:42:40,5.0,1.85 G
2019-06-09 20:42:42,4.0,1.85 G
2019-06-09 20:42:44,3.0,1.85 G
2019-06-09 20:42:46,3.0,1.85 G
2019-06-09 20:42:48,4.0,1.85 G
2019-06-09 20:42:50,3.0,1.85 G
2019-06-09 20:42:52,4.0,1.85 G
2019-06-09 20:42:54,4.0,1.85 G
2019-06-09 20:42:56,4.0,1.85 G
2019-06-09 20:42:58,5.0,1.85 G
2019-06-09 20:43:00,1.0,1.85 G
2019-06-09 20:43:02,1.0,1.85 G
2019-06-09 20:43:04,4.0,1.85 G
2019-06-09 20:43:06,5.0,1.85 G
2019-06-09 20:43:08,3.0,1.85 G
2019-06-09 20:43:10,5.0,1.85 G
2019-06-09 20:43:12,5.0,1.85 G
2019-06-09 20:43:14,5.0,1.85 G
2019-06-09 20:43:16,3.0,1.85 G
2019-06-09 20:43:18,3.0,1.85 G
2019-06-09 20:43:20,5.0,1.85 G
2019-06-09 20:43:22,4.0,1.85 G
2019-06-09 20:43:24,5.0,1.85 G
2019-06-09 20:43:26,4.0,1.85 G
2019-06-09 20:43:28,4.0,1.85 G
2019-06-09 20:43:30,7.0,1.85 G
2019-06-09 20:43:32,7.0,1.85 G
2019-06-09 20:43:34,7.0,1.85 G
2019-06-09 20:43:36,4.0,1.85 G
2019-06-09 20:43:38,7.0,1.85 G
2019-06-09 20:43:40,8.0,1.85 G
2019-06-09 20:43:42,4.0,1.85 G
2019-06-09 20:43:44,7.0,1.85 G
2019-06-09 20:43:46,9.0,1.85 G
2019-06-09 20:43:48,7.0,1.85 G
2019-06-09 20:43:50,7.0,1.85 G
2019-06-09 20:43:52,5.0,1.85 G
2019-06-09 20:43:54,8.0,1.85 G
2019-06-09 20:43:56,4.0,1.85 G
2019-06-09 20:43:58,8.0,1.85 G
2019-06-09 20:44:00,8.0,1.85 G
2019-06-09 20:44:03,7.0,1.85 G
2019-06-09 20:44:05,8.0,1.85 G
2019-06-09 20:44:07,7.0,1.85 G
2019-06-09 20:44:09,4.0,1.85 G
2019-06-09 20:44:11,5.0,1.85 G
2019-06-09 20:44:13,5.0,1.85 G
2019-06-09 20:44:15,9.0,1.85 G
2019-06-09 20:44:17,7.0,1.85 G
2019-06-09 20:44:19,8.0,1.85 G
2019-06-09 20:44:21,6.0,1.85 G
2019-06-09 20:44:23,8.0,1.85 G
2019-06-09 20:44:25,5.0,1.85 G
2019-06-09 20:44:27,8.0,1.85 G
2019-06-09 20:44:29,9.0,1.85 G
2019-06-09 20:44:31,7.0,1.85 G
2019-06-09 20:44:33,7.0,1.85 G
2019-06-09 20:44:35,246.0,1.87 G
2019-06-09 20:44:37,757.4,1.84 G
2019-06-09 20:44:39,757.4,1.80 G
2019-06-09 20:44:41,762.5,1.78 G
2019-06-09 20:44:43,765.5,1.76 G
2019-06-09 20:44:45,757.5,1.75 G
2019-06-09 20:44:47,6.0,1.73 G
2019-06-09 20:44:49,2.0,1.73 G
2019-06-09 20:44:51,6.0,1.73 G
2019-06-09 20:44:53,7.0,1.73 G
2019-06-09 20:44:55,7.0,1.73 G
2019-06-09 20:44:57,763.5,1.74 G
2019-06-09 20:44:59,756.5,1.73 G
2019-06-09 20:45:01,690.5,1.72 G
2019-06-09 20:45:03,6.0,1.72 G
2019-06-09 20:45:05,6.0,1.72 G
2019-06-09 20:45:07,7.0,1.72 G
2019-06-09 20:45:09,7.0,1.72 G
2019-06-09 20:45:11,5.0,1.72 G
2019-06-09 20:45:13,6.0,1.72 G
2019-06-09 20:45:15,131.9,1.74 G
2019-06-09 20:45:17,755.5,1.74 G
2019-06-09 20:45:19,754.5,1.74 G
2019-06-09 20:45:21,211.9,1.72 G
2019-06-09 20:45:23,2.0,1.72 G
2019-06-09 20:45:25,4.0,1.72 G
2019-06-09 20:45:27,5.0,1.72 G
2019-06-09 20:45:29,4.0,1.72 G
2019-06-09 20:45:31,7.0,1.72 G
2019-06-09 20:45:33,8.0,1.72 G
2019-06-09 20:45:35,8.0,1.72 G
2019-06-09 20:45:37,7.0,1.72 G
2019-06-09 20:45:39,9.0,1.72 G
2019-06-09 20:45:41,8.0,1.72 G
2019-06-09 20:45:43,9.0,1.72 G
2019-06-09 20:45:45,8.0,1.72 G
2019-06-09 20:45:47,8.0,1.72 G
2019-06-09 20:45:49,9.0,1.72 G
2019-06-09 20:45:51,7.0,1.72 G
2019-06-09 20:45:53,8.0,1.72 G
2019-06-09 20:45:55,9.0,1.72 G
2019-06-09 20:45:57,7.0,1.72 G
2019-06-09 20:45:59,9.0,1.72 G
2019-06-09 20:46:01,8.0,1.72 G
2019-06-09 20:46:03,11.0,1.72 G
2019-06-09 20:46:05,8.0,1.72 G
2019-06-09 20:46:07,7.0,1.72 G
2019-06-09 20:46:09,7.0,1.72 G
2019-06-09 20:46:11,9.0,1.72 G
2019-06-09 20:46:13,6.0,1.72 G
2019-06-09 20:46:15,7.0,1.72 G
2019-06-09 20:46:17,6.0,1.72 G
2019-06-09 20:46:19,9.0,1.72 G
2019-06-09 20:46:21,8.0,1.72 G
2019-06-09 20:46:23,7.0,1.72 G
2019-06-09 20:46:25,8.0,1.72 G
2019-06-09 20:46:27,8.0,1.72 G
2019-06-09 20:46:29,4.0,1.72 G
2019-06-09 20:46:31,8.0,1.72 G
2019-06-09 20:46:33,6.0,1.72 G
2019-06-09 20:46:35,8.0,1.72 G
2019-06-09 20:46:37,8.0,1.72 G
2019-06-09 20:46:39,40.0,1.75 G
2019-06-09 20:46:41,764.2,1.75 G
2019-06-09 20:46:43,756.6,1.74 G
2019-06-09 20:46:45,756.5,1.74 G
2019-06-09 20:46:47,766.6,1.73 G
2019-06-09 20:46:49,745.2,1.72 G
2019-06-09 20:46:51,5.0,1.72 G
2019-06-09 20:46:54,1.0,1.72 G
2019-06-09 20:46:56,2.0,1.72 G
2019-06-09 20:46:58,2.0,1.72 G
2019-06-09 20:47:00,2.0,1.72 G
2019-06-09 20:47:02,2.0,1.72 G
2019-06-09 20:47:04,3.0,1.72 G
2019-06-09 20:47:06,3.0,1.72 G
2019-06-09 20:47:08,2.0,1.72 G
2019-06-09 20:47:10,1.0,1.72 G
2019-06-09 20:47:12,2.0,1.72 G
2019-06-09 20:47:14,2.0,1.72 G
2019-06-09 20:47:16,2.0,1.72 G
2019-06-09 20:47:18,5.0,1.72 G
2019-06-09 20:47:20,3.0,1.72 G
2019-06-09 20:47:22,1.0,1.72 G
2019-06-09 20:47:24,2.0,1.72 G
2019-06-09 20:47:26,2.0,1.72 G
2019-06-09 20:47:28,1.0,1.72 G
2019-06-09 20:47:30,2.0,1.72 G
2019-06-09 20:47:32,1.0,1.72 G
2019-06-09 20:47:34,2.0,1.72 G
2019-06-09 20:47:36,2.0,1.72 G
2019-06-09 20:47:38,2.0,1.72 G
2019-06-09 20:47:40,2.0,1.72 G
2019-06-09 20:47:42,1.0,1.72 G
2019-06-09 20:47:44,1.0,1.72 G
2019-06-09 20:47:46,1.0,1.72 G
2019-06-09 20:47:48,1.0,1.72 G
2019-06-09 20:47:50,2.0,1.72 G
2019-06-09 20:47:52,1.0,1.72 G
2019-06-09 20:47:54,1.0,1.72 G
2019-06-09 20:47:56,2.0,1.72 G
2019-06-09 20:47:58,2.0,1.72 G
2019-06-09 20:48:00,1.0,1.72 G
2019-06-09 20:48:02,3.0,1.72 G
2019-06-09 20:48:04,3.0,1.72 G
2019-06-09 20:48:06,4.0,1.72 G
2019-06-09 20:48:08,3.0,1.72 G
2019-06-09 20:48:10,2.0,1.72 G
2019-06-09 20:48:12,4.0,1.72 G
2019-06-09 20:48:14,2.0,1.72 G
2019-06-09 20:48:16,2.0,1.72 G
2019-06-09 20:48:18,2.0,1.72 G
2019-06-09 20:48:20,4.0,1.72 G
2019-06-09 20:48:22,2.0,1.72 G
2019-06-09 20:48:24,3.0,1.72 G
2019-06-09 20:48:26,3.0,1.72 G
2019-06-09 20:48:28,4.0,1.72 G
2019-06-09 20:48:30,1.0,1.72 G
2019-06-09 20:48:32,2.0,1.72 G
2019-06-09 20:48:34,3.0,1.72 G
2019-06-09 20:48:36,2.0,1.72 G
2019-06-09 20:48:38,2.0,1.72 G
2019-06-09 20:48:40,3.0,1.72 G
2019-06-09 20:48:42,4.0,1.72 G
2019-06-09 20:48:44,3.0,1.72 G
2019-06-09 20:48:46,2.0,1.72 G
2019-06-09 20:48:48,2.0,1.72 G
2019-06-09 20:48:50,4.0,1.72 G
2019-06-09 20:48:52,3.0,1.72 G
2019-06-09 20:48:54,3.0,1.72 G
2019-06-09 20:48:56,3.0,1.72 G
2019-06-09 20:48:58,3.0,1.72 G
2019-06-09 20:49:00,1.0,1.72 G
2019-06-09 20:49:02,2.0,1.72 G
2019-06-09 20:49:04,139.9,1.73 G
2019-06-09 20:49:06,755.2,1.73 G
2019-06-09 20:49:08,764.5,1.73 G
2019-06-09 20:49:10,763.7,1.73 G
2019-06-09 20:49:12,758.4,1.73 G
2019-06-09 20:49:14,759.2,1.73 G
2019-06-09 20:49:16,2.0,1.72 G
2019-06-09 20:49:18,2.0,1.72 G
2019-06-09 20:49:20,2.0,1.72 G
2019-06-09 20:49:22,2.0,1.72 G
2019-06-09 20:49:24,2.0,1.72 G
2019-06-09 20:49:26,3.0,1.72 G
2019-06-09 20:49:28,2.0,1.72 G
2019-06-09 20:49:30,4.0,1.72 G
2019-06-09 20:49:32,2.0,1.72 G
2019-06-09 20:49:34,4.0,1.72 G
2019-06-09 20:49:36,3.0,1.72 G
2019-06-09 20:49:38,4.0,1.72 G
2019-06-09 20:49:40,5.0,1.72 G
2019-06-09 20:49:43,4.0,1.72 G
2019-06-09 20:49:45,3.0,1.72 G
2019-06-09 20:49:47,5.0,1.72 G
2019-06-09 20:49:49,4.0,1.72 G
2019-06-09 20:49:51,2.0,1.72 G
2019-06-09 20:49:53,3.0,1.72 G
2019-06-09 20:49:55,5.0,1.72 G
2019-06-09 20:49:57,3.0,1.72 G
2019-06-09 20:49:59,3.0,1.72 G
2019-06-09 20:50:01,3.0,1.72 G
2019-06-09 20:50:03,3.0,1.72 G
2019-06-09 20:50:05,448.7,1.77 G
2019-06-09 20:50:07,763.6,1.77 G
2019-06-09 20:50:09,763.2,1.77 G
2019-06-09 20:50:11,1.0,1.76 G
2019-06-09 20:50:13,4.0,1.76 G
2019-06-09 20:50:15,2.0,1.76 G
2019-06-09 20:50:17,3.0,1.76 G
2019-06-09 20:50:19,5.0,1.76 G
2019-06-09 20:50:21,6.0,1.76 G
2019-06-09 20:50:23,5.0,1.76 G
2019-06-09 20:50:25,3.0,1.76 G
2019-06-09 20:50:27,3.0,1.76 G
2019-06-09 20:50:29,3.0,1.76 G
2019-06-09 20:50:31,4.0,1.76 G
2019-06-09 20:50:33,4.0,1.76 G
2019-06-09 20:50:35,6.0,1.76 G
2019-06-09 20:50:37,4.0,1.76 G
2019-06-09 20:50:39,7.0,1.76 G
2019-06-09 20:50:41,6.0,1.76 G
2019-06-09 20:50:43,6.0,1.76 G
2019-06-09 20:50:45,4.0,1.76 G
2019-06-09 20:50:47,3.0,1.76 G
2019-06-09 20:50:49,4.0,1.76 G
2019-06-09 20:50:51,3.0,1.76 G
2019-06-09 20:50:53,4.0,1.76 G
2019-06-09 20:50:55,7.0,1.76 G
2019-06-09 20:50:57,8.0,1.76 G
2019-06-09 20:50:59,7.0,1.76 G
2019-06-09 20:51:01,8.0,1.76 G
2019-06-09 20:51:03,8.0,1.76 G
2019-06-09 20:51:05,7.0,1.76 G
2019-06-09 20:51:07,5.0,1.76 G
2019-06-09 20:51:09,4.0,1.76 G
2019-06-09 20:51:11,7.0,1.76 G
2019-06-09 20:51:13,6.0,1.76 G
2019-06-09 20:51:15,6.0,1.76 G
2019-06-09 20:51:17,6.0,1.76 G
2019-06-09 20:51:19,6.0,1.76 G
2019-06-09 20:51:21,6.0,1.76 G
2019-06-09 20:51:23,9.0,1.76 G
2019-06-09 20:51:25,9.0,1.76 G
2019-06-09 20:51:27,5.0,1.76 G
2019-06-09 20:51:29,8.0,1.76 G
2019-06-09 20:51:31,5.0,1.76 G
2019-06-09 20:51:33,6.0,1.76 G
2019-06-09 20:51:35,6.0,1.76 G
2019-06-09 20:51:37,9.0,1.76 G
2019-06-09 20:51:39,10.0,1.76 G
2019-06-09 20:51:41,8.0,1.76 G
2019-06-09 20:51:43,8.0,1.76 G
2019-06-09 20:51:45,6.0,1.76 G
2019-06-09 20:51:47,10.0,1.76 G
2019-06-09 20:51:49,6.0,1.76 G
2019-06-09 20:51:51,8.0,1.76 G
2019-06-09 20:51:53,8.0,1.76 G
2019-06-09 20:51:55,8.0,1.76 G
2019-06-09 20:51:57,9.0,1.76 G
2019-06-09 20:51:59,8.0,1.76 G
2019-06-09 20:52:01,2.0,1.76 G
2019-06-09 20:52:03,2.0,1.76 G
2019-06-09 20:52:05,2.0,1.76 G
2019-06-09 20:52:07,2.0,1.76 G
2019-06-09 20:52:09,2.0,1.76 G
2019-06-09 20:52:11,3.0,1.76 G
2019-06-09 20:52:13,3.0,1.76 G
2019-06-09 20:52:15,3.0,1.76 G
2019-06-09 20:52:17,3.0,1.76 G
2019-06-09 20:52:19,3.0,1.76 G
2019-06-09 20:52:21,4.0,1.76 G
2019-06-09 20:52:23,3.0,1.76 G
2019-06-09 20:52:25,2.0,1.76 G
2019-06-09 20:52:27,5.0,1.76 G
2019-06-09 20:52:29,9.0,1.76 G
2019-06-09 20:52:31,8.0,1.76 G
2019-06-09 20:52:33,4.0,1.76 G
2019-06-09 20:52:36,5.0,1.76 G
2019-06-09 20:52:38,7.0,1.76 G
2019-06-09 20:52:40,7.0,1.76 G
2019-06-09 20:52:42,5.0,1.76 G
2019-06-09 20:52:44,4.0,1.76 G
2019-06-09 20:52:46,7.0,1.76 G
2019-06-09 20:52:48,6.0,1.76 G
2019-06-09 20:52:50,5.0,1.76 G
2019-06-09 20:52:52,6.0,1.76 G
2019-06-09 20:52:54,5.0,1.76 G
2019-06-09 20:52:56,3.0,1.76 G
2019-06-09 20:52:58,4.0,1.76 G
2019-06-09 20:53:00,4.0,1.76 G
2019-06-09 20:53:02,3.0,1.76 G
2019-06-09 20:53:04,4.0,1.76 G
2019-06-09 20:53:06,4.0,1.76 G
2019-06-09 20:53:08,7.0,1.76 G
2019-06-09 20:53:10,6.0,1.76 G
2019-06-09 20:53:12,7.0,1.76 G
2019-06-09 20:53:14,4.0,1.76 G
2019-06-09 20:53:16,4.0,1.76 G
2019-06-09 20:53:18,7.0,1.76 G
2019-06-09 20:53:20,7.0,1.76 G
2019-06-09 20:53:22,5.0,1.76 G
2019-06-09 20:53:24,4.0,1.76 G
2019-06-09 20:53:26,8.0,1.76 G
2019-06-09 20:53:28,8.0,1.76 G
2019-06-09 20:53:30,7.0,1.76 G
2019-06-09 20:53:32,19.0,1.76 G
2019-06-09 20:53:34,3.0,1.77 G
2019-06-09 20:53:36,4.0,1.77 G
2019-06-09 20:53:38,3.0,1.77 G
2019-06-09 20:53:40,1.0,1.77 G
2019-06-09 20:53:42,2.0,1.77 G
2019-06-09 20:53:44,2.0,1.77 G
2019-06-09 20:53:46,2.0,1.77 G
2019-06-09 20:53:48,1.0,1.77 G
2019-06-09 20:53:50,3.0,1.77 G
2019-06-09 20:53:52,2.0,1.77 G
2019-06-09 20:53:54,1.0,1.77 G
2019-06-09 20:53:56,2.0,1.77 G
2019-06-09 20:53:58,2.0,1.78 G
2019-06-09 20:54:00,2.0,1.78 G
2019-06-09 20:54:02,4.0,1.78 G
2019-06-09 20:54:04,2.0,1.78 G
2019-06-09 20:54:06,3.0,1.78 G
2019-06-09 20:54:08,2.0,1.78 G
2019-06-09 20:54:10,4.0,1.78 G
2019-06-09 20:54:12,2.0,1.78 G
2019-06-09 20:54:14,3.0,1.78 G
2019-06-09 20:54:16,764.5,1.75 G
2019-06-09 20:54:18,767.8,1.75 G
2019-06-09 20:54:20,757.5,1.74 G
2019-06-09 20:54:22,757.5,1.74 G
2019-06-09 20:54:24,758.5,1.74 G
2019-06-09 20:54:26,2.0,1.73 G
2019-06-09 20:54:28,1.0,1.73 G
2019-06-09 20:54:30,1.0,1.73 G
2019-06-09 20:54:32,8.0,1.73 G
2019-06-09 20:54:34,9.0,1.73 G
2019-06-09 20:54:36,4.0,1.73 G
2019-06-09 20:54:38,8.0,1.73 G
2019-06-09 20:54:40,10.0,1.73 G
2019-06-09 20:54:42,9.0,1.73 G
2019-06-09 20:54:44,9.0,1.73 G
2019-06-09 20:54:46,4.0,1.73 G
2019-06-09 20:54:48,4.0,1.73 G
2019-06-09 20:54:50,4.0,1.73 G
2019-06-09 20:54:52,9.0,1.73 G
2019-06-09 20:54:54,10.0,1.73 G
2019-06-09 20:54:56,7.0,1.73 G
2019-06-09 20:54:58,8.0,1.73 G
2019-06-09 20:55:00,7.0,1.73 G
2019-06-09 20:55:02,8.0,1.73 G
2019-06-09 20:55:04,6.0,1.73 G
2019-06-09 20:55:06,10.0,1.73 G
2019-06-09 20:55:08,9.0,1.73 G
2019-06-09 20:55:10,8.0,1.73 G
2019-06-09 20:55:12,7.0,1.73 G
2019-06-09 20:55:14,9.0,1.73 G
2019-06-09 20:55:16,9.0,1.73 G
2019-06-09 20:55:18,9.0,1.73 G
2019-06-09 20:55:21,10.0,1.73 G
2019-06-09 20:55:23,9.0,1.73 G
2019-06-09 20:55:25,6.0,1.73 G
2019-06-09 20:55:27,5.0,1.73 G
2019-06-09 20:55:29,9.0,1.73 G
2019-06-09 20:55:31,9.0,1.73 G
2019-06-09 20:55:33,10.0,1.73 G
2019-06-09 20:55:35,4.0,1.73 G
2019-06-09 20:55:37,5.0,1.73 G
2019-06-09 20:55:39,10.0,1.73 G
2019-06-09 20:55:41,9.0,1.73 G
2019-06-09 20:55:43,8.0,1.73 G
2019-06-09 20:55:45,9.0,1.73 G
2019-06-09 20:55:47,8.0,1.73 G
2019-06-09 20:55:49,10.0,1.73 G
2019-06-09 20:55:51,10.0,1.73 G
2019-06-09 20:55:53,6.0,1.73 G
2019-06-09 20:55:55,4.0,1.73 G
2019-06-09 20:55:57,8.0,1.73 G
2019-06-09 20:55:59,9.0,1.73 G
2019-06-09 20:56:01,8.0,1.73 G
2019-06-09 20:56:03,9.0,1.73 G
2019-06-09 20:56:05,6.0,1.73 G
2019-06-09 20:56:07,7.0,1.73 G
2019-06-09 20:56:09,7.0,1.73 G
2019-06-09 20:56:11,11.0,1.73 G
2019-06-09 20:56:13,10.0,1.73 G
2019-06-09 20:56:15,9.0,1.73 G
2019-06-09 20:56:17,10.0,1.73 G
2019-06-09 20:56:19,11.0,1.73 G
2019-06-09 20:56:21,9.0,1.73 G
2019-06-09 20:56:23,8.0,1.73 G
2019-06-09 20:56:25,5.0,1.73 G
2019-06-09 20:56:27,8.0,1.73 G
2019-06-09 20:56:29,4.0,1.73 G
2019-06-09 20:56:31,9.0,1.73 G
2019-06-09 20:56:33,8.0,1.73 G
2019-06-09 20:56:35,10.0,1.73 G
2019-06-09 20:56:37,9.0,1.73 G
2019-06-09 20:56:39,5.0,1.73 G
2019-06-09 20:56:41,3.0,1.73 G
2019-06-09 20:56:43,8.0,1.73 G
2019-06-09 20:56:45,8.0,1.73 G
2019-06-09 20:56:47,8.0,1.73 G
2019-06-09 20:56:49,5.0,1.73 G
2019-06-09 20:56:51,7.0,1.73 G
2019-06-09 20:56:53,6.0,1.73 G
2019-06-09 20:56:55,9.0,1.73 G
2019-06-09 20:56:57,6.0,1.73 G
2019-06-09 20:56:59,8.0,1.73 G
2019-06-09 20:57:01,8.0,1.73 G
2019-06-09 20:57:03,6.0,1.73 G
2019-06-09 20:57:05,4.0,1.73 G
2019-06-09 20:57:07,6.0,1.73 G
2019-06-09 20:57:09,5.0,1.73 G
2019-06-09 20:57:11,7.0,1.73 G
2019-06-09 20:57:13,6.0,1.73 G
2019-06-09 20:57:15,7.0,1.73 G
2019-06-09 20:57:17,8.0,1.73 G
2019-06-09 20:57:19,5.0,1.73 G
2019-06-09 20:57:21,3.0,1.73 G
2019-06-09 20:57:23,8.0,1.73 G
2019-06-09 20:57:25,4.0,1.73 G
2019-06-09 20:57:27,7.0,1.73 G
2019-06-09 20:57:29,8.0,1.73 G
2019-06-09 20:57:31,7.0,1.73 G
2019-06-09 20:57:33,7.0,1.73 G
2019-06-09 20:57:35,9.0,1.73 G
2019-06-09 20:57:37,8.0,1.73 G
2019-06-09 20:57:39,8.0,1.73 G
2019-06-09 20:57:41,6.0,1.73 G
2019-06-09 20:57:43,6.0,1.73 G
2019-06-09 20:57:45,4.0,1.73 G
2019-06-09 20:57:47,3.0,1.73 G
2019-06-09 20:57:49,4.0,1.73 G
2019-06-09 20:57:51,4.0,1.73 G
2019-06-09 20:57:53,4.0,1.73 G
2019-06-09 20:57:55,4.0,1.73 G
2019-06-09 20:57:57,8.0,1.73 G
2019-06-09 20:57:59,9.0,1.73 G
2019-06-09 20:58:01,9.0,1.73 G
2019-06-09 20:58:03,9.0,1.73 G
2019-06-09 20:58:05,7.0,1.73 G
2019-06-09 20:58:07,9.0,1.73 G
2019-06-09 20:58:10,6.0,1.73 G
2019-06-09 20:58:12,8.0,1.73 G
2019-06-09 20:58:14,7.0,1.73 G
2019-06-09 20:58:16,8.0,1.73 G
2019-06-09 20:58:18,8.0,1.73 G
2019-06-09 20:58:20,8.0,1.73 G
2019-06-09 20:58:22,8.0,1.73 G
2019-06-09 20:58:24,9.0,1.73 G
2019-06-09 20:58:26,9.0,1.73 G
2019-06-09 20:58:28,6.0,1.73 G
2019-06-09 20:58:30,4.0,1.73 G
2019-06-09 20:58:32,8.0,1.73 G
2019-06-09 20:58:34,9.0,1.73 G
2019-06-09 20:58:36,9.0,1.73 G
2019-06-09 20:58:38,9.0,1.73 G
2019-06-09 20:58:40,9.0,1.73 G
2019-06-09 20:58:42,8.0,1.73 G
2019-06-09 20:58:44,7.0,1.73 G
2019-06-09 20:58:46,8.0,1.73 G
2019-06-09 20:58:48,8.0,1.73 G
2019-06-09 20:58:50,7.0,1.73 G
2019-06-09 20:58:52,8.0,1.73 G
2019-06-09 20:58:54,9.0,1.73 G
2019-06-09 20:58:56,6.0,1.73 G
2019-06-09 20:58:58,6.0,1.73 G
2019-06-09 20:59:00,6.0,1.73 G
2019-06-09 20:59:02,7.0,1.73 G
2019-06-09 20:59:04,759.2,1.77 G
2019-06-09 20:59:06,765.4,1.77 G
2019-06-09 20:59:08,764.5,1.76 G
2019-06-09 20:59:10,763.5,1.76 G
2019-06-09 20:59:12,762.3,1.76 G
2019-06-09 20:59:14,7.0,1.74 G
2019-06-09 20:59:16,5.0,1.74 G
2019-06-09 20:59:18,4.0,1.74 G
2019-06-09 20:59:20,8.0,1.74 G
2019-06-09 20:59:22,6.0,1.74 G
2019-06-09 20:59:24,8.0,1.74 G
2019-06-09 20:59:26,4.0,1.74 G
2019-06-09 20:59:28,8.0,1.74 G
2019-06-09 20:59:30,17.0,1.74 G
2019-06-09 20:59:32,750.4,1.74 G
2019-06-09 20:59:34,764.5,1.74 G
2019-06-09 20:59:36,436.7,1.72 G
2019-06-09 20:59:38,6.0,1.72 G
2019-06-09 20:59:40,762.5,1.73 G
2019-06-09 20:59:42,766.2,1.73 G
2019-06-09 20:59:44,582.3,1.73 G
2019-06-09 20:59:46,4.0,1.73 G
2019-06-09 20:59:48,5.0,1.73 G
2019-06-09 20:59:50,4.0,1.73 G
2019-06-09 20:59:52,7.0,1.73 G
2019-06-09 20:59:54,7.0,1.73 G
2019-06-09 20:59:56,3.0,1.73 G
2019-06-09 20:59:58,7.0,1.73 G
2019-06-09 21:00:00,8.0,1.73 G
2019-06-09 21:00:02,8.0,1.73 G
2019-06-09 21:00:04,7.0,1.73 G
2019-06-09 21:00:06,3.0,1.73 G
2019-06-09 21:00:08,4.0,1.73 G
2019-06-09 21:00:10,6.0,1.73 G
2019-06-09 21:00:12,5.0,1.73 G
2019-06-09 21:00:14,6.0,1.73 G
2019-06-09 21:00:16,4.0,1.73 G
2019-06-09 21:00:18,5.0,1.73 G
2019-06-09 21:00:20,5.0,1.73 G
2019-06-09 21:00:22,5.0,1.73 G
2019-06-09 21:00:24,3.0,1.73 G
2019-06-09 21:00:26,5.0,1.73 G
2019-06-09 21:00:28,6.0,1.73 G
2019-06-09 21:00:30,6.0,1.73 G
2019-06-09 21:00:32,6.0,1.73 G
2019-06-09 21:00:34,5.0,1.73 G
2019-06-09 21:00:36,6.0,1.73 G
2019-06-09 21:00:38,6.0,1.73 G
2019-06-09 21:00:40,7.0,1.73 G
2019-06-09 21:00:42,7.0,1.73 G
2019-06-09 21:00:44,5.0,1.73 G
2019-06-09 21:00:46,7.0,1.73 G
2019-06-09 21:00:48,6.0,1.73 G
2019-06-09 21:00:50,5.0,1.73 G
2019-06-09 21:00:52,4.0,1.73 G
2019-06-09 21:00:54,6.0,1.73 G
2019-06-09 21:00:56,5.0,1.73 G
2019-06-09 21:00:59,3.0,1.73 G
2019-06-09 21:01:01,3.0,1.73 G
2019-06-09 21:01:03,6.0,1.74 G
2019-06-09 21:01:05,13.0,1.74 G
2019-06-09 21:01:07,16.0,1.74 G
2019-06-09 21:01:09,23.0,1.74 G
2019-06-09 21:01:11,32.0,1.74 G
2019-06-09 21:01:13,33.0,1.74 G
2019-06-09 21:01:15,38.0,1.74 G
2019-06-09 21:01:17,41.0,1.74 G
2019-06-09 21:01:19,45.9,1.76 G
2019-06-09 21:01:21,41.0,1.76 G
2019-06-09 21:01:23,41.0,1.77 G
2019-06-09 21:01:25,69.9,1.79 G
2019-06-09 21:01:27,51.9,1.79 G
2019-06-09 21:01:29,757.5,1.81 G
2019-06-09 21:01:31,754.5,1.81 G
2019-06-09 21:01:33,760.5,1.80 G
2019-06-09 21:01:35,12.0,1.78 G
2019-06-09 21:01:37,7.0,1.78 G
2019-06-09 21:01:39,9.0,1.78 G
2019-06-09 21:01:41,138.0,1.78 G
2019-06-09 21:01:43,754.7,1.77 G
2019-06-09 21:01:45,765.5,1.76 G
2019-06-09 21:01:47,268.8,1.75 G
2019-06-09 21:01:49,2.0,1.75 G
2019-06-09 21:01:51,2.0,1.75 G
2019-06-09 21:01:53,2.0,1.75 G
2019-06-09 21:01:55,2.0,1.75 G
2019-06-09 21:01:57,4.0,1.75 G
2019-06-09 21:01:59,2.0,1.75 G
2019-06-09 21:02:01,4.0,1.75 G
2019-06-09 21:02:03,5.0,1.75 G
2019-06-09 21:02:05,5.0,1.75 G
2019-06-09 21:02:07,4.0,1.75 G
2019-06-09 21:02:09,5.0,1.75 G
2019-06-09 21:02:11,5.0,1.75 G
2019-06-09 21:02:13,4.0,1.75 G
2019-06-09 21:02:15,5.0,1.75 G
2019-06-09 21:02:17,7.0,1.75 G
2019-06-09 21:02:19,6.0,1.75 G
2019-06-09 21:02:21,7.0,1.75 G
2019-06-09 21:02:23,4.0,1.75 G
2019-06-09 21:02:25,4.0,1.75 G
2019-06-09 21:02:27,3.0,1.75 G
2019-06-09 21:02:29,5.0,1.75 G
2019-06-09 21:02:31,7.0,1.76 G
2019-06-09 21:02:33,752.4,1.76 G
2019-06-09 21:02:35,763.5,1.75 G
2019-06-09 21:02:37,679.2,1.74 G
2019-06-09 21:02:39,7.0,1.74 G
2019-06-09 21:02:41,7.0,1.74 G
2019-06-09 21:02:43,7.0,1.74 G
2019-06-09 21:02:45,4.0,1.74 G
2019-06-09 21:02:47,6.0,1.74 G
2019-06-09 21:02:49,8.0,1.74 G
2019-06-09 21:02:51,8.0,1.74 G
2019-06-09 21:02:53,8.0,1.74 G
2019-06-09 21:02:55,6.0,1.74 G
2019-06-09 21:02:57,5.0,1.74 G
2019-06-09 21:02:59,6.0,1.74 G
2019-06-09 21:03:01,5.0,1.74 G
2019-06-09 21:03:03,5.0,1.74 G
2019-06-09 21:03:05,8.0,1.74 G
2019-06-09 21:03:07,8.0,1.74 G
2019-06-09 21:03:09,4.0,1.74 G
2019-06-09 21:03:11,7.0,1.74 G
2019-06-09 21:03:13,8.0,1.74 G
2019-06-09 21:03:15,8.0,1.74 G
2019-06-09 21:03:17,5.0,1.74 G
2019-06-09 21:03:19,8.0,1.74 G
2019-06-09 21:03:21,6.0,1.74 G
2019-06-09 21:03:23,6.0,1.74 G
2019-06-09 21:03:25,6.0,1.74 G
2019-06-09 21:03:27,8.0,1.74 G
2019-06-09 21:03:29,8.0,1.74 G
2019-06-09 21:03:31,7.0,1.74 G
2019-06-09 21:03:33,7.0,1.74 G
2019-06-09 21:03:35,8.0,1.74 G
2019-06-09 21:03:37,4.0,1.74 G
2019-06-09 21:03:39,6.0,1.74 G
2019-06-09 21:03:41,6.0,1.74 G
2019-06-09 21:03:43,8.0,1.74 G
2019-06-09 21:03:45,6.0,1.74 G
2019-06-09 21:03:47,8.0,1.74 G
2019-06-09 21:03:50,8.0,1.74 G
2019-06-09 21:03:52,9.0,1.74 G
2019-06-09 21:03:54,9.0,1.74 G
2019-06-09 21:03:56,8.0,1.74 G
2019-06-09 21:03:58,9.0,1.74 G
2019-06-09 21:04:00,9.0,1.74 G
2019-06-09 21:04:02,8.0,1.74 G
2019-06-09 21:04:04,7.0,1.74 G
2019-06-09 21:04:06,8.0,1.74 G
2019-06-09 21:04:08,8.0,1.74 G
2019-06-09 21:04:10,6.0,1.74 G
2019-06-09 21:04:12,8.0,1.74 G
2019-06-09 21:04:14,9.0,1.74 G
2019-06-09 21:04:16,7.0,1.74 G
2019-06-09 21:04:18,9.0,1.74 G
2019-06-09 21:04:20,8.0,1.74 G
2019-06-09 21:04:22,8.0,1.74 G
2019-06-09 21:04:24,5.0,1.74 G
2019-06-09 21:04:26,8.0,1.74 G
2019-06-09 21:04:28,9.0,1.74 G
2019-06-09 21:04:30,4.0,1.74 G
2019-06-09 21:04:32,4.0,1.74 G
2019-06-09 21:04:34,3.0,1.74 G
2019-06-09 21:04:36,5.0,1.74 G
2019-06-09 21:04:38,7.0,1.74 G
2019-06-09 21:04:40,8.0,1.74 G
2019-06-09 21:04:42,9.0,1.74 G
2019-06-09 21:04:44,9.0,1.74 G
2019-06-09 21:04:46,8.0,1.74 G
2019-06-09 21:04:48,8.0,1.74 G
2019-06-09 21:04:50,9.0,1.74 G
2019-06-09 21:04:52,9.0,1.74 G
2019-06-09 21:04:54,8.0,1.74 G
2019-06-09 21:04:56,9.0,1.74 G
2019-06-09 21:04:58,9.0,1.74 G
2019-06-09 21:05:00,5.0,1.74 G
2019-06-09 21:05:02,6.0,1.74 G
2019-06-09 21:05:04,9.0,1.74 G
2019-06-09 21:05:06,9.0,1.74 G
2019-06-09 21:05:08,9.0,1.74 G
2019-06-09 21:05:10,9.0,1.74 G
2019-06-09 21:05:12,9.0,1.74 G
2019-06-09 21:05:14,10.0,1.74 G
2019-06-09 21:05:16,9.0,1.74 G
2019-06-09 21:05:18,8.0,1.74 G
2019-06-09 21:05:20,8.0,1.74 G
2019-06-09 21:05:22,9.0,1.74 G
2019-06-09 21:05:24,9.0,1.75 G
2019-06-09 21:05:26,6.0,1.75 G
2019-06-09 21:05:28,6.0,1.75 G
2019-06-09 21:05:30,9.0,1.75 G
2019-06-09 21:05:32,9.0,1.75 G
2019-06-09 21:05:34,8.0,1.75 G
2019-06-09 21:05:36,11.0,1.75 G
2019-06-09 21:05:38,15.0,1.75 G
2019-06-09 21:05:40,17.0,1.75 G
2019-06-09 21:05:42,5.0,1.75 G
2019-06-09 21:05:44,5.0,1.75 G
2019-06-09 21:05:46,4.0,1.75 G
2019-06-09 21:05:48,2.0,1.75 G
2019-06-09 21:05:50,3.0,1.75 G
2019-06-09 21:05:52,3.0,1.75 G
2019-06-09 21:05:54,4.0,1.75 G
2019-06-09 21:05:56,3.0,1.75 G
2019-06-09 21:05:58,2.0,1.75 G
2019-06-09 21:06:00,2.0,1.75 G
2019-06-09 21:06:02,3.0,1.75 G
2019-06-09 21:06:04,2.0,1.75 G
2019-06-09 21:06:06,3.0,1.75 G
2019-06-09 21:06:08,2.0,1.75 G
2019-06-09 21:06:10,4.0,1.75 G
2019-06-09 21:06:12,3.0,1.75 G
2019-06-09 21:06:14,4.0,1.75 G
2019-06-09 21:06:16,2.0,1.75 G
2019-06-09 21:06:18,3.0,1.75 G
2019-06-09 21:06:20,3.0,1.75 G
2019-06-09 21:06:22,3.0,1.75 G
2019-06-09 21:06:24,3.0,1.75 G
2019-06-09 21:06:26,4.0,1.75 G
2019-06-09 21:06:28,3.0,1.75 G
2019-06-09 21:06:30,4.0,1.75 G
2019-06-09 21:06:32,2.0,1.75 G
2019-06-09 21:06:34,2.0,1.75 G
2019-06-09 21:06:36,2.0,1.75 G
2019-06-09 21:06:38,2.0,1.75 G
2019-06-09 21:06:40,2.0,1.75 G
2019-06-09 21:06:43,3.0,1.75 G
2019-06-09 21:06:45,2.0,1.75 G
2019-06-09 21:06:47,2.0,1.75 G
2019-06-09 21:06:49,1.0,1.75 G
2019-06-09 21:06:51,2.0,1.75 G
2019-06-09 21:06:53,3.0,1.75 G
2019-06-09 21:06:55,2.0,1.75 G
2019-06-09 21:06:57,1.0,1.75 G
2019-06-09 21:06:59,2.0,1.75 G
2019-06-09 21:07:01,2.0,1.75 G
2019-06-09 21:07:03,2.0,1.75 G
2019-06-09 21:07:05,2.0,1.75 G
2019-06-09 21:07:07,3.0,1.75 G
2019-06-09 21:07:09,3.0,1.75 G
2019-06-09 21:07:11,4.0,1.75 G
2019-06-09 21:07:13,28.0,1.75 G
2019-06-09 21:07:15,3.0,1.75 G
2019-06-09 21:07:17,2.0,1.75 G
2019-06-09 21:07:19,3.0,1.75 G
2019-06-09 21:07:21,3.0,1.75 G
2019-06-09 21:07:23,2.0,1.75 G
2019-06-09 21:07:25,3.0,1.75 G
2019-06-09 21:07:27,3.0,1.75 G
2019-06-09 21:07:29,3.0,1.75 G
2019-06-09 21:07:31,4.0,1.75 G
2019-06-09 21:07:33,2.0,1.75 G
2019-06-09 21:07:35,2.0,1.75 G
2019-06-09 21:07:37,2.0,1.75 G
2019-06-09 21:07:39,3.0,1.75 G
2019-06-09 21:07:41,3.0,1.75 G
2019-06-09 21:07:43,2.0,1.75 G
2019-06-09 21:07:45,2.0,1.75 G
2019-06-09 21:07:47,2.0,1.75 G
2019-06-09 21:07:49,3.0,1.75 G
2019-06-09 21:07:51,3.0,1.75 G
2019-06-09 21:07:53,2.0,1.75 G
2019-06-09 21:07:55,2.0,1.75 G
2019-06-09 21:07:57,2.0,1.75 G
2019-06-09 21:07:59,4.0,1.75 G
2019-06-09 21:08:01,2.0,1.75 G
2019-06-09 21:08:03,3.0,1.75 G
2019-06-09 21:08:05,474.8,1.77 G
2019-06-09 21:08:07,757.5,1.77 G
2019-06-09 21:08:09,758.4,1.76 G
2019-06-09 21:08:11,1.0,1.75 G
2019-06-09 21:08:13,2.0,1.75 G
2019-06-09 21:08:15,4.0,1.75 G
2019-06-09 21:08:17,6.0,1.75 G
2019-06-09 21:08:19,4.0,1.75 G
2019-06-09 21:08:21,8.0,1.75 G
2019-06-09 21:08:23,753.5,1.75 G
2019-06-09 21:08:25,759.5,1.75 G
2019-06-09 21:08:27,763.8,1.75 G
2019-06-09 21:08:29,3.0,1.74 G
2019-06-09 21:08:31,2.0,1.74 G
2019-06-09 21:08:33,4.0,1.74 G
2019-06-09 21:08:35,4.0,1.74 G
2019-06-09 21:08:37,6.0,1.74 G
2019-06-09 21:08:39,6.0,1.74 G
2019-06-09 21:08:41,5.0,1.74 G
2019-06-09 21:08:43,272.9,1.76 G
2019-06-09 21:08:45,763.5,1.76 G
2019-06-09 21:08:47,765.6,1.75 G
2019-06-09 21:08:49,12.0,1.75 G
2019-06-09 21:08:51,2.0,1.75 G
2019-06-09 21:08:53,7.0,1.75 G
2019-06-09 21:08:55,6.0,1.75 G
2019-06-09 21:08:57,6.0,1.75 G
2019-06-09 21:08:59,7.0,1.75 G
2019-06-09 21:09:01,7.0,1.75 G
2019-06-09 21:09:03,9.0,1.75 G
2019-06-09 21:09:05,5.0,1.75 G
2019-06-09 21:09:07,6.0,1.75 G
2019-06-09 21:09:09,7.0,1.75 G
2019-06-09 21:09:11,6.0,1.75 G
2019-06-09 21:09:13,7.0,1.75 G
2019-06-09 21:09:15,7.0,1.75 G
2019-06-09 21:09:17,8.0,1.75 G
2019-06-09 21:09:19,8.0,1.75 G
2019-06-09 21:09:21,8.0,1.75 G
2019-06-09 21:09:23,10.0,1.75 G
2019-06-09 21:09:25,8.0,1.75 G
2019-06-09 21:09:28,10.0,1.75 G
2019-06-09 21:09:30,8.0,1.75 G
2019-06-09 21:09:32,10.0,1.75 G
2019-06-09 21:09:34,9.0,1.75 G
2019-06-09 21:09:36,6.0,1.75 G
2019-06-09 21:09:38,8.0,1.75 G
2019-06-09 21:09:40,9.0,1.75 G
2019-06-09 21:09:42,8.0,1.75 G
2019-06-09 21:09:44,6.0,1.75 G
2019-06-09 21:09:46,10.0,1.75 G
2019-06-09 21:09:48,8.0,1.75 G
2019-06-09 21:09:50,8.0,1.75 G
2019-06-09 21:09:52,7.0,1.75 G
2019-06-09 21:09:54,10.0,1.75 G
2019-06-09 21:09:56,6.0,1.75 G
2019-06-09 21:09:58,4.0,1.75 G
2019-06-09 21:10:00,8.0,1.75 G
2019-06-09 21:10:02,9.0,1.75 G
2019-06-09 21:10:04,8.0,1.75 G
2019-06-09 21:10:06,6.0,1.75 G
2019-06-09 21:10:08,10.0,1.75 G
2019-06-09 21:10:10,8.0,1.75 G
2019-06-09 21:10:12,4.0,1.75 G
2019-06-09 21:10:14,7.0,1.75 G
2019-06-09 21:10:16,6.0,1.75 G
2019-06-09 21:10:18,8.0,1.75 G
2019-06-09 21:10:20,8.0,1.75 G
2019-06-09 21:10:22,9.0,1.75 G
2019-06-09 21:10:24,10.0,1.75 G
2019-06-09 21:10:26,9.0,1.75 G
2019-06-09 21:10:28,10.0,1.75 G
2019-06-09 21:10:30,8.0,1.75 G
2019-06-09 21:10:32,6.0,1.75 G
2019-06-09 21:10:34,6.0,1.75 G
2019-06-09 21:10:36,7.0,1.75 G
2019-06-09 21:10:38,4.0,1.76 G
2019-06-09 21:10:40,8.0,1.76 G
2019-06-09 21:10:42,8.0,1.76 G
2019-06-09 21:10:44,8.0,1.76 G
2019-06-09 21:10:46,8.0,1.76 G
2019-06-09 21:10:48,8.0,1.76 G
2019-06-09 21:10:50,6.0,1.76 G
2019-06-09 21:10:52,8.0,1.76 G
2019-06-09 21:10:54,8.0,1.76 G
2019-06-09 21:10:56,9.0,1.76 G
2019-06-09 21:10:58,4.0,1.76 G
2019-06-09 21:11:00,8.0,1.76 G
2019-06-09 21:11:02,9.0,1.76 G
2019-06-09 21:11:04,4.0,1.76 G
2019-06-09 21:11:06,5.0,1.76 G
2019-06-09 21:11:08,8.0,1.76 G
2019-06-09 21:11:10,8.0,1.76 G
2019-06-09 21:11:12,9.0,1.76 G
2019-06-09 21:11:14,9.0,1.76 G
2019-06-09 21:11:16,9.0,1.76 G
2019-06-09 21:11:18,10.0,1.76 G
2019-06-09 21:11:20,7.0,1.76 G
2019-06-09 21:11:22,9.0,1.76 G
2019-06-09 21:11:24,9.0,1.76 G
2019-06-09 21:11:26,9.0,1.76 G
2019-06-09 21:11:28,9.0,1.76 G
2019-06-09 21:11:30,8.0,1.76 G
2019-06-09 21:11:32,8.0,1.76 G
2019-06-09 21:11:34,7.0,1.76 G
2019-06-09 21:11:36,9.0,1.76 G
2019-06-09 21:11:38,9.0,1.76 G
2019-06-09 21:11:40,8.0,1.76 G
2019-06-09 21:11:42,8.0,1.76 G
2019-06-09 21:11:44,9.0,1.76 G
2019-06-09 21:11:46,8.0,1.76 G
2019-06-09 21:11:48,4.0,1.76 G
2019-06-09 21:11:50,9.0,1.76 G
2019-06-09 21:11:52,10.0,1.76 G
2019-06-09 21:11:54,8.0,1.76 G
2019-06-09 21:11:56,9.0,1.76 G
2019-06-09 21:11:58,8.0,1.76 G
2019-06-09 21:12:00,8.0,1.76 G
2019-06-09 21:12:02,8.0,1.76 G
2019-06-09 21:12:04,3.0,1.76 G
2019-06-09 21:12:06,8.0,1.76 G
2019-06-09 21:12:08,8.0,1.76 G
2019-06-09 21:12:10,8.0,1.76 G
2019-06-09 21:12:12,7.0,1.76 G
2019-06-09 21:12:14,8.0,1.76 G
2019-06-09 21:12:16,4.0,1.76 G
2019-06-09 21:12:18,4.0,1.76 G
2019-06-09 21:12:20,5.0,1.76 G
2019-06-09 21:12:22,3.0,1.76 G
2019-06-09 21:12:24,2.0,1.76 G
2019-06-09 21:12:26,6.0,1.76 G
2019-06-09 21:12:29,9.0,1.76 G
2019-06-09 21:12:31,10.0,1.76 G
2019-06-09 21:12:33,8.0,1.76 G
2019-06-09 21:12:35,10.0,1.76 G
2019-06-09 21:12:37,9.0,1.76 G
2019-06-09 21:12:39,4.0,1.76 G
2019-06-09 21:12:41,7.0,1.76 G
2019-06-09 21:12:43,6.0,1.76 G
2019-06-09 21:12:45,5.0,1.76 G
2019-06-09 21:12:47,4.0,1.76 G
2019-06-09 21:12:49,3.0,1.76 G
2019-06-09 21:12:51,5.0,1.76 G
2019-06-09 21:12:53,9.0,1.76 G
2019-06-09 21:12:55,8.0,1.76 G
2019-06-09 21:12:57,4.0,1.76 G
2019-06-09 21:12:59,6.0,1.76 G
2019-06-09 21:13:01,6.0,1.76 G
2019-06-09 21:13:03,5.0,1.76 G
2019-06-09 21:13:05,3.0,1.76 G
2019-06-09 21:13:07,5.0,1.76 G
2019-06-09 21:13:09,8.0,1.76 G
2019-06-09 21:13:11,6.0,1.76 G
2019-06-09 21:13:13,3.0,1.76 G
2019-06-09 21:13:15,6.0,1.76 G
2019-06-09 21:13:17,5.0,1.76 G
2019-06-09 21:13:19,3.0,1.76 G
2019-06-09 21:13:21,4.0,1.76 G
2019-06-09 21:13:23,7.0,1.76 G
2019-06-09 21:13:25,3.0,1.76 G
2019-06-09 21:13:27,5.0,1.76 G
2019-06-09 21:13:29,5.0,1.76 G
2019-06-09 21:13:31,4.0,1.76 G
2019-06-09 21:13:33,4.0,1.76 G
2019-06-09 21:13:35,4.0,1.76 G
2019-06-09 21:13:37,4.0,1.76 G
2019-06-09 21:13:39,3.0,1.76 G
2019-06-09 21:13:41,4.0,1.76 G
2019-06-09 21:13:43,5.0,1.76 G
2019-06-09 21:13:45,4.0,1.76 G
2019-06-09 21:13:47,8.0,1.76 G
2019-06-09 21:13:49,8.0,1.76 G
2019-06-09 21:13:51,763.6,1.78 G
2019-06-09 21:13:53,758.3,1.78 G
2019-06-09 21:13:55,765.5,1.77 G
2019-06-09 21:13:57,764.6,1.77 G
2019-06-09 21:13:59,757.3,1.77 G
2019-06-09 21:14:01,430.5,1.74 G
2019-06-09 21:14:03,5.0,1.74 G
2019-06-09 21:14:05,7.0,1.74 G
2019-06-09 21:14:07,8.0,1.74 G
2019-06-09 21:14:09,8.0,1.74 G
2019-06-09 21:14:11,8.0,1.74 G
2019-06-09 21:14:13,7.0,1.74 G
2019-06-09 21:14:15,7.0,1.74 G
2019-06-09 21:14:17,7.0,1.74 G
2019-06-09 21:14:19,9.0,1.74 G
2019-06-09 21:14:21,8.0,1.74 G
2019-06-09 21:14:23,679.7,1.78 G
2019-06-09 21:14:25,757.5,1.78 G
2019-06-09 21:14:27,766.5,1.78 G
2019-06-09 21:14:29,3.0,1.77 G
2019-06-09 21:14:31,4.0,1.77 G
2019-06-09 21:14:33,4.0,1.77 G
2019-06-09 21:14:35,3.0,1.77 G
2019-06-09 21:14:37,2.0,1.77 G
2019-06-09 21:14:39,3.0,1.77 G
2019-06-09 21:14:41,3.0,1.77 G
2019-06-09 21:14:43,4.0,1.77 G
2019-06-09 21:14:45,4.0,1.77 G
2019-06-09 21:14:47,1.0,1.77 G
2019-06-09 21:14:49,3.0,1.77 G
2019-06-09 21:14:51,1.0,1.77 G
2019-06-09 21:14:53,2.0,1.77 G
2019-06-09 21:14:55,2.0,1.77 G
2019-06-09 21:14:57,3.0,1.77 G
2019-06-09 21:14:59,4.0,1.77 G
2019-06-09 21:15:01,4.0,1.77 G
2019-06-09 21:15:03,3.0,1.77 G
2019-06-09 21:15:05,2.0,1.77 G
2019-06-09 21:15:07,2.0,1.77 G
2019-06-09 21:15:09,2.0,1.77 G
2019-06-09 21:15:11,2.0,1.77 G
2019-06-09 21:15:14,1.0,1.77 G
2019-06-09 21:15:16,3.0,1.77 G
2019-06-09 21:15:18,3.0,1.77 G
2019-06-09 21:15:20,2.0,1.77 G
2019-06-09 21:15:22,2.0,1.77 G
2019-06-09 21:15:24,4.0,1.77 G
2019-06-09 21:15:26,4.0,1.77 G
2019-06-09 21:15:28,3.0,1.77 G
2019-06-09 21:15:30,4.0,1.77 G
2019-06-09 21:15:32,4.0,1.77 G
2019-06-09 21:15:34,3.0,1.77 G
2019-06-09 21:15:36,687.8,1.78 G
2019-06-09 21:15:38,758.5,1.78 G
2019-06-09 21:15:40,758.5,1.78 G
2019-06-09 21:15:42,5.0,1.74 G
2019-06-09 21:15:44,747.5,1.75 G
2019-06-09 21:15:46,758.4,1.75 G
2019-06-09 21:15:48,766.5,1.75 G
2019-06-09 21:15:50,3.0,1.74 G
2019-06-09 21:15:52,6.0,1.74 G
2019-06-09 21:15:54,8.0,1.74 G
2019-06-09 21:15:56,5.0,1.74 G
2019-06-09 21:15:58,5.0,1.74 G
2019-06-09 21:16:00,7.0,1.74 G
2019-06-09 21:16:02,8.0,1.74 G
2019-06-09 21:16:04,9.0,1.74 G
2019-06-09 21:16:06,10.0,1.74 G
2019-06-09 21:16:08,8.0,1.74 G
2019-06-09 21:16:10,9.0,1.74 G
2019-06-09 21:16:12,9.0,1.74 G
2019-06-09 21:16:14,8.0,1.74 G
2019-06-09 21:16:16,9.0,1.74 G
2019-06-09 21:16:18,7.0,1.74 G
2019-06-09 21:16:20,8.0,1.74 G
2019-06-09 21:16:22,8.0,1.74 G
2019-06-09 21:16:24,5.0,1.74 G
2019-06-09 21:16:26,8.0,1.75 G
2019-06-09 21:16:28,7.0,1.75 G
2019-06-09 21:16:30,4.0,1.75 G
2019-06-09 21:16:32,5.0,1.75 G
2019-06-09 21:16:34,4.0,1.75 G
2019-06-09 21:16:36,4.0,1.75 G
2019-06-09 21:16:38,3.0,1.75 G
2019-06-09 21:16:40,41.0,1.76 G
2019-06-09 21:16:42,40.0,1.76 G
2019-06-09 21:16:44,43.9,1.76 G
2019-06-09 21:16:46,48.0,1.76 G
2019-06-09 21:16:48,49.9,1.77 G
2019-06-09 21:16:50,50.9,1.77 G
2019-06-09 21:16:52,11.0,1.79 G
2019-06-09 21:16:54,14.0,1.79 G
2019-06-09 21:16:56,763.0,1.78 G
2019-06-09 21:16:58,756.5,1.78 G
2019-06-09 21:17:00,758.5,1.77 G
2019-06-09 21:17:02,756.5,1.76 G
2019-06-09 21:17:04,756.4,1.76 G
2019-06-09 21:17:06,3.0,1.74 G
2019-06-09 21:17:08,5.0,1.74 G
2019-06-09 21:17:10,9.0,1.74 G
2019-06-09 21:17:12,7.0,1.74 G
2019-06-09 21:17:14,8.0,1.74 G
2019-06-09 21:17:16,6.0,1.74 G
2019-06-09 21:17:18,475.6,1.76 G
2019-06-09 21:17:20,759.5,1.76 G
2019-06-09 21:17:22,764.6,1.76 G
2019-06-09 21:17:24,9.0,1.75 G
2019-06-09 21:17:26,7.0,1.75 G
2019-06-09 21:17:28,6.0,1.75 G
2019-06-09 21:17:30,9.0,1.75 G
2019-06-09 21:17:32,9.0,1.75 G
2019-06-09 21:17:34,7.0,1.75 G
2019-06-09 21:17:36,9.0,1.75 G
2019-06-09 21:17:38,6.0,1.75 G
2019-06-09 21:17:40,6.0,1.75 G
2019-06-09 21:17:42,8.0,1.75 G
2019-06-09 21:17:44,15.0,1.78 G
2019-06-09 21:17:46,757.6,1.80 G
2019-06-09 21:17:48,756.4,1.79 G
2019-06-09 21:17:50,489.4,1.79 G
2019-06-09 21:17:52,2.0,1.79 G
2019-06-09 21:17:54,492.8,1.79 G
2019-06-09 21:17:56,763.5,1.79 G
2019-06-09 21:17:58,761.5,1.79 G
2019-06-09 21:18:00,3.0,1.75 G
2019-06-09 21:18:03,3.0,1.75 G
2019-06-09 21:18:05,2.0,1.75 G
2019-06-09 21:18:07,2.0,1.75 G
2019-06-09 21:18:09,3.0,1.75 G
2019-06-09 21:18:11,5.0,1.76 G
2019-06-09 21:18:13,2.0,1.76 G
2019-06-09 21:18:15,4.0,1.76 G
2019-06-09 21:18:17,3.0,1.76 G
2019-06-09 21:18:19,3.0,1.76 G
2019-06-09 21:18:21,3.0,1.76 G
2019-06-09 21:18:23,2.0,1.76 G
2019-06-09 21:18:25,2.0,1.76 G
2019-06-09 21:18:27,1.0,1.76 G
2019-06-09 21:18:29,3.0,1.76 G
2019-06-09 21:18:31,4.0,1.76 G
2019-06-09 21:18:33,4.0,1.76 G
2019-06-09 21:18:35,3.0,1.76 G
2019-06-09 21:18:37,3.0,1.76 G
2019-06-09 21:18:39,4.0,1.76 G
2019-06-09 21:18:41,3.0,1.76 G
2019-06-09 21:18:43,3.0,1.76 G
2019-06-09 21:18:45,4.0,1.76 G
2019-06-09 21:18:47,4.0,1.76 G
2019-06-09 21:18:49,5.0,1.76 G
2019-06-09 21:18:51,5.0,1.76 G
2019-06-09 21:18:53,8.0,1.76 G
2019-06-09 21:18:55,8.0,1.76 G
2019-06-09 21:18:57,8.0,1.76 G
2019-06-09 21:18:59,9.0,1.76 G
2019-06-09 21:19:01,6.0,1.76 G
2019-06-09 21:19:03,7.0,1.76 G
2019-06-09 21:19:05,34.0,1.76 G
2019-06-09 21:19:07,46.0,1.77 G
2019-06-09 21:19:09,48.0,1.77 G
2019-06-09 21:19:11,40.0,1.77 G
2019-06-09 21:19:13,47.9,1.78 G
2019-06-09 21:19:15,44.9,1.78 G
2019-06-09 21:19:17,42.9,1.78 G
2019-06-09 21:19:19,154.0,1.80 G
2019-06-09 21:19:21,758.5,1.79 G
2019-06-09 21:19:23,758.5,1.79 G
2019-06-09 21:19:25,759.4,1.78 G
2019-06-09 21:19:27,765.4,1.78 G
2019-06-09 21:19:29,757.5,1.77 G
2019-06-09 21:19:31,3.0,1.75 G
2019-06-09 21:19:33,0.0,1.75 G
2019-06-09 21:19:35,1.0,1.75 G
2019-06-09 21:19:37,7.0,1.75 G
2019-06-09 21:19:39,7.0,1.75 G
2019-06-09 21:19:41,6.0,1.75 G
2019-06-09 21:19:43,6.0,1.75 G
2019-06-09 21:19:45,6.0,1.75 G
2019-06-09 21:19:47,10.0,1.75 G
2019-06-09 21:19:49,6.0,1.75 G
2019-06-09 21:19:51,9.0,1.75 G
2019-06-09 21:19:53,8.0,1.75 G
2019-06-09 21:19:55,10.0,1.75 G
2019-06-09 21:19:57,8.0,1.75 G
2019-06-09 21:19:59,7.0,1.75 G
2019-06-09 21:20:01,1.0,1.75 G
2019-06-09 21:20:03,7.0,1.75 G
2019-06-09 21:20:05,8.0,1.75 G
2019-06-09 21:20:07,6.0,1.75 G
2019-06-09 21:20:09,7.0,1.75 G
2019-06-09 21:20:11,3.0,1.75 G
2019-06-09 21:20:13,9.0,1.75 G
2019-06-09 21:20:15,8.0,1.75 G
2019-06-09 21:20:17,7.0,1.75 G
2019-06-09 21:20:19,8.0,1.75 G
2019-06-09 21:20:21,8.0,1.75 G
2019-06-09 21:20:23,9.0,1.75 G
2019-06-09 21:20:25,9.0,1.75 G
2019-06-09 21:20:27,7.0,1.75 G
2019-06-09 21:20:29,4.0,1.75 G
2019-06-09 21:20:31,4.0,1.75 G
2019-06-09 21:20:33,5.0,1.75 G
2019-06-09 21:20:35,9.0,1.75 G
2019-06-09 21:20:37,9.0,1.75 G
2019-06-09 21:20:39,7.0,1.75 G
2019-06-09 21:20:41,4.0,1.75 G
2019-06-09 21:20:43,7.0,1.75 G
2019-06-09 21:20:45,7.0,1.75 G
2019-06-09 21:20:47,2.0,1.75 G
2019-06-09 21:20:49,3.0,1.75 G
2019-06-09 21:20:51,1.0,1.75 G
2019-06-09 21:20:53,6.0,1.75 G
2019-06-09 21:20:56,7.0,1.75 G
2019-06-09 21:20:58,7.0,1.75 G
2019-06-09 21:21:00,7.0,1.75 G
2019-06-09 21:21:02,7.0,1.75 G
2019-06-09 21:21:04,8.0,1.75 G
2019-06-09 21:21:06,7.0,1.75 G
2019-06-09 21:21:08,8.0,1.75 G
2019-06-09 21:21:10,6.0,1.75 G
2019-06-09 21:21:12,8.0,1.75 G
2019-06-09 21:21:14,5.0,1.75 G
2019-06-09 21:21:16,7.0,1.75 G
2019-06-09 21:21:18,8.0,1.75 G
2019-06-09 21:21:20,8.0,1.75 G
2019-06-09 21:21:22,7.0,1.75 G
2019-06-09 21:21:24,9.0,1.75 G
2019-06-09 21:21:26,8.0,1.75 G
2019-06-09 21:21:28,6.0,1.75 G
2019-06-09 21:21:30,7.0,1.75 G
2019-06-09 21:21:32,5.0,1.75 G
2019-06-09 21:21:34,9.0,1.75 G
2019-06-09 21:21:36,7.0,1.75 G
2019-06-09 21:21:38,8.0,1.75 G
2019-06-09 21:21:40,9.0,1.75 G
2019-06-09 21:21:42,8.0,1.75 G
2019-06-09 21:21:44,6.0,1.75 G
2019-06-09 21:21:46,7.0,1.75 G
2019-06-09 21:21:48,7.0,1.75 G
2019-06-09 21:21:50,8.0,1.75 G
2019-06-09 21:21:52,8.0,1.75 G
2019-06-09 21:21:54,9.0,1.75 G
2019-06-09 21:21:56,9.0,1.75 G
2019-06-09 21:21:58,7.0,1.75 G
2019-06-09 21:22:00,6.0,1.75 G
2019-06-09 21:22:02,41.9,1.76 G
2019-06-09 21:22:04,5.0,1.76 G
2019-06-09 21:22:06,4.0,1.76 G
2019-06-09 21:22:08,5.0,1.76 G
2019-06-09 21:22:10,7.0,1.76 G
2019-06-09 21:22:12,1.0,1.76 G
2019-06-09 21:22:14,6.0,1.76 G
2019-06-09 21:22:16,6.0,1.76 G
2019-06-09 21:22:18,3.0,1.76 G
2019-06-09 21:22:20,5.0,1.76 G
2019-06-09 21:22:22,5.0,1.77 G
2019-06-09 21:22:24,5.0,1.77 G
2019-06-09 21:22:26,6.0,1.77 G
2019-06-09 21:22:28,7.0,1.77 G
2019-06-09 21:22:30,7.0,1.77 G
2019-06-09 21:22:32,4.0,1.77 G
2019-06-09 21:22:34,5.0,1.77 G
2019-06-09 21:22:36,5.0,1.77 G
2019-06-09 21:22:38,8.0,1.77 G
2019-06-09 21:22:40,4.0,1.77 G
2019-06-09 21:22:42,6.0,1.77 G
2019-06-09 21:22:44,6.0,1.77 G
2019-06-09 21:22:46,7.0,1.77 G
2019-06-09 21:22:48,7.0,1.77 G
2019-06-09 21:22:50,8.0,1.77 G
2019-06-09 21:22:52,9.0,1.77 G
2019-06-09 21:22:54,5.0,1.77 G
2019-06-09 21:22:56,3.0,1.77 G
2019-06-09 21:22:58,6.0,1.77 G
2019-06-09 21:23:00,5.0,1.77 G
2019-06-09 21:23:02,25.0,1.77 G
2019-06-09 21:23:04,7.0,1.77 G
2019-06-09 21:23:06,4.0,1.77 G
2019-06-09 21:23:08,6.0,1.77 G
2019-06-09 21:23:10,6.0,1.77 G
2019-06-09 21:23:12,7.0,1.77 G
2019-06-09 21:23:14,7.0,1.77 G
2019-06-09 21:23:16,8.0,1.77 G
2019-06-09 21:23:18,6.0,1.77 G
2019-06-09 21:23:20,6.0,1.77 G
2019-06-09 21:23:22,8.0,1.77 G
2019-06-09 21:23:24,6.0,1.77 G
2019-06-09 21:23:26,7.0,1.78 G
2019-06-09 21:23:28,5.0,1.78 G
2019-06-09 21:23:30,6.0,1.78 G
2019-06-09 21:23:32,6.0,1.78 G
2019-06-09 21:23:34,7.0,1.78 G
2019-06-09 21:23:36,7.0,1.78 G
2019-06-09 21:23:38,7.0,1.78 G
2019-06-09 21:23:41,10.0,1.78 G
2019-06-09 21:23:43,12.0,1.78 G
2019-06-09 21:23:45,12.0,1.78 G
2019-06-09 21:23:47,10.0,1.78 G
2019-06-09 21:23:49,14.0,1.78 G
2019-06-09 21:23:51,21.0,1.78 G
2019-06-09 21:23:53,28.0,1.78 G
2019-06-09 21:23:55,35.0,1.78 G
2019-06-09 21:23:57,34.0,1.78 G
2019-06-09 21:23:59,40.0,1.78 G
2019-06-09 21:24:01,32.0,1.78 G
2019-06-09 21:24:03,40.0,1.78 G
2019-06-09 21:24:05,39.0,1.84 G
2019-06-09 21:24:07,62.0,1.84 G
2019-06-09 21:24:09,765.5,1.84 G
2019-06-09 21:24:11,740.5,1.83 G
2019-06-09 21:24:13,766.5,1.80 G
2019-06-09 21:24:15,760.7,1.78 G
2019-06-09 21:24:17,759.2,1.78 G
2019-06-09 21:24:19,403.6,1.76 G
2019-06-09 21:24:21,5.0,1.76 G
2019-06-09 21:24:23,8.0,1.76 G
2019-06-09 21:24:25,7.0,1.76 G
2019-06-09 21:24:27,8.0,1.76 G
2019-06-09 21:24:29,8.0,1.76 G
2019-06-09 21:24:31,5.0,1.76 G
2019-06-09 21:24:33,8.0,1.76 G
2019-06-09 21:24:35,10.0,1.76 G
2019-06-09 21:24:37,8.0,1.76 G
2019-06-09 21:24:39,5.0,1.76 G
2019-06-09 21:24:41,6.0,1.76 G
2019-06-09 21:24:43,5.0,1.76 G
2019-06-09 21:24:45,8.0,1.76 G
2019-06-09 21:24:47,7.0,1.76 G
2019-06-09 21:24:49,8.0,1.76 G
2019-06-09 21:24:51,8.0,1.76 G
2019-06-09 21:24:53,7.0,1.76 G
2019-06-09 21:24:55,5.0,1.76 G
2019-06-09 21:24:57,5.0,1.76 G
2019-06-09 21:24:59,6.0,1.76 G
2019-06-09 21:25:01,751.5,1.82 G
2019-06-09 21:25:03,755.5,1.82 G
2019-06-09 21:25:05,764.5,1.81 G
2019-06-09 21:25:07,764.6,1.80 G
2019-06-09 21:25:09,764.4,1.76 G
2019-06-09 21:25:11,359.6,1.76 G
2019-06-09 21:25:13,5.0,1.76 G
2019-06-09 21:25:15,7.0,1.76 G
2019-06-09 21:25:17,5.0,1.76 G
2019-06-09 21:25:19,9.0,1.76 G
2019-06-09 21:25:21,7.0,1.76 G
2019-06-09 21:25:23,10.0,1.76 G
2019-06-09 21:25:25,8.0,1.76 G
2019-06-09 21:25:27,8.0,1.76 G
2019-06-09 21:25:29,9.0,1.76 G
2019-06-09 21:25:31,9.0,1.76 G
2019-06-09 21:25:33,10.0,1.76 G
2019-06-09 21:25:35,9.0,1.76 G
2019-06-09 21:25:37,6.0,1.76 G
2019-06-09 21:25:39,6.0,1.76 G
2019-06-09 21:25:41,5.0,1.76 G
2019-06-09 21:25:43,757.7,1.75 G
2019-06-09 21:25:45,756.4,1.75 G
2019-06-09 21:25:47,761.5,1.75 G
2019-06-09 21:25:49,12.0,1.74 G
2019-06-09 21:25:51,766.6,1.74 G
2019-06-09 21:25:53,764.6,1.74 G
2019-06-09 21:25:55,293.8,1.74 G
2019-06-09 21:25:57,3.0,1.74 G
2019-06-09 21:25:59,7.0,1.74 G
2019-06-09 21:26:01,10.0,1.74 G
2019-06-09 21:26:03,9.0,1.74 G
2019-06-09 21:26:05,9.0,1.74 G
2019-06-09 21:26:07,6.0,1.74 G
2019-06-09 21:26:09,10.0,1.74 G
2019-06-09 21:26:11,5.0,1.74 G
2019-06-09 21:26:13,6.0,1.74 G
2019-06-09 21:26:15,7.0,1.74 G
2019-06-09 21:26:17,9.0,1.74 G
2019-06-09 21:26:20,7.0,1.74 G
2019-06-09 21:26:22,8.0,1.74 G
2019-06-09 21:26:24,6.0,1.74 G
2019-06-09 21:26:26,6.0,1.74 G
2019-06-09 21:26:28,6.0,1.74 G
2019-06-09 21:26:30,8.0,1.74 G
2019-06-09 21:26:32,6.0,1.74 G
2019-06-09 21:26:34,7.0,1.74 G
2019-06-09 21:26:36,7.0,1.74 G
2019-06-09 21:26:38,3.0,1.74 G
2019-06-09 21:26:40,9.0,1.74 G
2019-06-09 21:26:42,3.0,1.74 G
2019-06-09 21:26:44,4.0,1.74 G
2019-06-09 21:26:46,7.0,1.74 G
2019-06-09 21:26:48,8.0,1.74 G
2019-06-09 21:26:50,7.0,1.74 G
2019-06-09 21:26:52,8.0,1.74 G
2019-06-09 21:26:54,4.0,1.74 G
2019-06-09 21:26:56,6.0,1.74 G
2019-06-09 21:26:58,7.0,1.74 G
2019-06-09 21:27:00,7.0,1.74 G
2019-06-09 21:27:02,8.0,1.74 G
2019-06-09 21:27:04,9.0,1.74 G
2019-06-09 21:27:06,7.0,1.74 G
2019-06-09 21:27:08,8.0,1.74 G
2019-06-09 21:27:10,421.8,1.76 G
2019-06-09 21:27:12,756.5,1.75 G
2019-06-09 21:27:14,766.4,1.75 G
2019-06-09 21:27:16,763.5,1.75 G
2019-06-09 21:27:18,760.5,1.75 G
2019-06-09 21:27:20,756.5,1.75 G
2019-06-09 21:27:22,4.0,1.74 G
2019-06-09 21:27:24,6.0,1.74 G
2019-06-09 21:27:26,9.0,1.74 G
2019-06-09 21:27:28,8.0,1.74 G
2019-06-09 21:27:30,6.0,1.74 G
2019-06-09 21:27:32,5.0,1.74 G
2019-06-09 21:27:34,5.0,1.74 G
2019-06-09 21:27:36,7.0,1.74 G
2019-06-09 21:27:38,567.7,1.76 G
2019-06-09 21:27:40,763.5,1.76 G
2019-06-09 21:27:42,758.5,1.75 G
2019-06-09 21:27:44,11.0,1.74 G
2019-06-09 21:27:46,8.0,1.74 G
2019-06-09 21:27:48,9.0,1.74 G
2019-06-09 21:27:50,8.0,1.74 G
2019-06-09 21:27:52,7.0,1.74 G
2019-06-09 21:27:54,5.0,1.74 G
2019-06-09 21:27:56,8.0,1.74 G
2019-06-09 21:27:58,7.0,1.74 G
2019-06-09 21:28:00,8.0,1.74 G
2019-06-09 21:28:02,6.0,1.74 G
2019-06-09 21:28:04,8.0,1.74 G
2019-06-09 21:28:06,7.0,1.74 G
2019-06-09 21:28:08,8.0,1.74 G
2019-06-09 21:28:10,7.0,1.74 G
2019-06-09 21:28:12,3.0,1.74 G
2019-06-09 21:28:14,6.0,1.74 G
2019-06-09 21:28:16,8.0,1.74 G
2019-06-09 21:28:18,40.9,1.75 G
2019-06-09 21:28:20,44.0,1.75 G
2019-06-09 21:28:22,50.0,1.76 G
2019-06-09 21:28:24,61.9,1.76 G
2019-06-09 21:28:26,37.0,1.76 G
2019-06-09 21:28:28,45.9,1.77 G
2019-06-09 21:28:30,44.9,1.77 G
2019-06-09 21:28:32,549.9,1.78 G
2019-06-09 21:28:34,765.4,1.78 G
2019-06-09 21:28:36,756.4,1.78 G
2019-06-09 21:28:38,758.5,1.78 G
2019-06-09 21:28:40,759.3,1.77 G
2019-06-09 21:28:42,764.5,1.76 G
2019-06-09 21:28:44,3.0,1.74 G
2019-06-09 21:28:46,7.0,1.74 G
2019-06-09 21:28:48,9.0,1.74 G
2019-06-09 21:28:50,7.0,1.74 G
2019-06-09 21:28:52,7.0,1.74 G
2019-06-09 21:28:54,9.0,1.74 G
2019-06-09 21:28:56,3.0,1.74 G
2019-06-09 21:28:58,8.0,1.74 G
2019-06-09 21:29:00,8.0,1.74 G
2019-06-09 21:29:02,5.0,1.74 G
2019-06-09 21:29:04,28.0,1.74 G
2019-06-09 21:29:06,39.0,1.74 G
2019-06-09 21:29:08,39.0,1.74 G
2019-06-09 21:29:10,36.0,1.74 G
2019-06-09 21:29:12,69.9,1.75 G
2019-06-09 21:29:14,34.0,1.75 G
2019-06-09 21:29:17,34.0,1.75 G
2019-06-09 21:29:19,43.0,1.75 G
2019-06-09 21:29:21,44.9,1.75 G
2019-06-09 21:29:23,44.9,1.77 G
2019-06-09 21:29:25,36.0,1.77 G
2019-06-09 21:29:27,33.0,1.77 G
2019-06-09 21:29:29,41.0,1.77 G
2019-06-09 21:29:31,42.9,1.80 G
2019-06-09 21:29:33,38.0,1.80 G
2019-06-09 21:29:35,41.0,1.80 G
2019-06-09 21:29:37,47.9,1.80 G
2019-06-09 21:29:39,26.0,1.83 G
2019-06-09 21:29:41,8.0,1.83 G
2019-06-09 21:29:43,3.0,1.83 G
2019-06-09 21:29:45,5.0,1.83 G
2019-06-09 21:29:47,7.0,1.83 G
2019-06-09 21:29:49,8.0,1.83 G
2019-06-09 21:29:51,8.0,1.83 G
2019-06-09 21:29:53,7.0,1.83 G
2019-06-09 21:29:55,5.0,1.83 G
2019-06-09 21:29:57,32.0,1.83 G
2019-06-09 21:29:59,35.0,1.83 G
2019-06-09 21:30:01,54.0,1.83 G
2019-06-09 21:30:03,35.0,1.83 G
2019-06-09 21:30:05,32.0,1.83 G
2019-06-09 21:30:07,37.0,1.83 G
2019-06-09 21:30:09,34.0,1.83 G
2019-06-09 21:30:11,58.9,1.85 G
2019-06-09 21:30:13,32.0,1.85 G
2019-06-09 21:30:15,39.0,1.85 G
2019-06-09 21:30:17,19.0,1.85 G
2019-06-09 21:30:19,4.0,1.85 G
2019-06-09 21:30:21,5.0,1.85 G
2019-06-09 21:30:23,4.0,1.85 G
2019-06-09 21:30:25,4.0,1.85 G
2019-06-09 21:30:27,5.0,1.85 G
2019-06-09 21:30:29,3.0,1.85 G
2019-06-09 21:30:31,5.0,1.85 G
2019-06-09 21:30:33,23.0,1.85 G
2019-06-09 21:30:35,26.0,1.85 G
2019-06-09 21:30:37,32.0,1.85 G
2019-06-09 21:30:39,29.0,1.85 G
2019-06-09 21:30:41,33.0,1.85 G
2019-06-09 21:30:43,33.0,1.85 G
2019-06-09 21:30:45,37.0,1.87 G
2019-06-09 21:30:47,38.0,1.87 G
2019-06-09 21:30:49,36.0,1.87 G
2019-06-09 21:30:51,40.9,1.87 G
2019-06-09 21:30:53,52.9,1.87 G
2019-06-09 21:30:55,35.0,1.87 G
2019-06-09 21:30:57,36.0,1.87 G
2019-06-09 21:30:59,38.0,1.87 G
2019-06-09 21:31:01,37.0,1.87 G
2019-06-09 21:31:03,39.0,1.88 G
2019-06-09 21:31:05,34.0,1.88 G
2019-06-09 21:31:07,34.0,1.88 G
2019-06-09 21:31:09,41.0,1.88 G
2019-06-09 21:31:11,36.0,1.88 G
2019-06-09 21:31:13,38.0,1.88 G
2019-06-09 21:31:15,34.0,1.88 G
2019-06-09 21:31:17,38.0,1.88 G
2019-06-09 21:31:19,34.0,1.88 G
2019-06-09 21:31:21,31.0,1.89 G
2019-06-09 21:31:23,35.0,1.89 G
2019-06-09 21:31:25,34.0,1.89 G
2019-06-09 21:31:27,35.0,1.89 G
2019-06-09 21:31:29,66.9,1.89 G
2019-06-09 21:31:31,42.0,1.89 G
2019-06-09 21:31:33,33.0,1.89 G
2019-06-09 21:31:35,33.0,1.89 G
2019-06-09 21:31:37,49.9,1.90 G
2019-06-09 21:31:39,35.0,1.90 G
2019-06-09 21:31:41,34.0,1.90 G
2019-06-09 21:31:43,28.0,1.90 G
2019-06-09 21:31:45,36.0,1.90 G
2019-06-09 21:31:47,34.0,1.90 G
2019-06-09 21:31:49,36.0,1.90 G
2019-06-09 21:31:51,7.0,1.90 G
2019-06-09 21:31:53,6.0,1.90 G
2019-06-09 21:31:55,4.0,1.90 G
2019-06-09 21:31:57,4.0,1.90 G
2019-06-09 21:31:59,3.0,1.90 G
2019-06-09 21:32:01,6.0,1.90 G
2019-06-09 21:32:03,6.0,1.90 G
2019-06-09 21:32:05,5.0,1.90 G
2019-06-09 21:32:07,6.0,1.90 G
2019-06-09 21:32:09,9.0,1.90 G
2019-06-09 21:32:11,29.0,1.90 G
2019-06-09 21:32:14,35.0,1.90 G
2019-06-09 21:32:16,37.0,1.90 G
2019-06-09 21:32:18,39.0,1.90 G
2019-06-09 21:32:20,35.0,1.90 G
2019-06-09 21:32:22,34.0,1.90 G
2019-06-09 21:32:24,36.0,1.90 G
2019-06-09 21:32:26,51.9,1.90 G
2019-06-09 21:32:28,33.0,1.90 G
2019-06-09 21:32:30,36.0,1.90 G
2019-06-09 21:32:32,38.0,1.90 G
2019-06-09 21:32:34,40.0,1.90 G
2019-06-09 21:32:36,55.9,1.90 G
2019-06-09 21:32:38,35.0,1.90 G
2019-06-09 21:32:40,38.0,1.90 G
2019-06-09 21:32:42,34.0,1.90 G
2019-06-09 21:32:44,38.0,1.90 G
2019-06-09 21:32:46,38.0,1.90 G
2019-06-09 21:32:48,38.0,1.90 G
2019-06-09 21:32:50,39.0,1.90 G
2019-06-09 21:32:52,41.9,1.90 G
2019-06-09 21:32:54,35.0,1.90 G
2019-06-09 21:32:56,33.0,1.90 G
2019-06-09 21:32:58,42.0,1.90 G
2019-06-09 21:33:00,35.0,1.90 G
2019-06-09 21:33:02,37.0,1.90 G
2019-06-09 21:33:04,43.0,1.90 G
2019-06-09 21:33:06,41.0,1.90 G
2019-06-09 21:33:08,38.0,1.90 G
2019-06-09 21:33:10,35.0,1.90 G
2019-06-09 21:33:12,10.0,1.90 G
2019-06-09 21:33:14,5.0,1.90 G
2019-06-09 21:33:16,10.0,1.90 G
2019-06-09 21:33:18,32.0,1.90 G
2019-06-09 21:33:20,30.0,1.90 G
2019-06-09 21:33:22,14.0,1.90 G
2019-06-09 21:33:24,5.0,1.90 G
2019-06-09 21:33:26,7.0,1.90 G
2019-06-09 21:33:28,7.0,1.90 G
2019-06-09 21:33:30,21.0,1.90 G
2019-06-09 21:33:32,37.0,1.90 G
2019-06-09 21:33:34,29.0,1.90 G
2019-06-09 21:33:36,26.0,1.90 G
2019-06-09 21:33:38,25.0,1.90 G
2019-06-09 21:33:40,38.0,1.90 G
2019-06-09 21:33:42,39.0,1.90 G
2019-06-09 21:33:44,35.0,1.90 G
2019-06-09 21:33:46,21.0,1.90 G
2019-06-09 21:33:48,29.0,1.90 G
2019-06-09 21:33:50,40.9,1.90 G
2019-06-09 21:33:52,34.0,1.90 G
2019-06-09 21:33:54,22.0,1.90 G
2019-06-09 21:33:56,29.0,1.90 G
2019-06-09 21:33:58,377.9,1.90 G
2019-06-09 21:34:00,765.6,1.90 G
2019-06-09 21:34:02,755.9,1.90 G
2019-06-09 21:34:04,353.6,1.89 G
2019-06-09 21:34:06,8.0,1.89 G
2019-06-09 21:34:08,9.0,1.89 G
2019-06-09 21:34:10,8.0,1.89 G
2019-06-09 21:34:12,759.4,1.90 G
2019-06-09 21:34:14,763.5,1.88 G
2019-06-09 21:34:16,755.5,1.86 G
2019-06-09 21:34:18,7.0,1.86 G
2019-06-09 21:34:20,6.0,1.86 G
2019-06-09 21:34:22,8.0,1.86 G
2019-06-09 21:34:24,8.0,1.86 G
2019-06-09 21:34:26,7.0,1.86 G
2019-06-09 21:34:28,8.0,1.86 G
2019-06-09 21:34:30,8.0,1.86 G
2019-06-09 21:34:32,8.0,1.86 G
2019-06-09 21:34:34,4.0,1.86 G
2019-06-09 21:34:36,4.0,1.86 G
2019-06-09 21:34:38,8.0,1.86 G
2019-06-09 21:34:40,8.0,1.86 G
2019-06-09 21:34:42,95.9,1.86 G
2019-06-09 21:34:44,756.5,1.84 G
2019-06-09 21:34:46,756.5,1.83 G
2019-06-09 21:34:48,235.7,1.82 G
2019-06-09 21:34:50,5.0,1.82 G
2019-06-09 21:34:52,5.0,1.82 G
2019-06-09 21:34:54,8.0,1.82 G
2019-06-09 21:34:56,7.0,1.82 G
2019-06-09 21:34:58,8.0,1.82 G
2019-06-09 21:35:00,4.0,1.82 G
2019-06-09 21:35:02,8.0,1.82 G
2019-06-09 21:35:04,8.0,1.82 G
2019-06-09 21:35:06,8.0,1.82 G
2019-06-09 21:35:09,8.0,1.82 G
2019-06-09 21:35:11,9.0,1.82 G
2019-06-09 21:35:13,8.0,1.82 G
2019-06-09 21:35:15,6.0,1.82 G
2019-06-09 21:35:17,153.9,1.82 G
2019-06-09 21:35:19,756.3,1.82 G
2019-06-09 21:35:21,756.5,1.81 G
2019-06-09 21:35:23,127.9,1.81 G
2019-06-09 21:35:25,9.0,1.81 G
2019-06-09 21:35:27,6.0,1.81 G
2019-06-09 21:35:29,5.0,1.81 G
2019-06-09 21:35:31,8.0,1.81 G
2019-06-09 21:35:33,8.0,1.81 G
2019-06-09 21:35:35,9.0,1.81 G
2019-06-09 21:35:37,8.0,1.81 G
2019-06-09 21:35:39,9.0,1.81 G
2019-06-09 21:35:41,8.0,1.81 G
2019-06-09 21:35:43,8.0,1.81 G
2019-06-09 21:35:45,8.0,1.81 G
2019-06-09 21:35:47,8.0,1.81 G
2019-06-09 21:35:49,393.8,1.81 G
2019-06-09 21:35:51,756.5,1.81 G
2019-06-09 21:35:53,757.5,1.81 G
